<?xml version="1.0" encoding="UTF-8"?>
<meta-runner name="Update image tag in manifest File ">
  <description>Deploy to K8S Context with parameters</description>
  <settings>
    <parameters>
      <param name="caas.manifestfile" value="" spec="text display='normal' label='manifest filename' description='Provide manifestfile where image tag will be updated'" />
      <param name="caas.harbor_repositories" value="" spec="text display='normal' label='Harbor repository/repositories' description='Multiple repositories should be provided comma seperated corresponding to images tags'" />
      <param name="caas.docker_image_tag" value="" spec="text display='normal' label='Docker image tag/tags' description='Multiple image tages should be provided comma  seperated corresponding to repositories'" />
    </parameters>
    <build-runners>
      <runner name="Updatetag" type="simpleRunner">
        <parameters>
          <param name="org.jfrog.artifactory.selectedDeployableServer.downloadSpecSource" value="Job configuration" />
          <param name="org.jfrog.artifactory.selectedDeployableServer.uploadSpecSource" value="Job configuration" />
          <param name="org.jfrog.artifactory.selectedDeployableServer.useSpecs" value="false" />
          <param name="teamcity.step.mode" value="default" />
          <param name="use.custom.script" value="true" />
          <param name="script.mode" value="CODE" />
          <param name="script.content">#set -x
#########################################################################################################
#                       Update image tag in Deployment File                                              #
#                       Author: Akshay kumar                                                            #
#                       Date: March  2, 2021                                                            #
#########################################################################################################

newtag=%caas.docker_image_tag%
repo=%caas.harbor_repositories%            
manifestfile=%caas.manifestfile%
touch /tmp/bulkimagetagupdate.txt
#permissions required for the script
chmod 777 /tmp/bulkimagetagupdate.txt 

echo $newtag&gt;/tmp/bulkimagetagupdate.txt
imagetagarr=( $(awk -F'[, ]' '{for(i=1;i&lt;=NF;i++){print $i}}' /tmp/bulkimagetagupdate.txt) )
            

touch /tmp/bulkrepositoryupdate.txt 
#permissions required for the script
chmod 777 /tmp/bulkrepositoryupdate.txt 

echo $repo&gt;/tmp/bulkrepositoryupdate.txt
repoarr=( $(awk -F'[, ]' '{for(i=1;i&lt;=NF;i++){print $i}}' /tmp/bulkrepositoryupdate.txt) )
            
         
 
if [ "${#imagetagarr[@]}" == "${#repoarr[@]}" ];
then  
           
    for repo in "${!repoarr[@]}";
    do
 
    	oldtag=$(cat %caas.manifestfile% | grep -i ${repoarr[$repo]}| grep -i image | awk -F: '{print $3}')
        #updating new image tag
        sed -i 's/'$oldtag'/'"${imagetagarr[$repo]}"'/g' $manifestfile
		flag=$?
		if [ "$flag" == "0" ];
   		then
    		echo "Image Tag has been updated successfully from $oldtag to "${imagetagarr[$repo]}" for "${repoarr[$repo]}" in Deployment file"
            
    		
    	else
    		echo "Image tag updatation failed in Deployment file"
            rm /tmp/bulkrepositoryupdate.txt /tmp/bulkimagetagupdate.txt
    		exit 1
        fi
    done  
rm /tmp/bulkrepositoryupdate.txt /tmp/bulkimagetagupdate.txt
else
	echo "PLease update repositories and corresponding image tag correctly"   
    rm /tmp/bulkrepositoryupdate.txt /tmp/bulkimagetagupdate.txt
    exit 1        
            fi</param>
        </parameters>
      </runner>
    </build-runners>
    <requirements />
  </settings>
</meta-runner>
