﻿DSP Roleset, Crowd Group, DSP Applications
aml-v5, aml-v5-project-managers," ""AML V5"";"
aml-v5, aml-v5-testers," ""AML V5"";"
aml-v5, aml-v5-users," ""AML V5"";"
ats-prism, ats-prism-developers," ""ATS"";""ATS Prism"";"
banktrade, banktrade-administrators," ""BankTrade (Europe)"";"
banktrade, banktrade-project-managers," ""BankTrade (Europe)"";"
better-off-pfm, better-off-pfm-testers," ""better-off-pfm"";"
caf, caf-administrators," ""SAF (Global)"";"
caf, caf-developers," ""SAF (Global)"";"
caf, caf-users," ""SAF (Global)"";"
cb-core-charges-group1, cb-core-charges-group1-developers," ""Core Charges"";"
cbis, cbis-administrators," ""SAS Grid Shared Services (EDINBURGH)"";"
cbis-cid, cbis-cid-developers," ""CID Non-SOX (London)"";"
cbis, cbis-developers," ""SAS Grid Shared Services (EDINBURGH)"";"
cbis, cbis-users," ""SAS Grid Shared Services (EDINBURGH)"";"
centralised-pricing, centralised-pricing-administrators," ""CP Core (LONDON)"";""FI Desktop - Platform"";"
centralised-pricing, centralised-pricing-developers," ""CP Core (LONDON)"";""FI Desktop - Platform"";"
centralised-pricing, centralised-pricing-testers," ""CP Core (LONDON)"";""FI Desktop - Platform"";"
centralised-pricing, centralised-pricing-users," ""CP Core (LONDON)"";""FI Desktop - Platform"";"
cets-referencemaster, cets-referencemaster-developers," ""ReferenceMaster (London)"";"
client-mgt-system, client-mgt-system-administrators," ""PBB-Client Management system"";"
client-mgt-system, client-mgt-system-developers," ""PBB-Client Management system"";"
client-mgt-system, client-mgt-system-project-managers," ""PBB-Client Management system"";"
cpb-access-direct, cpb-access-direct-project-managers," ""Access Direct (Global)"";"
cpb-access-direct, cpb-access-direct-testers," ""Access Direct (Global)"";"
cpb-ds, cpb-ds-users," ""CPB D&A Data Science"";"
cpb-ppu, cpb-ppu-administrators," ""Pitchbook & Presentations Unit"";"
credit-model, credit-model-administrators," ""Credit Model Risk"";"
credit-model, credit-model-developers," ""Credit Model Risk"";"
credit-model, credit-model-project-managers," ""Credit Model Risk"";"
crs-ta, crs-ta-developers," ""Credit Risk Stress Testing Analytics"";"
crs-ta, crs-ta-project-managers," ""Credit Risk Stress Testing Analytics"";"
crs-ta, crs-ta-users," ""Credit Risk Stress Testing Analytics"";"
ctom, ctom-administrators," ""Cloud Target Operating Model"";"
ctom, ctom-developers," ""Cloud Target Operating Model"";"
da-innovation, da-innovation-administrators," ""Data & Analytics Innovation Group"";"
da-innovation, da-innovation-developers," ""Data & Analytics Innovation Group"";"
dat, dat-developers," ""Deployment Automation Tool (DAT)"";"
dbengineering, dbengineering-project-managers," ""Platform Engineering (LONDON)"";"
des-ecm, des-ecm-testers," ""DES ECM"";"
diwg, diwg-testers," ""Data Infrastructure Working Group"";"
dsp-fixtest, dsp-fixtest-administrators," ""TEST RISHU"";"
dsp-fixtest, dsp-fixtest-developers," ""TEST RISHU"";"
dts, dts-administrators," ""DTS (LONDON)"";""EDC Test"";"
dts, dts-developers," ""DTS (LONDON)"";""EDC Test"";"
eb-smb, eb-smb-administrators," ""Social Media Banking"";"
ecomm-infra, ecomm-infra-project-managers, 
eep, eep-administrators," ""Enterprise Engineer Programme"";"
eep, eep-developers," ""Enterprise Engineer Programme"";"
emm, emm-administrators," ""CASEWISE Tool (LONDON)"";"
enterprise-data-hub, enterprise-data-hub-developers," ""Technology Services - Enterprise Data Hub"";"
enterprisewide-onboarding, enterprisewide-onboarding-developers," ""Corporate - Account Opening (Global)"";"
ewr, ewr-administrators," ""Enterprise Wide Risk"";"
ewr, ewr-developers," ""Enterprise Wide Risk"";"
ewr-rcm, ewr-rcm-administrators," ""EWR Retail Capital Models"";"
ewr-rcm, ewr-rcm-developers," ""EWR Retail Capital Models"";"
ewr-rcm, ewr-rcm-project-managers," ""EWR Retail Capital Models"";"
fidplat, fidplat-administrators," ""FI Desktop - Platform"";"
fidplat, fidplat-developers," ""FI Desktop - Platform"";"
fidplat, fidplat-project-managers," ""FI Desktop - Platform"";"
fidplat-tc, fidplat-tc-administrators, 
fidplat-tc, fidplat-tc-developers, 
fidplat, fidplat-testers," ""FI Desktop - Platform"";"
fidplat, fidplat-users," ""FI Desktop - Platform"";"
fin-risk-anal, fin-risk-anal-administrators," ""Financial Risk and Analytics"";"
fin-risk-anal, fin-risk-anal-developers," ""Financial Risk and Analytics"";"
fin-risk-anal, fin-risk-anal-project-managers," ""Financial Risk and Analytics"";"
fin-risk-anal, fin-risk-anal-testers," ""Financial Risk and Analytics"";"
fin-risk-anal, fin-risk-anal-users," ""Financial Risk and Analytics"";"
fin-risk-analytics, fin-risk-analytics-administrators," ""Financial Risk & Analytics"";"
fin-risk-analytics, fin-risk-analytics-developers," ""Financial Risk & Analytics"";"
fin-risk-analytics, fin-risk-analytics-users," ""Financial Risk & Analytics"";"
fin-tech, fin-tech-administrators," ""GBM FT - Clarity Multi Ledger (LONDON)"";""GBM FT - PlanIT"";""GBM FT - SGL (LONDON)"";""GBM FT - Time Tracker"";""HERA - Harmonised European Reporting Application (Global)"";"
fin-tech, fin-tech-developers," ""GBM FT - Clarity Multi Ledger (LONDON)"";""GBM FT - PlanIT"";""GBM FT - SGL (LONDON)"";""GBM FT - Time Tracker"";""HERA - Harmonised European Reporting Application (Global)"";"
fire, fire-administrators," ""Fire (LONDON)"";"
fire, fire-developers," ""Fire (LONDON)"";"
fire, fire-testers," ""Fire (LONDON)"";"
foundry, foundry-administrators," ""Foundry (LONDON)"";"
foundry, foundry-developers," ""Foundry (LONDON)"";"
foundry, foundry-users," ""Foundry (LONDON)"";"
fra-irb, fra-irb-administrators," ""Wholesale IRB Modelling"";"
fra-irb, fra-irb-developers," ""Wholesale IRB Modelling"";"
fra-irb, fra-irb-project-managers," ""Wholesale IRB Modelling"";"
frontier, frontier-administrators," ""Frontier"";"
frontier, frontier-developers," ""Frontier"";"
front-officebi, front-officebi-testers," ""S-Mart Suite (LONDON)"";"
fsl, fsl-administrators," ""FI Desktop â€“ Flow Sales"";"
fsl, fsl-developers," ""FI Desktop â€“ Flow Sales"";"
fsl, fsl-project-managers," ""FI Desktop â€“ Flow Sales"";"
futures, futures-administrators," ""Currencies & Futures Tech"";"
futures, futures-developers," ""Currencies & Futures Tech"";"
futures, futures-project-managers," ""Currencies & Futures Tech"";"
futures, futures-testers," ""Currencies & Futures Tech"";"
futures, futures-users," ""Currencies & Futures Tech"";"
fx, fx-administrators," ""Currencies & Futures Tech"";"
fx-algo, fx-algo-administrators," ""Currencies & Futures Tech"";"
fx-algo, fx-algo-developers," ""Currencies & Futures Tech"";"
fx, fx-developers," ""Currencies & Futures Tech"";"
fx, fx-project-managers," ""Currencies & Futures Tech"";"
fx, fx-testers," ""Currencies & Futures Tech"";"
fx, fx-users," ""Currencies & Futures Tech"";"
gmh, gmh-developers," ""GLOBAL MESSAGING HUB (GMH) (Global)"";"
hr-projects-processes, hr-projects-processes-developers," ""Pay & Awards Delivery - HR Projects & Processes"";"
hr-projects-processes, hr-projects-processes-users," ""Pay & Awards Delivery - HR Projects & Processes"";"
ich-ciq, ich-ciq-administrators," ""Image Capture Hub"";"
ich-ciq, ich-ciq-developers," ""Image Capture Hub"";"
ich-ciq, ich-ciq-testers," ""Image Capture Hub"";"
ich-ciq, ich-ciq-users," ""Image Capture Hub"";"
ignite, ignite-developers," ""CIB-Ignite"";""Ignite (LONDON)"";"
internal-opensource, internal-opensource-users, 
it-ops-app, it-ops-app-administrators," ""IT Operations Application Support"";"
it-ops-app, it-ops-app-developers," ""IT Operations Application Support"";"
it-ops-app, it-ops-app-project-managers," ""IT Operations Application Support"";"
it-ops-app, it-ops-app-testers," ""IT Operations Application Support"";"
it-ops-app, it-ops-app-users," ""IT Operations Application Support"";"
mybenv-tc, mybenv-tc-administrators," ""MyBank Environments"";"
mybenv-tc, mybenv-tc-developers," ""MyBank Environments"";"
odc, odc-developers," ""ODC (LONDON)"";"
odc, odc-users," ""ODC (LONDON)"";"
payment-ms, payment-ms-administrators," ""Payment MicroServices"";"
payment-ms, payment-ms-developers," ""Payment MicroServices"";"
payments-sepa, payments-sepa-testers," ""Single Euro Payments Area"";"
pbb-data-quality, pbb-data-quality-developers," ""PBB Data Quality"";"
pbb-dgtl, pbb-dgtl-developers," ""PBB Digital"";"
pbb-mmd, pbb-mmd-testers," ""Manage My Data"";"
pbb-ops-tech, pbb-ops-tech-administrators," ""PBB Operations Technology"";"
pbb-ops-tech, pbb-ops-tech-developers," ""PBB Operations Technology"";"
pbb-ops-tech, pbb-ops-tech-project-managers," ""PBB Operations Technology"";"
prism-cradle, prism-cradle-developers," ""PRISM - CRADLE (Global)"";"
prism-cradle-readonly, prism-cradle-readonly-users, 
prism-developer, prism-developer, 
pvt-cloud, pvt-cloud-administrators, 
pvt-cloud, pvt-cloud-developers, 
ram, ram-administrators," ""Financial Risk and Analytics"";""Risk Analytics & Models"";"
ram, ram-developers," ""Financial Risk and Analytics"";""Risk Analytics & Models"";"
ram, ram-project-managers," ""Financial Risk and Analytics"";""Risk Analytics & Models"";"
ram-wm, ram-wm-developers," ""Wholesale Modelling"";"
rbsi-open-banking-tc, rbsi-open-banking-tc-administrators," ""RBS International Open Banking"";"
rfx, rfx-project-managers," ""RFX NWM"";"
rhi-ram, rhi-ram-administrators," ""Risk Analytics & Models - RHI"";"
rhi-ram, rhi-ram-developers," ""Risk Analytics & Models - RHI"";"
rhi-ram, rhi-ram-project-managers," ""Risk Analytics & Models - RHI"";"
rhi-ram, rhi-ram-testers," ""Risk Analytics & Models - RHI"";"
rhi-ram, rhi-ram-users," ""Risk Analytics & Models - RHI"";"
risk-anal-irb, risk-anal-irb-administrators," ""Capital IRB Modelling"";"
risk-anal-irb, risk-anal-irb-developers," ""Capital IRB Modelling"";"
risk-anal-irb, risk-anal-irb-project-managers," ""Capital IRB Modelling"";"
risk-anal-irb, risk-anal-irb-testers," ""Capital IRB Modelling"";"
risk-anal-irb, risk-anal-irb-users," ""Capital IRB Modelling"";"
risksol-rmp, risksol-rmp-administrators," ""Risk Management Platform (Global)"";"
risksol-rmp, risksol-rmp-developers," ""Risk Management Platform (Global)"";"
risksol-rmp, risksol-rmp-project-managers," ""Risk Management Platform (Global)"";"
risksol-rmp, risksol-rmp-testers," ""Risk Management Platform (Global)"";"
risksol-rmp, risksol-rmp-users," ""Risk Management Platform (Global)"";"
ruf, ruf-administrators," ""Corporate Markets Intranet/CMS (LONDON)"";""RBSM Unified Framework (Global)"";"
ruf, ruf-developers," ""Corporate Markets Intranet/CMS (LONDON)"";""RBSM Unified Framework (Global)"";"
sec-fraud-sol, sec-fraud-sol-testers," ""Functions & Services -Security and Fraud Solutions"";"
soda-cmt, soda-cmt-administrators," ""SoDA Community"";"
soda-cmt, soda-cmt-developers," ""SoDA Community"";"
stress-testing-non-credit, stress-testing-non-credit-administrators," ""Stress Testing for non-credit"";"
tech-serv, tech-serv-administrators," ""Payment Router (AMSTERDAM - NETHERLANDS)"";"
tech-serv, tech-serv-developers," ""Payment Router (AMSTERDAM - NETHERLANDS)"";"
win-engr, win-engr-administrators," ""Platform Engineering (LONDON)"";"
win-engr, win-engr-developers," ""Platform Engineering (LONDON)"";"
workplace-sc-bi, workplace-sc-bi-developers," ""Workplace SC Business Intelligence"";"
zambezi-platform, zambezi-platform-administrators, 
zambezi-platform, zambezi-platform-developers, 
zambezi-platform, zambezi-platform-testers, 
zambezi-platform, zambezi-platform-users, 
