com.rbs.risk.conflicts:conflicts-parent,102759,01-May-15
caprice:caprice-modules,57012,09-Sep-15
caprice:caprice-appservers,162469,16-Sep-15
rbs:GLAD,86767,18-Mar-16
rbs:SPUTNIK,8837,31-Mar-16
org.sonarqube:rmp_hello,5,18-Apr-16
org.sonarqube:rmp_Sonar_Test,322202,27-Apr-16
ACE.ArgonService,221,13-May-16
com.rbs.mib.risk:risk-notes-service,2721,15-May-16
com.rbs.agilemarkets.webcon:arete-migratejson-services,88,17-May-16
com.rbs.cet:aqclient.AutoQuoterClient,139901, 
ACE.PriceManagerService,6632,27-May-16
com.rbs.agilemarkets.digital-platform:mybank-lib-models,1707,01-Jun-16
com.rbsfm.fix:fix,68646,01-Jun-16
com.rbsfm.fx.oms:fxoms-parent,30515,07-Jun-16
com.rbs.calypso:calypso-benchmark,728,08-Jun-16
com.rbsg.ping:cws-policy-rules,643,08-Jun-16
com.rbs.agilemarkets.webcon:arete-utilities-services,222,10-Jun-16
com.rbs.marketrisk:unijar,78580,14-Jun-16
com.rbs.agilemarkets.digital-platform:mybank-services-directdebits,1363,22-Jun-16
com.rbs.agilemarkets.digital-platform:mybank-services-customers,608,25-Jun-16
groupId:artifactId,10831,27-Jun-16
TDSCashRec:TDSCashRec,37769,27-Jun-16
com.rbsg.iam.cam:iam-authn-cam,1941,30-Jun-16
com.rbsfm.torrentfx:credit,4748,30-Jun-16
com.rbsg.pa:iam-pa-core,930,19-Jul-16
com.rbs.agilemarkets.amcob:uscob-reference-server,872,20-Jul-16
com.rbs.mib:RGLOFS_TRUNK.example,296324,20-Jul-16
com.rbs.mib:dotnet.dev.telephonedirectory,2845,22-Jul-16
com.rbs.DTSCI.dotnet:SDSDL,455,22-Jul-16
com.rbs.DTSCI.dotnet:SDSClient,73424,22-Jul-16
com.rbsfm.gtr:gtr,34324,25-Jul-16
com.rbs.mib:dotnet.sdm,47384,27-Jul-16
com.rbsg.ping:iam-ping-core,990,29-Jul-16
com.rbsg.pa:iam-pa-rules,167,29-Jul-16
com.rbsg.pa:iam-pa-resources,219,29-Jul-16
com.rbsg.pa:iam-pa-siteauthenticators,297,29-Jul-16
com.rbs.gbm.tlm:feed-processors,16316,29-Jul-16
com.rbs.marketrisk.stress:forest-fire-layer,58045,02-Aug-16
IAM:AuthZ:Signing:Service,5684,03-Aug-16
autosys-proxy:autosys-proxy,56532,07-Aug-16
IAM:AuthZ:SOAPIS:Service,1468,10-Aug-16
com.rbs.agilemarkets.clm:cdd-services,37925,12-Aug-16
com.rbs.cremant:cremantsmoketest,227,16-Aug-16
com.rbsfm.pelm.dm:dmservice,94857,23-Aug-16
Ace.Poco,3875,24-Aug-16
com.rbs.gbm.finance.clarity:mutiledger,76684,25-Aug-16
feeds.manager:FeedManager,33326,28-Aug-16
com.rbsgrp.operations.iirp:merlin,41501,01-Sep-16
faiz2,58176,06-Sep-16
faiz3,261509,06-Sep-16
com.rbsfm.torrentfx:torrentfx-stp-parent,22731,09-Sep-16
com.rbs.agilemarkets.webcon:arete-globalheader-components,,14-Sep-16
com.rbs.agilemarkets.digital-platform:mybank-services-preferences-datastore,1589,14-Sep-16
com.rbs.tmw:tmw,99348,19-Sep-16
faiz4,264287,20-Sep-16
GlacierEquities,320850,21-Sep-16
com.rbs.risk.wcr:como-app-services,12745,22-Sep-16
com.rbs.risk.wcr:como-core-services,14423,22-Sep-16
com.rbs.mib.risk.hifi:HIFI,21071,25-Sep-16
com.rbs.raft.ce:ce-common,3166,25-Sep-16
com.rbs.raft.ce.tlp:tlp,10845,25-Sep-16
com.rbs.agilemarkets.webcon:arete-externallink-services,41,05-Oct-16
com.rbs.mib:resourceplanner,36915,06-Oct-16
com.rbs.mib.risk:riskdata-service,7321,07-Oct-16
com.rbs.agilemarkets.webcon:arete-mddpage-components,,14-Oct-16
com.rbs.agilemarkets.webcon:arete-headerpage-components,,14-Oct-16
com.rbs.agilemarkets.webcon:arete-globalogo-components,,14-Oct-16
com.rbs.agilemarkets.webcon:arete-sendemail-service,180,14-Oct-16
com.rbs.agilemarkets.webcon:arete-globalsearch-components,,14-Oct-16
com.rbs.agilemarkets.webcon:arete-globalsearch-services,71,14-Oct-16
com.rbs.agilemarkets.webcon:arete-globalheader-services,252,14-Oct-16
com.rbs.agilemarkets.webcon:arete-globalogin-components,,14-Oct-16
ACE.Core.Nuget,3333,14-Oct-16
com.rbs:fcg,38596,16-Oct-16
com.rbs:lri,34353,16-Oct-16
com.rbs:are,106415,16-Oct-16
com.rbsgrp.operations.iirp:intercompany-parent,19680,20-Oct-16
com.rbs.DTSCI.dotnet:SDSServer,31362,21-Oct-16
SonarUpgradeCandidateProjects_AgileMarkets_Amcob,17487,22-Oct-16
SonarUpgradeCandidateProjects_PhoenixJdk6_GatewayTrunk,22052,22-Oct-16
SonarUpgradeCandidateProjects_Lonrs09483testSonarProject,18,22-Oct-16
com.rbs.mib.risk:settlement-risk-data-service,3100,25-Oct-16
CLARA,213355,15-Nov-16
EPM,82435,21-Nov-16
com.rbs.mib:RBS.TimeTracker,21711,23-Nov-16
elk-management:elk-bloomberg,16069,24-Nov-16
ELK_ElkArm,16069,28-Nov-16
ELK_2_0_3,16069,28-Nov-16
com.rbs.agilemarkets.rsraven:raven-reference,1242,30-Nov-16
IamStrategicPlatform,4371,01-Dec-16
com.rbos.gbm.risk:hawk-aggregation,1349850,02-Dec-16
SonarUpgradeCandidateProjects_Fecms,20821,03-Dec-16
Demo_DemoSubproject,,03-Dec-16
Dts_DemoMavenSubproject,,03-Dec-16
Demo_DemoCSubproject,583,03-Dec-16
org.sonarqube:java-gradle-simple,49,08-Dec-16
com.rbos.gbm.risk:gateway,55242,09-Dec-16
RaftAntiBriberyAndCorruption_AssociatedParty_ApSonarRun,2302,24-Dec-16
com.rbs.agilemarkets.rsraven:experiments-zambezi-standalone,3364,04-Jan-17
agilemarkets.html:_rbs_zambezi-sonar-scanner,125,04-Jan-17
agilemarkets.html:dart-core,188,04-Jan-17
agilemarkets.html:_zambezi_proxy,29,04-Jan-17
agilemarkets.html:_zambezi_pager,100,04-Jan-17
om.rbs.cet:cpclient.shared,134596,05-Jan-17
com.rbs.cet:cpclient.eRatesClient,30282,06-Jan-17
SonarUpgradeCandidateProjects_AgileMarkets_Enablements,1315,07-Jan-17
Str_7.3,115685,13-Jan-17
agilemarkets.html:am-address,252,13-Jan-17
agilemarkets.html:dart-releases,3756,18-Jan-17
Agora_Infra,,18-Jan-17
Str,116137,19-Jan-17
Nucleus_Domain,59973,25-Jan-17
Str_sprint4,104610,30-Jan-17
com.rbs.agilemarkets.cpbd:cics-wsclient-templates,76,01-Feb-17
Release-2.0.2_Poc_Stopit,6066,13-Feb-17
com.rbs.agilemarkets.cpbd:edb-ms-standalone-templates,1942,14-Feb-17
2.0.2_POC_CodeReview_Stopit,5145,16-Feb-17
Str_sprint5,105440,17-Feb-17
ebp-113:edb-ms-paymentservice,6550,17-Feb-17
com.rbs.agilemarkets.cpb.digital.platform.bs:edb-ws-templates,1759,22-Feb-17
com.rbs.cet:cpclient.PricingClient,294624,22-Feb-17
ODC:DashboardClient,17614,23-Feb-17
com.rbs.mib:RGLEBS_TRUNK.example,39508,23-Feb-17
com.rbs.mib:RGLSOA_TRUNK.example,20821,23-Feb-17
fxoms,41709,25-Feb-17
com.rbs.cpb:bankline-common,1405,26-Feb-17
com.rbs.agilemarkets.cpbd:edb-ms-bankline-payments-standalone,3414,02-Mar-17
com.rbs.cpb.digital.platform.edb:edb-ws-templates,2230,03-Mar-17
com.rbs.agilemarkets.cpbd:edb-ms-appcacheservice,147,03-Mar-17
Ibm,,08-Mar-17
FOMarketsCRM,270370,16-Mar-17
agilemarkets.html:_zambezi_sonar-test,9,17-Mar-17
agilemarkets.html:cpb-iat-payments,2084,20-Mar-17
PreTrade_Stopit,5977,23-Mar-17
Stopit,5977,24-Mar-17
com.rbs.calypso:collateral,,27-Mar-17
agilemarkets.html:cpb-templates,4424,05-Apr-17
com.rbs.zambezi.cpbd:fcm-ds-clearing,828,25-Apr-17
MarketsCRM,239310,25-Apr-17
com.rbs.zambezi.webcon:arete-automatedlist-service,,02-May-17
com.rbs.raft.endor:endor,278261,03-May-17
com.rbs.agilemarkets.cpb.digital.platform.edb:edb-be-bankline-accounts,1180,08-May-17
FOMarketsCrm,1046,09-May-17
com.rbs.zambezi.cpbd:edb-ms-standalone-bankline-refdata,1966,10-May-17
com.rbs.agilemarkets.cpb.digital.platform.edb:edb-ws-templates-ear,,11-May-17
com.rbs.agilemarkets.obao.digital:obao-digital-aggregator,26989,12-May-17
MarketsDynamicsCrm,26631,12-May-17
com.rbs.mib.mcc:core,80870,16-May-17
FSSFS,3075,19-May-17
com.rbs.agilemarkets.rsraven:raven-securities,4075,20-May-17
com.rbs.zambezi.cpbd:edb-ms-standalone-bankline-accounts,3232,25-May-17
com.rbs.zambezi.cpbd:bl-ms-security,414,26-May-17
com.rbs.agilemarkets.amservices:hello-world-sonar-test,106,05-Jun-17
com.rbs.zambezi.webcon:arete-qumuvideo-service,,06-Jun-17
com.rbs.agilemarkets.webcon:arete-qumuvideo-service,101,06-Jun-17
aces_AcesMavenProgram,25,07-Jun-17
com.rbs.agora.api:agora-root,,09-Jun-17
aces_AcesServices,49845,14-Jun-17
Mcc_Swat,23395,14-Jun-17
com.rbs.marketrisk.stress:stress,,14-Jun-17
com.rbs.agilemarkets.webcon:arete-publishdate-service,,16-Jun-17
com.rbs.agilemarkets.cpbd:dh-ms-dashboard-account,1154,20-Jun-17
RmpCore,,21-Jun-17
ELK_Elk210,30717,21-Jun-17
CQMMarketsCrm,244104,28-Jun-17
com.rbs.zambezi.webcon:arete-ourfallen-services,,28-Jun-17
com.rbs.mib:riskexplorer,15,05-Jul-17
Str_BAU,115800,06-Jul-17
com.rbs.agilemarkets.webcon:arete-automatedlist-service,557,11-Jul-17
com.rbsfm:fire:9.3.0-SNAPSHOT,200287,11-Jul-17
CalypsoPrime_Collateral,65897,12-Jul-17
rbs:MSM_Phase7.2,,12-Jul-17
Str_MIFID-2,121406,12-Jul-17
SmartStreamTlm,7727,17-Jul-17
SmartStreamTlm-TLM,4267,18-Jul-17
com.rbs.zambezi.ms:ao-ms-standalone-reference,,20-Jul-17
SmartStreamTlm-BankingOps,38205,20-Jul-17
com.rbs.zambezi.ms:ao-address-iib-wsclient,,21-Jul-17
com.rbs.agilemarkets.tfxrs:tfxrs-rate-service,1414,26-Jul-17
com.rbs.zambezi.ms:iib-wsclient-refdata,,27-Jul-17
com.rbs.zambezi.sandbox:aiyappr-data-standalone,105,31-Jul-17
com.rbs.zambezi.tfxrs:tfxrs-subscription-service,30182,02-Aug-17
com.rbs.zambezi.feedservice.api:feedservice-internal-microservice,2456,03-Aug-17
com.rbs.zambezi.feedservice.api:feedservice-standalone,2611,03-Aug-17
Str_sprint6,101616,03-Aug-17
HFT_Sonar,11871,04-Aug-17
SDSClient,322346,04-Aug-17
com.rbs.digital-platform.model:client-lib-models,515,05-Aug-17
com.rbsfm:fire:9.3.1-SNAPSHOT,200419,09-Aug-17
FrankRiskplatformGrdw_Riskplatform,68350,18-Aug-17
FrankRiskplatformGrdw_Frank,49691,18-Aug-17
com.rbsfm:fire:9.4.1-SNAPSHOT,202032,21-Aug-17
com.rbsfm:fire:9.4.2-SNAPSHOT,202063,22-Aug-17
des:tools:confluence-microservice,238,22-Aug-17
Tiberius,9336,22-Aug-17
AthenaRePlatforming:refs/heads/master,,24-Aug-17
agilemarkets.html:bankline-fcm,5619,25-Aug-17
Optimus-Desktop,308225,30-Aug-17
OptimusDomainObjects,194830,30-Aug-17
com.rbs.cpbd:dh-lib-openbanking-swagger,,30-Aug-17
com.rbsfm:fire:9.4.0-SNAPSHOT,202013,30-Aug-17
com.rbs.rsraven:raven-proposals,1324,31-Aug-17
com.rbs.mib.riskexplorer,403172,02-Sep-17
RBSM.FX.SFX,379566,08-Sep-17
AthenaRePlatforming:master,2855,11-Sep-17
com.rbs.cpbd.cws:dh-lib-cws-tokenservice,89,13-Sep-17
com.rbs.zambezi.rsraven:raven-system-tests,906,13-Sep-17
com.rbs.agilemarkets.cpbd:dh-lib-openbanking-swagger,,14-Sep-17
OrchestriaCommsSurveillance,35,14-Sep-17
com.rbs.digital-platform.iib.client:iib-wsclient-address,297,15-Sep-17
SFXOptions,383843,26-Sep-17
Mosaic,,04-Oct-17
com.rbsg.mss:SVRServiceFramework,5820,04-Oct-17
com.rbsg.mss:SVRService,1700,05-Oct-17
com.rbsg.mss:SVRWebFramework,2678,05-Oct-17
com.rbsg.mss:SVRWebJava,6895,05-Oct-17
com.rbsg.mss:SVRWeb_rbs,60489,05-Oct-17
PostTrade_Stopit,220220,05-Oct-17
com.natwestmarkets.currencypay:esp-testing-services.pom,28226,10-Oct-17
com.rbs.natwestmarkets.currencypay:esp-testing-services.pom,28226,11-Oct-17
agilemarkets.html:risk-oda:1.0.33,3236,12-Oct-17
RaftAntiBriberyAndCorruption_PoliticalActivity_AbcPaSonarRun,5289,16-Oct-17
com.rbs.digital-platform.iib.client:iib-wsclient-classification,541,21-Oct-17
com.rbs.fxmp.supplierservices:staticdata,56,21-Oct-17
com.rbs.fxmp.supplierservices:api,200,21-Oct-17
com.rbs.agilemarkets.digital-platform.ao.ms:ao-ms-form,14977,23-Oct-17
com.rbs.pmsdd:icb-common-fasterpayment,576,24-Oct-17
com.rbs.agilemarkets.digital-platform.bbconnect:bbc-ms-standalone-common,7632,24-Oct-17
com.rbs.rdas.schema:schemas,,24-Oct-17
com.rbs.agilemarkets.digital-platform.bbconnect:lnd-ms-customer-messaging-parent,597,25-Oct-17
com.rbs.agilemarkets.digital-platform.bbconnect:lnd-ms-key-principals-parent,1222,25-Oct-17
com.rbs.zambezi.lending:persistence-bbconnect,12551,25-Oct-17
com.rbs.agilemarkets.digital-platform.ao.ms:ao-ms-reference,290,26-Oct-17
com.rbs.sandbox:icb-da-fasterpayment,1468,28-Oct-17
Str_CmgDevGit_ph-1,105802,30-Oct-17
com.rbs.agora.api,,30-Oct-17
com.rbs.agora.api:agora,87016,30-Oct-17
com.rbs.agora.api:4.3.0-SNAPSHOT,87016,30-Oct-17
com.rbs.agora.api:4.2.6-SNAPSHOT,87442,30-Oct-17
com.rbs.agora.api:trunk-4.2.6-SNAPSHOT,87442,30-Oct-17
aces_AcesServices_Warfile,49859,30-Oct-17
com.rbsfm.fire:foundry:feature/steel-sonar-testbed,392841,31-Oct-17
com.rbsfm:fire:9.5.0-SNAPSHOT,203466,01-Nov-17
Str_CmgDevGit_sprint6,108507,02-Nov-17
Str_CmgDevGit_MIFID,115515,02-Nov-17
com.rbs.zambezi.danda:icb-common-fasterpayment,576,04-Nov-17
com.rbs.cpbd:bl-be-user,433,06-Nov-17
com.rbs.zambezi.danda:icb-da-fasterpayment,899,07-Nov-17
RAFT_ABC_EO_TRUNK_SonarRun,3317,09-Nov-17
rbs.fxmicropay.supplierservices:parent,,10-Nov-17
rbs.fxmicropay.supplierservices:common,20,10-Nov-17
agilemarkets.html:dh-ui-app,2209,10-Nov-17
SDS_Server_Sonar,368252,10-Nov-17
SDS_Client_Sonar,314737,10-Nov-17
Str_CmgDevGit_MIFID7Nov,103863,13-Nov-17
com.rbs.agilemarkets.eq:eq-ms-mmd,1427,17-Nov-17
agilemarkets.html:risk-oda,3494,22-Nov-17
com.rbs.zambezi.pmsdd:aap-icbfps-component-common,594,24-Nov-17
Prism_cs,,24-Nov-17
com.rbs.lending:lnd-ms-legalexecution-service,8307,27-Nov-17
CollectionsRecoveries,11564,28-Nov-17
com.rbsfm.fire:foundry:feature/Sonar-migration,392772,28-Nov-17
com.rbs.zambezi.pmsdd:aap-icbfps-msvc-app-payment,310,01-Dec-17
com.rbs.zambezi.pmsdd:aap-icbfps-msvc-data-payment,946,01-Dec-17
com.rbsfm:fire:dan,203730,01-Dec-17
com.rbs.zambezi.cpbd:bl-be-accounts,552,08-Dec-17
com.rbs.zambezi.cpbd:bl-be-user,981,12-Dec-17
com.rbs.agilemarkets.tfxrs:tfxrs-ms-standalone-fxmp-stub,958,12-Dec-17
RatesServices_BondsTransformation,38520,21-Dec-17
com.rbs.agora.distribution:agora-queue-manager,15835,27-Dec-17
ODCache,3646,27-Dec-17
Str_CmgDevGit_MIFID14Nov,53503,12-Jan-18
sonarqube-scanner-gradle,8,16-Jan-18
com.rbs.ms:iib-mqclient-ebanking,,18-Jan-18
agilemarkets.html:bankline-payments-api-specification,156759,18-Jan-18
com.rbs.odc:trunk,477396,18-Jan-18
RaftAntiBriberyAndCorruption_AbcParentMaster_AbcCommonSonar,2875,21-Jan-18
ODC_CORE,477427,24-Jan-18
com.rbs.agilemarkets.cpbd:edb-ms-refdataservice,1117,25-Jan-18
ODC_TEST,477433,25-Jan-18
com.rbs.agilemarkets.webcon:arete-qumuvideo-component,,26-Jan-18
com.rbs.agora.api:trunk-4.2.7-SNAPSHOT,87537,31-Jan-18
com.rbsfm:fire:9.6.0-SNAPSHOT,203380,02-Feb-18
com.rbs.zambezi.rsraven:raven-facilitiesList,5913,05-Feb-18
com.rbs.agilemarkets.amexecution.services:price-discovery-service,953,05-Feb-18
com.rbs.agilemarkets.amexecution.services-common:services-common,23221,05-Feb-18
com.rbs.agilemarkets.amexecution.services:static-data-service,3128,05-Feb-18
Sdpa,3535,09-Feb-18
com.rbs.zambezi.cpbd:edb-be-bankline-accounts,,09-Feb-18
com.rbs.zambezi.cpbd:bl-security,414,09-Feb-18
com.rbs.cpbd:bl-be-payments,106,09-Feb-18
com.rbs.zambezi.cpbd:bankline-common,3374,09-Feb-18
com.rbs.agilemarkets.cpbd:dh-ms-test-session-service,602,09-Feb-18
com.rbs.cpbd:dh-nathan-multi-module-pom,71,10-Feb-18
BanklSrc,35983,12-Feb-18
com.rbsfm.fire:foundry:FOUNDRY-13524-jdk6,393825,12-Feb-18
com.rbs.agilemarkets.cpbd:javaws-wsclient-storedproc,63,13-Feb-18
com.rbs.agilemarkets.cpbd:javaws-wsclient-2fa-auth,109,13-Feb-18
com.rbs.agilemarkets.cpbd:edb-ms-transactionservice,2935,13-Feb-18
com.rbs.agilemarkets.cpbd:edb-ms-standalone-refdata,701,13-Feb-18
com.rbs.agilemarkets.cpbd:edb-ms-standalone-transactions,531,13-Feb-18
com.rbs.agilemarkets.cpbd:dh-ms-export,12176,13-Feb-18
com.rbs.zambezi.cpbd:bl-ms-refdata,3075,13-Feb-18
com.rbs.tfxrs:tfxrs-ms-standalone-cws-upstream,179,16-Feb-18
com.rbs.ebpm:camunda-domain-landing-page,452,16-Feb-18
CMSPOC,4974,16-Feb-18
com.rbs.nwglobal.services:currencypay-payments,87,20-Feb-18
com.rbs.agilemarkets.cpbd:dh-ms-privileges,1391,20-Feb-18
com.rbs.agilemarkets.cpbd:dh-ms-preferences,617,21-Feb-18
RiskModels_ExperimentalBuildPlans,295448,22-Feb-18
com.rbs.ignite:rates-soap,6803,25-Feb-18
Ignite_IgnitePlatform_EndpointsSonar,164240,27-Feb-18
com.rbs.currencypay:currencypay-dev-tools,467,02-Mar-18
com.rbs.agilemarkets.cpbd:dh-bankline-test,537,06-Mar-18
com.rbsfm.fire:foundry:release-22.1,393412,06-Mar-18
com.rbs.ebpm.ebpm:camunda-gdpr-common,116,07-Mar-18
com.rbs.agilemarkets.cpbd:dh-ms-openbanking,6280,09-Mar-18
com.rbsfm.fire:foundry-integration-tests:bugfix/FOUNDRY-14168-update-jacoco-pluging-to-enable,2283,09-Mar-18
Str_CmgDevGit_6Mar,56438,09-Mar-18
com.rbs.agilemarkets.cpbd:dh-ms-menus,1379,09-Mar-18
com.rbs.agilemarkets.cpbd:edb-ms-standalone-payments,2577,12-Mar-18
com.rbs.agilemarkets.cpbd:dh-ms-user-profile,1114,12-Mar-18
com.rbs.agilemarkets.rcrtoolkit:rcrtoolkit-standalone,6801,13-Mar-18
ELK_ElkDev,52991,15-Mar-18
Venture_Lima,24893,16-Mar-18
com.rbsfm.fire:foundry:bugfix/FOUNDRY-14168-update-jacoco-pluging-to-enable,307733,17-Mar-18
com.rbsfm.fire:foundry,307733,17-Mar-18
com.rbs.odc:master,547095,19-Mar-18
com.rbs.agora.api:dev-branch-4.3.0-SNAPSHOT,25396,19-Mar-18
com.rbs.agilemarkets.cpbd:dh-ms-login,1966,20-Mar-18
Twofa_MiddlewareCap,14537,21-Mar-18
Style_Projects,169440,22-Mar-18
Futures_Backbone,,22-Mar-18
com.rbs.agilemarkets.rcrtoolkit:risk-oda-permissions-standalone,64,23-Mar-18
Cbdm,7078169,28-Mar-18
CBDM_FN,853,29-Mar-18
CBDM_PKG,4186954,29-Mar-18
com.rbs.saos:lib-date,67,30-Mar-18
Sds_Sonar,11688,30-Mar-18
com.rbsfm.fire:foundry:bugfix/FOUNDRY-14652_Trade_Ref_in_Cremant_query,395437,01-Apr-18
agilemarkets.html:risk-oda-ui-standalone,3509,02-Apr-18
com.rbs.agilemarkets.webcon:arete-spaform-component,,06-Apr-18
com.rbsfm.fire:foundry:bugfix/FOUNDRY-14168-multimodule-jacoco-integration,309460,09-Apr-18
com.rbs.agilemarkets.cpbd:fcm-ms-refdata-simulator,196,10-Apr-18
Bmpe_BmpeSonarBuild,,12-Apr-18
com.rbs.zambezi.cpbd:edb-ms-standalone-bankline-payments,7888,14-Apr-18
FENERGO,1790,16-Apr-18
com.rbsfm.fire:foundry:release-22.2,393412,16-Apr-18
com.rbs.agilemarkets.rcrtoolkit:sms-service-mock-gateway,178,17-Apr-18
aces_AceswSrc,31884,17-Apr-18
com.rbsfm.fire:foundry:release-23.0,395488,18-Apr-18
Anubis,43267,18-Apr-18
com.rbsfm.fire:foundry:bugfix/FOUNDRY-14859-update-teamcity-agent-61-to,309469,18-Apr-18
com.rbs.agilemarkets.obao.digital:obao-digital-bureau-service,36869,23-Apr-18
com.rbs.eflex:eflex-user-ms-standalone,1236,25-Apr-18
Glacier,251473,01-May-18
PradeepSonarKey,9374,02-May-18
NucleusSonar2,,02-May-18
GCS,3388,03-May-18
Bmpe_BmpeUiBaseOnlyKsorItem,,04-May-18
com.rbs.rdas.mine:iron,3769,05-May-18
CreditCardsPlatform,7527,14-May-18
com.rbs.cpbd:eds-ms-servicehub,210,15-May-18
com.rbs.cpb.eds:eds-ms-servicehub,210,16-May-18
Ignite_RatesTradeProcessing,78702,16-May-18
des:tools:crowd-microservice,277,17-May-18
com.rbs.tfxrs:tfxrs-ms-standalone-token,929,18-May-18
CAL-CAMEL-ARGON,345,18-May-18
Bmpe_Server,97982,18-May-18
com.rbs.agilemarkets.cpbd:edb-ms-common,3063,22-May-18
com.rbs.agilemarkets.cpbd:edb-ms-privilegevalidatorservice,381,22-May-18
com.rbs.agilemarkets.cpbd:edb-ms-authservice,4428,22-May-18
com.rbs.agilemarkets.cpbd:edb-ms-accountservice,2090,22-May-18
com.rbs.agilemarkets.rcrtoolkit:rcr-toolkit-common,291,23-May-18
Str_CmgDevGit_CmgIntrTestBuild,50197,23-May-18
Glacier:branches/Glacier_Java7,251473,04-Jun-18
BanklSrc_Deployment,167454,04-Jun-18
com.rbsfm:fire,198553,05-Jun-18
fxoms.credit,4731,06-Jun-18
com.rbsg.iam.identityx.ping:pf-identityx-adapter,4313,11-Jun-18
rbs.fxmicropay.supplierservices:fxmp-ss-common,689,12-Jun-18
rbs.fxmicropay.supplierservices:fxmp-ss-parent,,12-Jun-18
com.rbs.agilemarkets.cpbd:fcm-ms-clearing,5171,12-Jun-18
rbs.fxmicropay.supplierservices:fxmp-ss-api,3810,13-Jun-18
rbs.fxmicropay.supplierservices:fxmp-ss-static-data,3666,13-Jun-18
rbs.fxmicropay.supplierservices:fxmp-ss-engine,2108,13-Jun-18
rbs.fxmicropay.supplierservices:fxmp-ss-edi-processor,2986,13-Jun-18
com.rbs.agilemarkets.digital-platform.ao.ms:ao-ms-standalone-common,1666,14-Jun-18
agilemarkets.html:lombard-react,5549,15-Jun-18
com.rbs.rdas.schema:schemas:bugfix/FOUNDRY-14824-migrate-schema-over-to-prod,2817,19-Jun-18
com.rbs.rdas.argon:fileingestion:bugfix/FOUNDRY-14821-migrate-file-ingestion-prod,30892,19-Jun-18
com.rbs.rdas.mine:mine:bugfix/FOUNDRY-14790-migrate-mine-over-to-dts-prod,11097,19-Jun-18
com.rbs.cet:cpclient.shared,139916,19-Jun-18
pf:identityx:adapter,1500,20-Jun-18
pf:Registration_Feature_Branch:adapter,1465,21-Jun-18
pf:Registration_Release_Branch:adapter,1465,21-Jun-18
pf:DeviceAuthentication_Release_Branch:adapter,1550,21-Jun-18
pf:DeviceAuthentication_Testing_Branch:adapter,1550,21-Jun-18
com.rbs.agora.api:trunk-4.3.2-SNAPSHOT,26227,21-Jun-18
pf:Sponsership_Release_Branch:adapter,2021,22-Jun-18
com.rbs.rdas.riskextractor:emskafkabridger:bugfix/FOUNDRY-14820-migrate-ekb-over-to-dts-prod2,11870,22-Jun-18
com.rbs.agilemarkets.amexecution:notification-service,166,23-Jun-18
BanklSrc_Build_ReleaseBrnach,35983,25-Jun-18
com.rbs.zambezi.maven:bl-be-user,20,26-Jun-18
com.rbs.agilemarkets.cpbd:edb-ms-paymentservice,7966,26-Jun-18
com.rbs.cet:cpclient.FlowPricing,69602,29-Jun-18
