﻿Apollo_DevelopmentBuild_ApolloUi_46,,,,,
com.rbsfm.torrentfx:credit,,,,,
com.nwm.mrx:svc-calc-request-tracking:feature/MRX-2654,,,,,
com.nwm.mrx:svc-calc-request-tracking:feature/MRX-2814,,,,,
com.nwm.mrx:svc-calc-request-tracking:feature/MRX-2992,,,,,
com.nwm.mrx:svc-calc-request-tracking:feature/MRX-2993,,,,,
com.nwm.mrx:svc-calc-request-tracking:feature/MRX-2997,,,,,
com.nwm.mrx:svc-calc-request-tracking:feature/MRX-2998,,,,,
com.nwm.mrx:svc-calc-request-tracking:feature/MRX-3088,,,,,
com.nwm.mrx:svc-calc-request-tracking:feature/MRX-3089,,,,,
com.nwm.mrx:svc-calc-request-tracking:feature/MRX-3090,,,,,
com.nwm.mrx:svc-calc-request-tracking:feature/MRX-3091,,,,,
com.nwm.mrx:svc-calc-request-tracking:feature/MRX-3260,,,,,
com.nwm.mrx:svc-calc-request-tracking:feature/MRX-3453,,,,,
com.nwm.mrx:svc-calc-request-tracking:MRX-3223_var_response_processing,,,,,
com.nwm.mrx:svc-calc-request-tracking:release/1.1.4,,,,,
com.nwm.mrx:svc-calc-request-tracking:release/MRX-2992,,,,,
com.nwm.mrx:svc-calc-request-tracking:release/MRX-3005,,,,,
com.nwm.mrx:svc-calc-request-tracking:release/MRX-3297,,,,,
com.nwm.mrx:svc-calc-request-tracking-api:bugfix/MRX-3081_teamcity_failures_due_to_target_folder,,,,,
com.nwm.mrx:svc-calc-request-tracking-api:feature/MRX-2173,,,,,
com.nwm.mrx:svc-calc-request-tracking-api:feature/MRX-2992,,,,,
com.nwm.mrx:svc-calc-request-tracking-api:feature/MRX-2993,,,,,
com.nwm.mrx:svc-calc-request-tracking-api:feature/MRX-3088,,,,,
com.nwm.mrx:svc-calc-request-tracking-api:feature/MRX-3089,,,,,
com.nwm.mrx:svc-calc-request-tracking-api:feature/MRX-3297,,,,,
com.nwm.mrx:svc-calc-request-tracking-api:release/MRX-2992,,,,,
com.nwm.mrx:svc-calc-request-tracking-api:release/MRX-3005,,,,,
com.nwm.mrx:svc-common-api:feature/MRX-2264,,,,,
com.nwm.mrx:svc-common-api:feature/MRX-2916,,,,,
com.nwm.mrx:svc-common-api:feature/MRX-3426,,,,,
com.nwm.mrx:svc-configuration:feature/includes-uat-config,,,,,
com.nwm.mrx:svc-configuration:feature/MRX-2916_split_config_repos,,,,,
com.nwm.mrx:svc-configuration:feature/MRX-3452,,,,,
com.nwm.mrx:svc-deleteme,,,,,
com.nwm.mrx:svc-mrx-ui:bugfix/MRX-3145,,,,,
com.nwm.mrx:svc-mrx-ui:bugfix/MRX-3441,,,,,
com.nwm.mrx:svc-mrx-ui:bugfix/MRX-3456-ui-service-creates-empty-nested-filter-when-no-filters-requested,,,,,
com.nwm.mrx:svc-mrx-ui:bugfix/MRX-3457,,,,,
com.nwm.mrx:svc-mrx-ui:feature/MRX-2264,,,,,
com.nwm.mrx:svc-mrx-ui:feature/MRX-2267,,,,,
com.nwm.mrx:svc-mrx-ui:feature/MRX-2268,,,,,
com.nwm.mrx:svc-mrx-ui:feature/MRX-2269,,,,,
com.nwm.mrx:svc-mrx-ui:feature/MRX-2273,,,,,
com.nwm.mrx:svc-mrx-ui:feature/MRX-2527,,,,,
com.nwm.mrx:svc-mrx-ui:feature/MRX-2998,,,,,
com.nwm.mrx:svc-mrx-ui:feature/MRX-3060,,,,,
com.nwm.mrx:svc-mrx-ui:feature/MRX-3179,,,,,
com.nwm.mrx:svc-mrx-ui:feature/MRX-3426,,,,,
com.nwm.mrx:svc-mrx-ui:feature/request-execution,,,,,
com.nwm.mrx:svc-mrx-ui:feature/workspace,,,,,
com.nwm.mrx:svc-mrx-ui:MRX-2167_workspace_templates,,,,,
com.nwm.mrx:svc-mrx-ui:MRX-3026_status_bug_fixed,,,,,
com.nwm.mrx:svc-mrx-ui:MRX-3223-transform-column-names,,,,,
com.nwm.mrx:svc-mrx-ui:MRX-3223_var_request_to_ui_fix,,,,,
com.nwm.mrx:svc-mrx-ui:MRX-3223_var_response_to_ui,,,,,
com.nwm.mrx:svc-parent:bugfix/MRX-3081_teamcity_failures_due_to_target_folder,,,,,
com.nwm.mrx:svc-parent:bugfix/MRX-3117,,,,,
com.nwm.mrx:svc-parent:feature/MRX-2916,,,,,
com.nwm.mrx:svc-parent:release/MRX-3081-d,,,,,
com.nwm.mrx:svc-parent:release/MRX-3081-e,,,,,
com.nwm.mrx:svc-parent:release/MRX-3081-f,,,,,
com.nwm.mrx:svc-query-definition:bugfix/MRX-2277,,,,,
com.nwm.mrx:svc-query-definition:bugfix/MRX-2535,,,,,
com.nwm.mrx:svc-query-definition:feature/MRX-1920,,,,,
com.nwm.mrx:svc-query-definition:feature/MRX-1931,,,,,
com.nwm.mrx:svc-query-definition:feature/MRX-2041,,,,,
com.nwm.mrx:svc-query-definition:feature/MRX-2088,,,,,
com.nwm.mrx:svc-query-definition:feature/MRX-2273,,,,,
com.nwm.mrx:svc-query-definition:feature/MRX-2313,,,,,
com.nwm.mrx:svc-query-definition:feature/MRX-2657,,,,,
com.nwm.mrx:svc-query-definition:feature/MRX-3060,,,,,
com.nwm.mrx:svc-query-definition:feature/MRX-3179,,,,,
com.nwm.mrx:svc-query-definition:feature/MRX-3453,,,,,
com.nwm.mrx:svc-query-definition:MRX-2594_node_type_fixes,,,,,
com.nwm.mrx:svc-query-definition:release/MRX-3005,,,,,
com.nwm.mrx:svc-query-definition-api:bugfix/MRX-3081,,,,,
com.nwm.mrx:svc-query-definition-api:feature/MRX-2041,,,,,
com.nwm.mrx:svc-query-definition-api:feature/MRX-2088,,,,,
com.nwm.mrx:svc-query-definition-api:feature/MRX-2313,,,,,
com.nwm.mrx:svc-query-definition-api:feature/MRX-2314,,,,,
com.nwm.mrx:svc-query-definition-api:feature/MRX-2997,,,,,
com.nwm.mrx:svc-query-definition-api:feature/MRX-2998,,,,,
com.nwm.mrx:svc-query-definition-api:feature/MRX-3060,,,,,
com.nwm.mrx:svc-query-definition-api:feature/MRX-3091,,,,,
com.nwm.mrx:svc-query-definition-api:feature/MRX-3179,,,,,
com.nwm.mrx:svc-query-definition-api:feature/MRX-3456-model-changes,,,,,
com.nwm.mrx:svc-query-definition-api:release/MRX-3005,,,,,
com.nwm.mrx:svc-reference-data:feature/MRX-1922,,,,,
com.nwm.mrx:svc-reference-data:feature/MRX-2002,,,,,
com.nwm.mrx:svc-reference-data:feature/MRX-2272,,,,,
com.nwm.mrx:svc-reference-data:feature/MRX-2528-b,,,,,
com.nwm.mrx:svc-reference-data:feature/MRX-2598,,,,,
com.nwm.mrx:svc-reference-data:feature/MRX-2968-Onboard-SSO-service,,,,,
com.nwm.mrx:svc-reference-data:feature/MRX-3214,,,,,
com.nwm.mrx:svc-reference-data:feature/MRX-3426,,,,,
com.nwm.mrx:svc-reference-data:feaute/MRX-3374,,,,,
com.nwm.mrx:svc-reference-data:fix/MRX-2073,,,,,
com.nwm.mrx:svc-reference-data:fix/timeserie_update_fix,,,,,
com.nwm.mrx:svc-reference-data-api:feature/MRX-1922,,,,,
com.nwm.mrx:svc-reference-data-api:feature/MRX-2002,,,,,
com.nwm.mrx:svc-reference-data-api:feature/MRX-2528-b,,,,,
com.nwm.mrx:svc-reference-data-api:feature/MXR-3426,,,,,
com.nwm.mrx:svc-request-manager,,,,,
com.nwm.mrx:svc-sa:bugfix/MRX-1994,,,,,
com.nwm.mrx:svc-sa:bugfix/MRX-2318,,,,,
com.nwm.mrx:svc-sa:bugfix/MRX-2538,,,,,
com.nwm.mrx:svc-sa:bugfix/MRX-3404,,,,,
com.nwm.mrx:svc-sa:feature/MRX-2041,,,,,
com.nwm.mrx:svc-sa:feature/MRX-2088,,,,,
com.nwm.mrx:svc-sa:feature/MRX-2266,,,,,
com.nwm.mrx:svc-sa:feature/MRX-2273,,,,,
com.nwm.mrx:svc-sa:feature/MRX-2538,,,,,
com.nwm.mrx:svc-sa:feature/MRX-2650,,,,,
com.nwm.mrx:svc-sa:feature/MRX-2814,,,,,
com.nwm.mrx:svc-sa:feature/MRX-2964,,,,,
com.nwm.mrx:svc-sa:feature/MRX-2992,,,,,
com.nwm.mrx:svc-sa:feature/MRX-2998,,,,,
com.nwm.mrx:svc-sa:feature/MRX-3086,,,,,
com.nwm.mrx:svc-sa:feature/MRX-3089,,,,,
com.nwm.mrx:svc-sa:feature/MRX-3091,,,,,
com.nwm.mrx:svc-sa:feature/MRX-3092,,,,,
com.nwm.mrx:svc-sa:feature/MRX-3109,,,,,
com.nwm.mrx:svc-sa:feature/MRX-3236,,,,,
com.nwm.mrx:svc-sa:feature/MRX-3260,,,,,
com.nwm.mrx:svc-sa:release/MRX-3005,,,,,
com.nwm.mrx:svc-sa:release/MRX-3297,,,,,
com.nwm.mrx:svc-sa:svc-sa-v1,,,,,
com.nwm.mrx:svc-security,,,,,
com.nwm.mrx:svc-var:bugfix/MRX-2200,,,,,
com.nwm.mrx:svc-var:bugfix/MRX-3003,,,,,
com.nwm.mrx:svc-var:bugfix/MRX-3223_var_request_to_ui_fix,,,,,
com.nwm.mrx:svc-var:bugfix/MRX-3747,,,,,
com.nwm.mrx:svc-var:feature/MRX-2002,,,,,
com.nwm.mrx:svc-var:feature/MRX-2041,,,,,
com.nwm.mrx:svc-var:feature/MRX-2088,,,,,
com.nwm.mrx:svc-var:feature/MRX-2098,,,,,
com.nwm.mrx:svc-var:feature/MRX-2196,,,,,
com.nwm.mrx:svc-var:feature/MRX-2266,,,,,
com.nwm.mrx:svc-var:feature/MRX-2273,,,,,
com.nwm.mrx:svc-var:feature/MRX-2273-experimental,,,,,
com.nwm.mrx:svc-var:feature/MRX-2273-experimental2,,,,,
com.nwm.mrx:svc-var:feature/MRX-2314,,,,,
com.nwm.mrx:svc-var:feature/MRX-2532,,,,,
com.nwm.mrx:svc-var:feature/MRX-2821,,,,,
com.nwm.mrx:svc-var:feature/MRX-2998,,,,,
com.nwm.mrx:svc-var:feature/MRX-3003,,,,,
com.nwm.mrx:svc-var:feature/MRX-3060,,,,,
com.nwm.mrx:svc-var:feature/MRX-3179,,,,,
com.nwm.mrx:svc-var:feature/MRX-3223-add-prefix-to-column-names,,,,,
com.nwm.mrx:svc-var:feature/MRX-3347,,,,,
com.nwm.mrx:svc-var:feature/MRX-3426,,,,,
com.nwm.mrx:svc-var:feature/MRX-3426-update-models,,,,,
com.nwm.mrx:svc-var:feature/MRX-3979,,,,,
com.nwm.mrx:svc-var:MRX-2149_migrate_var_model,,,,,
com.nwm.mrx:svc-var:MRX-2996_query_set_end_point,,,,,
com.nwm.mrx:svc-var:origine/bugfix/MRX-2792_query_def_api_fixed,,,,,
com.nwm.mrx:svc-var:svc-var-v1,,,,,
com.nwm.mrx:svc-what-if:bugfix/MRX-2816-MDX-date,,,,,
com.nwm.mrx:svc-what-if:bugfix/MRX-2921-performance-fix,,,,,
com.nwm.mrx:svc-what-if:feature/MRX-2763,,,,,
com.nwm.mrx:svc-what-if:feature/MRX-2816-sonar-cleanup,,,,,
com.nwm.mrx:svc-what-if:feature/MRX-2915,,,,,
com.nwm.mrx:svc-what-if:feature/MRX-2921,,,,,
com.nwm.mrx:svc-what-if:feature/MRX-2922,,,,,
com.nwm.mrx:svc-what-if:feature/MRX-2924,,,,,
com.nwm.mrx:svc-what-if:feature/MRX-2927,,,,,
com.nwm.mrx:svc-what-if:feature/MRX-2930,,,,,
com.nwm.mrx:svc-what-if:feature/MRX-2934-broken,,,,,
com.nwm.mrx:svc-what-if:feature/MRX-3018,,,,,
com.nwm.mrx:svc-what-if:feature/MRX-3020,,,,,
com.nwm.mrx:svc-what-if:feature/MRX-3020-swagger-update,,,,,
com.nwm.mrx:svc-what-if:feature/MRX-3050,,,,,
com.nwm.mrx:svc-what-if:feature/MRX-3180,,,,,
com.nwm.mrx:svc-what-if:feature/MRX-3453,,,,,
com.nwm.mrx:svc-what-if:fix/nwm-service-framework-version,,,,,
com.rbs.bdd.microservices:system-preferences-microservice,,,,,
Tct,,,,,
Sandbox_Temp,,,,,
Test,,,,,
TEST1,,,,,
TEST_03022020,,,,,
com.rbs.agilemarkets.tfxrs:tfxrs-common-util,,,,,
com.rbs.agilemarkets.tfxrs:tfxrs-ms-standalone-quote-channel,,,,,
com.rbs.agilemarkets.tfxrs:tfxrs-ms-standalone-rates-channel,,,,,
com.rbs.agilemarkets.tfxrs:tfxrs-ms-standalone-subscription-channel,,,,,
TlmRecon_TmsSsr,,,,,
Str_Sftr_TntrServicesBuildSonar,,,,,
Str_Sftr_SonarBuilds_TntrServicesBuildSonar,,,,,
Phoenix_Phoenix_Trunk,,,,,
ecdtrunk,,,,,
AgileMarkets_CpbInnovation_JavaMS_Feature_UspCrmMockservice,,,,,
AgileMarkets_CpbInnovation_JavaMS_UspOcrservice,,,,,
AgileMarkets_CpbInnovation_JavaMS_Feature_UspOcrservice,,,,,
Wallstreet,,,,,
SAMM_ACK_SERVICE,,,,,
SAMM_Payment,,,,,
SAMM_Sender_Collector,,,,,
com.rbs.ee.ciq:workflow-management-service,,,,,
DiwgDataregistry_Camunda_WorkflowAPP,,,,,
com.rbs.digital.sdp:ws-client-common,,,,,
com.rbs.digital.sdp:ws-client-esp-acc-flag-mgmt,,,,,
com.rbs.digital.sdp:ws-client-esp-arr-acc-proc,,,,,
com.rbs.digital.sdp:ws-model-arr-rept,,,,,
com.rbs.digital.sdp:ws-model-esp-arr-acc-proc,,,,,
com.rbs.digital.sdp:ws-model-heartbeat,,,,,
com.rbs.digital.sdp:ws-model-product-catalog,,,,,
