﻿Apollo_DevelopmentBuild_ApolloUi_46,,,,,
agilemarkets.html:_cpbd_bl-ui-session-timeout-warning,,,,,
com.rbs.fsap:aap-arsmnt-msvc-search,,,,,
com.rbs.fsap:aap-avocado-msvc,,,,,
com.rbs.fsap:aap-kiwi-msvc,,,,,
com.rbs.fsap:aap-mango-msvc,,,,,
com.rbs.fsap:aap-template-msvc,,,,,
com.natwest.hbosp:account-application-service,,,,,
AccountDBNew_C0319543_46,,,,,
AccountDBOld_C0319543_46,,,,,
ACCTDB_new_C0319543_10,,,,,
ACCTDB_new_C0319543_11,,,,,
ACCTDB_new_C0319543_12,,,,,
ACCTDB_new_C0319543_15,,,,,
ACCTDB_new_C0319543_16,,,,,
ACCTDB_new_C0319543_17,,,,,
ACCTDB_new_C0319543_21,,,,,
ACCTDB_new_C0319543_22,,,,,
ACCTDB_new_C0319543_23,,,,,
ACCTDB_new_C0319543_24,,,,,
ACCTDB_new_C0319543_25,,,,,
ACCTDB_new_C0319543_26,,,,,
ACCTDB_new_C0319543_29,,,,,
ACCTDB_new_C0319543_30,,,,,
ACCTDB_new_C0319543_32,,,,,
ACCTDB_new_C0319543_33,,,,,
ACCTDB_new_C0319543_34,,,,,
ACCTDB_new_C0319543_36,,,,,
ACCTDB_new_C0319543_4,,,,,
ACCTDB_new_C0319543_5,,,,,
ACCTDB_new_C0319543_7,,,,,
ACCTDB_new_C0319543_8,,,,,
ACCTDB_new_C0319543_9,,,,,
ACCTDB_new_C0321220_37,,,,,
ACCTDB_new_C0321220_38,,,,,
ACCTDB_new_C0321220_39,,,,,
ACCTDB_new_C0321220_42,,,,,
ACCTDB_new_C0321220_57,,,,,
ACCTDB_new_C0321220_62,,,,,
ACCTDB_new_C0321220_66,,,,,
ACCTDB_new_C0321220_68,,,,,
ACCTDB_new_C0321260_40,,,,,
ACCTDB_new_C0321260_58,,,,,
ACCTDB_new_C0321260_60,,,,,
ACCTDB_new_C0321260_61,,,,,
ACCTDB_old_C0319543_24,,,,,
ACCTDB_old_C0319543_32,,,,,
ACCTDB_old_C0319543_36,,,,,
ACCTDB_old_C0321220_37,,,,,
ACCTDB_old_C0321220_39,,,,,
ACCTDB_old_C0321220_42,,,,,
ACCTDB_old_C0321220_57,,,,,
ACCTDB_old_C0321220_62,,,,,
ACCTDB_old_C0321220_66,,,,,
ACCTDB_old_C0321220_67,,,,,
ACCTDB_old_C0321220_68,,,,,
ACTDB1_old_C0320940_10,,,,,
ACTDB1_old_C0320940_11,,,,,
ACTDB1_old_C0320940_12,,,,,
ACTDB1_old_C0320940_13,,,,,
ACTDB1_old_C0320940_20,,,,,
ACTDB1_old_C0320940_24,,,,,
ACTDB1_old_C0320940_25,,,,,
ACTDB1_old_C0320940_28,,,,,
ACTDB1_old_C0320940_29,,,,,
ACTDB1_old_C0320940_30,,,,,
ACTDB1_old_C0320940_31,,,,,
ACTDB1_old_C0320940_32,,,,,
ACTDB1_old_C0320940_33,,,,,
ACTDB1_old_C0320940_34,,,,,
ACTDB1_old_C0320940_35,,,,,
ACTDB1_old_C0320940_36,,,,,
ACTDB1_old_C0320940_37,,,,,
ACTDB1_old_C0320940_38,,,,,
ACTDB1_old_C0320940_39,,,,,
ACTDB1_old_C0320940_40,,,,,
ACTDB1_old_C0320940_41,,,,,
ACTDB1_old_C0320940_42,,,,,
ACTDB1_old_C0320940_43,,,,,
ACTDB1_old_C0320940_44,,,,,
ACTDB1_old_C0320940_45,,,,,
ACTDB1_old_C0320940_46,,,,,
ACTDB1_old_C0320940_47,,,,,
ACTDB1_old_C0320940_48,,,,,
ACTDB1_old_C0320940_49,,,,,
ACTDB1_old_C0320940_50,,,,,
ACTDB1_old_C0320940_51,,,,,
ACTDB1_old_C0320940_52,,,,,
ACTDB1_old_C0320940_54,,,,,
ACTDB1_old_C0320940_55,,,,,
ACTDB1_old_C0320940_56,,,,,
ACTDB1_old_C0320940_59,,,,,
ACTDB1_old_C0320940_60,,,,,
ACTDB1_old_C0320940_61,,,,,
ACTDB1_old_C0320940_62,,,,,
ACTDB1_old_C0320940_63,,,,,
ACTDB1_old_C0320940_64,,,,,
ACTDB1_old_C0320940_68,,,,,
ACTDB1_old_C0320940_70,,,,,
ACTDB1_old_C0320940_71,,,,,
ACTDB1_old_C0320940_72,,,,,
ACTDB1_old_C0320940_73,,,,,
ACTDB1_old_C0320940_77,,,,,
ACTDB1_old_C0320940_80,,,,,
ACTDB2_old_C0320940_10,,,,,
ACTDB2_old_C0320940_17,,,,,
ACTDB2_old_C0320940_18,,,,,
ACTDB2_old_C0320940_19,,,,,
ACTDB2_old_C0320940_20,,,,,
ACTDB2_old_C0320940_21,,,,,
ACTDB2_old_C0320940_22,,,,,
ACTDB2_old_C0320940_24,,,,,
ACTDB2_old_C0320940_25,,,,,
ACTDB2_old_C0320940_26,,,,,
ACTDB2_old_C0320940_27,,,,,
ACTDB2_old_C0320940_28,,,,,
ACTDB2_old_C0320940_29,,,,,
ACTDB2_old_C0320940_30,,,,,
ACTDB2_old_C0320940_32,,,,,
ACTDB2_old_C0320940_33,,,,,
ACTDB2_old_C0320940_34,,,,,
ACTDB2_old_C0320940_35,,,,,
ACTDB2_old_C0320940_37,,,,,
ACTDB2_old_C0320940_38,,,,,
ACTDB2_old_C0320940_39,,,,,
ACTDB2_old_C0320940_40,,,,,
ACTDB2_old_C0320940_41,,,,,
ACTDB2_old_C0320940_42,,,,,
ACTDB2_old_C0320940_43,,,,,
ACTDB2_old_C0320940_46,,,,,
ACTDB2_old_C0320940_47,,,,,
ACTDB2_old_C0320940_5,,,,,
ACTDB2_old_C0320940_6,,,,,
ACTDB2_old_C0320940_7,,,,,
ACTDB2_old_C0320940_8,,,,,
ACTDB2_old_C0320940_9,,,,,
ACTDB3_old_C0320941_13,,,,,
ACTDB3_old_C0320941_14,,,,,
ACTDB3_old_C0320941_15,,,,,
ACTDB3_old_C0320941_17,,,,,
ACTDB3_old_C0320941_18,,,,,
ACTDB3_old_C0320941_19,,,,,
ACTDB3_old_C0320941_20,,,,,
ACTDB3_old_C0320941_21,,,,,
ACTDB3_old_C0320941_22,,,,,
ACTDB3_old_C0320941_23,,,,,
ACTDB3_old_C0320941_24,,,,,
ACTDB3_old_C0320941_25,,,,,
ACTDB3_old_C0320941_26,,,,,
ACTDB3_old_C0320941_27,,,,,
ACTDB3_old_C0320941_28,,,,,
ACTDB3_old_C0320941_29,,,,,
ACTDB3_old_C0320941_30,,,,,
ACTDB3_old_C0320941_31,,,,,
ACTDB3_old_C0320941_36,,,,,
ACTDB3_old_C0320941_37,,,,,
ACTDB3_old_C0320941_38,,,,,
ACTDB3_old_C0320941_39,,,,,
ACTDB3_old_C0320941_4,,,,,
ACTDB3_old_C0320941_40,,,,,
ACTDB3_old_C0320941_41,,,,,
ACTDB3_old_C0320941_45,,,,,
ACTDB3_old_C0320941_46,,,,,
ACTDB3_old_C0320941_5,,,,,
ACTDB3_old_C0320941_6,,,,,
ACTDB4_old_C0320941_12,,,,,
ACTDB4_old_C0320941_13,,,,,
ACTDB4_old_C0320941_14,,,,,
ACTDB4_old_C0320941_15,,,,,
ACTDB4_old_C0320941_16,,,,,
ACTDB4_old_C0320941_17,,,,,
ACTDB4_old_C0320941_19,,,,,
ACTDB4_old_C0320941_20,,,,,
ACTDB4_old_C0320941_21,,,,,
ACTDB4_old_C0320941_22,,,,,
ACTDB4_old_C0320941_23,,,,,
ACTDB4_old_C0320941_24,,,,,
ACTDB4_old_C0320941_25,,,,,
ACTDB4_old_C0320941_27,,,,,
ACTDB4_old_C0320941_29,,,,,
ACTDB4_old_C0320941_3,,,,,
ACTDB4_old_C0320941_30,,,,,
ACTDB4_old_C0320941_31,,,,,
ACTDB4_old_C0320941_32,,,,,
ACTDB4_old_C0320941_33,,,,,
ACTDB4_old_C0320941_34,,,,,
ACTDB4_old_C0320941_35,,,,,
ACTDB4_old_C0320941_36,,,,,
ACTDB4_old_C0320941_37,,,,,
ACTDB4_old_C0320941_38,,,,,
ACTDB4_old_C0320941_39,,,,,
ACTDB4_old_C0320941_4,,,,,
ACTDB4_old_C0320941_40,,,,,
ACTDB4_old_C0320941_41,,,,,
ACTDB4_old_C0320941_5,,,,,
ACTDB4_old_C0320941_8,,,,,
ACTDB4_old_C0320941_9,,,,,
com.rbs.agilemarkets.amexecution.services:algo-strategy-service,,,,,
com.rbs.zambezi.apienabler:apienabler-ciba-model,,,,,
APS_old_C0319920_2,,,,,
com.rbs.agilemarkets.webcon:arete-rwd-caching-services,,,,,
com.rbs.agilemarkets.webcon:arete-rwd-gdpr-services,,,,,
com.rbs.agilemarkets.webcon:arete-rwd-migration-global-services,,,,,
com.rbs.agilemarkets.webcon:arete-rwd-thirdparty-services,,,,,
com.rbs.webcon:arete-spa-gdprsar-microservice,,,,,
com.rbs.webcon:arete-spa-mrf-integration-microservice,,,,,
com.rbs.webcon:arete-spa-retailerdispute-microservice,,,,,
com.rbs.webcon:arete-spa-sl-microservice,,,,,
Bankline_old_C0319469_5,,,,,
com.rbs.agilemarkets.digital-platform.bbconnect:bbc-ms-key-principals,,,,,
com.rbs.agilemarkets.digital-platform.bbconnect:bbc-ms-legal-execution,,,,,
com.rbs.agilemarkets.digital-platform.bbconnect:bbc-ms-risk-decision,,,,,
com.rbs.agilemarkets.digital-platform.bbconnect:bbc-ms-staff,,,,,
com.rbs.agilemarkets.digital-platform.bbconnect:bbc-ms-standalone-address,,,,,
com.rbs.agilemarkets.digital-platform.bbconnect:bbc-ms-standalone-application-management,,,,,
com.rbs.agilemarkets.digital-platform.bbconnect:bbc-ms-standalone-branch-details,,,,,
com.rbs.agilemarkets.digital-platform.bbconnect:bbc-ms-standalone-eligibility-parent,,,,,
com.rbs.agilemarkets.digital-platform.bbconnect:bbc-ms-standalone-form,,,,,
com.rbs.bdd.library:bdd-common-performance-monitor,,,,,
com.rbs.bdd.library:bdd-cryptography-library,,,,,
com.rbs.bdd.library:bdd-ecs-library,,,,,
com.rbs.bdd.library:bdd-mq-library-clustered,,,,,
com.rbs.bdd.library:bdd-mq-library-non-clustered,,,,,
com.rbs.bdd.library:bdd-mq-library-nonclustered,,,,,
com.rbs.bdd:bdd-ms-stub-corporatestatusnotification,,,,,
com.rbs.bdd:bdd-performance-analyser,,,,,
com.rbs.bdd.library:bdd-performance-analyser,,,,,
com.rbs.bdd.library:bdd-service-security-client-library,,,,,
com.rbs.bdd.library:bdd-soap-ws-client-library,,,,,
com.rbs.bdd:bdd-ui-stub-corporateservicetracker,,,,,
com.rbs.agilemarkets.amexecution.services:blotter-service,,,,,
BPP_C0320634_169,,,,,
BPP_C0320792_166,,,,,
BPP_C0320793_173,,,,,
BPP_C0320794_170,,,,,
BPP_C0320794_174,,,,,
BPP_C0320795_171,,,,,
BPP_new_C0320138_17,,,,,
BPP_new_C0320792_39,,,,,
BPP_old_C0320792_36,,,,,
BPP_old_C0320792_37,,,,,
BPP_old_C0320792_69,,,,,
BPP_old_C0320792_70,,,,,
BPP_old_C0320792_74,,,,,
BPP_old_C0320792_78,,,,,
BPP_old_C0320793_16,,,,,
BPP_old_C0320794_38,,,,,
BPP_old_C0320795_13,,,,,
BPP_old_C0321021_1,,,,,
BPP_old_C0321021_18,,,,,
BPP_old_C0321021_19,,,,,
BPP_old_C0321021_2,,,,,
BPP_old_C0321021_22,,,,,
BPP_old_C0321021_23,,,,,
BPP_old_C0321021_26,,,,,
BPP_old_C0321021_28,,,,,
BPP_old_C0321021_3,,,,,
BPP_old_C0321021_30,,,,,
BPP_old_C0321021_32,,,,,
BPP_old_C0321021_35,,,,,
BPP_old_C0321021_40,,,,,
BPP_old_C0321021_43,,,,,
BPP_old_C0321021_44,,,,,
BPP_old_C0321021_47,,,,,
BPP_old_C0321021_49,,,,,
BPP_old_C0321021_5,,,,,
BPP_old_C0321021_50,,,,,
BPP_old_C0321021_52,,,,,
BPP_old_C0321021_53,,,,,
BPP_old_C0321021_54,,,,,
BPP_old_C0321021_55,,,,,
BPP_old_C0321021_6,,,,,
BPP_old_C0321021_64,,,,,
BPP_old_C0321021_66,,,,,
BPP_old_C0321021_67,,,,,
BPP_old_C0321021_68,,,,,
CA1_new_C0321023_10,,,,,
CA1_new_C0321023_11,,,,,
CA1_new_C0321023_12,,,,,
CA1_new_C0321023_13,,,,,
CA1_new_C0321023_14,,,,,
CA1_new_C0321023_15,,,,,
CA1_new_C0321023_16,,,,,
CA1_new_C0321023_17,,,,,
CA1_new_C0321023_18,,,,,
CA1_new_C0321023_19,,,,,
CA1_new_C0321023_23,,,,,
CA1_new_C0321023_24,,,,,
CA1_new_C0321023_26,,,,,
CA1_new_C0321023_27,,,,,
CA1_new_C0321023_3,,,,,
CA1_new_C0321023_5,,,,,
CA1_new_C0321023_6,,,,,
CA1_new_C0321023_7,,,,,
CA1_new_C0321023_8,,,,,
CA2_new_C0321023_1,,,,,
CA2_new_C0321023_10,,,,,
CA2_new_C0321023_11,,,,,
CA2_new_C0321023_12,,,,,
CA2_new_C0321023_15,,,,,
CA2_new_C0321023_2,,,,,
CA2_new_C0321023_3,,,,,
CA2_new_C0321023_4,,,,,
CA2_new_C0321023_5,,,,,
CA2_old_C0321023_11,,,,,
CA2_old_C0321023_13,,,,,
CA2_old_C0321023_15,,,,,
CA2_old_C0321023_16,,,,,
CA2_old_C0321023_17,,,,,
CA2_old_C0321023_5,,,,,
CA2_old_C0321023_6,,,,,
CA2_old_C0321023_7,,,,,
CA2_old_C0321023_8,,,,,
CA_new_C0317670_122,,,,,
CA_new_C0319870_10,,,,,
CA_new_C0319870_24,,,,,
CA_new_C0319870_29,,,,,
CA_new_C0319870_31,,,,,
CA_new_C0319870_33,,,,,
CA_new_C0319870_34,,,,,
CA_new_C0319870_35,,,,,
CA_new_C0319870_36,,,,,
CA_new_C0319870_37,,,,,
CA_new_C0319870_38,,,,,
CA_new_C0319870_39,,,,,
CA_new_C0319870_40,,,,,
CA_new_C0319870_41,,,,,
CA_new_C0319870_43,,,,,
CA_new_C0319870_84,,,,,
CA_new_C0319870_85,,,,,
CA_new_C0319870_86,,,,,
CA_new_C0319870_87,,,,,
CA_new_C0319870_88,,,,,
CA_new_C0321023_110,,,,,
CA_new_C0321023_90,,,,,
CA_old_C0317670_122,,,,,
CA_old_C0319870_10,,,,,
CA_old_C0319870_27,,,,,
com.nwm.mrx:calc-parent:develop,,,,,
com.nwm.mrx:calc-parent:feature/lib-upgrades,,,,,
com.nwm.mrx:calc-parent:feature/MRX-3912-source-jar,,,,,
com.nwm.mrx:calc-parent:feature/skipTest,,,,,
CAO_C0320757_383,,,,,
CAO_C0320757_384,,,,,
CAO_C0320757_386,,,,,
CAO_C0320787_380,,,,,
CAO_C0320787_381,,,,,
CAO_new_C0320791_2,,,,,
CAO_old_C0320757_25,,,,,
CAO_old_C0320757_3,,,,,
CAO_old_C0320757_7,,,,,
CAO_old_C0320757_8,,,,,
CAO_old_C0320791_2,,,,,
CAO_old_C0320791_32,,,,,
CAO_old_C0320791_33,,,,,
CAO_old_C0320791_9,,,,,
CAUSTIC_STATEMENT_TRIGGER_MIGRATION_C0306062_53,,,,,
CAUSTIC_STATEMENT_TRIGGER_MIGRATION_C0306062_54,,,,,
charges_old_C0316068_19,,,,,
charges_old_C0317767_10,,,,,
charges_old_C0317767_11,,,,,
charges_old_C0317767_2,,,,,
charges_old_C0317767_3,,,,,
charges_old_C0317767_4,,,,,
charges_old_C0317767_5,,,,,
charges_old_C0317767_9,,,,,
com.rbs.agilemarkets.clm:clm-docgen-server,,,,,
com.rbs.agilemarkets.clm:clm-email-server,,,,,
Cloud9TelephonyApplication,,,,,
Apollo_ReleaseBuild_CmsAuth,,,,,
Apollo_DevelopmentBuild_CmsDatasource,,,,,
Apollo_ReleaseBuild_CmsLoadBalance,,,,,
Apollo_DevelopmentBuild_CmsRegistryService_2,,,,,
Cmst_filewatcher,,,,,
Cmst_cpms_sca_api,,,,,
Cmst_pims_poc,,,,,
com.rbs.agilemarkets.webcon:arete-rwd-core-clientlibs,,,,,
com.rbs.agilemarkets.webcon:arete-rwd-foundation-components,,,,,
com.rbs.agilemarkets.webcon:arete-rwd-page-components,,,,,
com.rbs.agilemarkets.webcon:arete-rwd-runmodes-components,,,,,
com.rbs.agilemarkets.webcon:arete-rwd-shelves-components,,,,,
com.rbs.agilemarkets.webcon:arete-rwd-tool-components,,,,,
com.rbs.agilemarkets.webcon:dmp-notification,,,,,
com.rbs.agilemarkets.webcon:dmp-services-package,,,,,
com.rbs.agilemarkets.webcon:dmp-taglib-package,,,,,
com.rbs.agilemarkets.webcon:publish-flush-agent-nfte2-pub1-vstwcps34n,,,,,
com.rbs.agora.api:trunk-4.3.14-SNAPSHOT,,,,,
com.nwm.calc:common-calculator:bugfix/Enable_Fix_Tests,,,,,
com.nwm.mrx:common-calculator:bugfix/Enable_Fix_Tests,,,,,
com.nwm.mrx:common-calculator:bugfix/MRX-4848-Fix-Partition-Colons,,,,,
com.nwm.mrx:common-calculator:bugfix/Support-COALESCE,,,,,
com.nwm.mrx:common-calculator:feature/MRX-1506,,,,,
com.nwm.mrx:common-calculator:feature/MRX-3531-WhatIfPOC,,,,,
com.nwm.calc:common-calculator:feature/MRX-3912-Load-Filters,,,,,
com.nwm.mrx:common-calculator:feature/MRX-3912-Load-Filters,,,,,
com.nwm.mrx:common-calculator:feature/MRX-3912-Remove-Known-Partitions,,,,,
com.nwm.mrx:common-calculator:feature/mrx-4246-fix-version-identify-issue-in-ccf,,,,,
com.nwm.mrx:common-model:bugfix/Add-Cusip-Coalesce,,,,,
com.nwm.mrx:common-model:bugfix/MRX-4419-Add-Fix-Cusip,,,,,
com.nwm.mrx:common-model:feature/MRX-3531-WhatIfPOC,,,,,
com.nwm.mrx:common-model:feature/MRX-3912-Add-orgUnit_nameSpace,,,,,
com.nwm.mrx:common-model:feature/mrx-3968-move-attributes-to-common-model,,,,,
com.nwm.mrx:common-model:feature/MRX-4419-Add-Mint-Name,,,,,
com.nwm.mrx:common-model:release/MRX-3915,,,,,
SVRServiceFramework-ADBO,,,,,
SVRService-ADBO,,,,,
SVRWebBroker-ADBO,,,,,
CBCC,,,,,
CORECUST_new_C0320250_16,,,,,
CORECUST_old_C0320250_16,,,,,
CORECUST_old_C0320471_18,,,,,
CORECUST_old_C0320471_20,,,,,
CORECUST_old_C0320471_21,,,,,
CORECUST_old_C0320471_26,,,,,
CORECUST_old_C0320471_27,,,,,
CORECUST_old_C0320471_28,,,,,
CORECUST_old_C0320471_29,,,,,
CRA1_new_C0321093_50,,,,,
CRA1_new_C0321093_51,,,,,
CRA1_new_C0321093_52,,,,,
CRA1_old_C0321093_15,,,,,
CRA1_old_C0321093_17,,,,,
CRA1_old_C0321093_18,,,,,
CRA1_old_C0321093_19,,,,,
CRA1_old_C0321093_20,,,,,
CRA1_old_C0321093_23,,,,,
CRA1_old_C0321093_24,,,,,
CRA1_old_C0321093_25,,,,,
CRA1_old_C0321093_30,,,,,
CRA1_old_C0321093_33,,,,,
CRA1_old_C0321093_34,,,,,
CRA1_old_C0321093_36,,,,,
CRA1_old_C0321093_37,,,,,
CRA1_old_C0321093_38,,,,,
CRA1_old_C0321093_39,,,,,
CRA1_old_C0321093_40,,,,,
CRA1_old_C0321093_41,,,,,
CRA1_old_C0321093_42,,,,,
CRA1_old_C0321093_43,,,,,
CRA1_old_C0321093_44,,,,,
CRA1_old_C0321093_45,,,,,
CRA1_old_C0321093_46,,,,,
CRA1_old_C0321093_48,,,,,
CRA1_old_C0321093_50,,,,,
CRA1_old_C0321093_51,,,,,
CRA1_old_C0321093_52,,,,,
CRA1_old_C0321093_55,,,,,
CRA1_old_C0321093_56,,,,,
CRA1_old_C0321093_57,,,,,
CRA1_old_C0321093_58,,,,,
CRA1_old_C0321093_59,,,,,
CRA1_old_C0321093_62,,,,,
CRA1_old_C0321093_64,,,,,
CRA2_old_C0321093_12,,,,,
CRA2_old_C0321093_13,,,,,
CRA2_old_C0321093_15,,,,,
CRA2_old_C0321093_16,,,,,
CRA2_old_C0321093_18,,,,,
CRA2_old_C0321093_19,,,,,
CRA2_old_C0321093_20,,,,,
CRA2_old_C0321093_22,,,,,
CRA2_old_C0321093_23,,,,,
CRA2_old_C0321093_24,,,,,
CRA2_old_C0321093_25,,,,,
CRA2_old_C0321093_26,,,,,
CRA2_old_C0321093_27,,,,,
CRA2_old_C0321093_29,,,,,
CRA2_old_C0321093_31,,,,,
CRA2_old_C0321093_35,,,,,
CRA2_old_C0321093_36,,,,,
CRA2_old_C0321093_37,,,,,
CRA2_old_C0321093_38,,,,,
CRA2_old_C0321093_39,,,,,
CRA2_old_C0321093_40,,,,,
CRA2_old_C0321093_43,,,,,
CRA2_old_C0321093_44,,,,,
CRA2_old_C0321093_45,,,,,
CRA_new_C0321199_22,,,,,
CRA_old_C0320739_30,,,,,
CRA_old_C0320739_31,,,,,
CRA_old_C0320739_34,,,,,
CRA_old_C0320739_35,,,,,
CRA_old_C0321093_24,,,,,
CRA_old_C0321093_25,,,,,
CRA_old_C0321093_26,,,,,
CRA_old_C0321093_27,,,,,
CRA_old_C0321199_22,,,,,
CRA_old_C0321245_11,,,,,
CRA_old_C0321245_12,,,,,
CRA_old_C0321245_23,,,,,
com.rbsfm.torrentfx:credit,,,,,
rbs.am.execution:customer-activity-service,,,,,
com.natwest.hbosp:customer-search-coordinator-service,,,,,
DiwgDataregistry_DataManagementPortalAugmn,,,,,
Videobanker_DemoApi,,,,,
DEMO01_new_C0318047_100,,,,,
DEMO01_new_C0318047_101,,,,,
DEMO01_new_C0318047_102,,,,,
DEMO01_new_C0318047_103,,,,,
DEMO01_new_C0318047_104,,,,,
DEMO01_new_C0318047_108,,,,,
DEMO01_new_C0318047_109,,,,,
DEMO01_new_C0318047_112,,,,,
DEMO01_new_C0318047_114,,,,,
DEMO01_new_C0318047_115,,,,,
DEMO01_new_C0318047_118,,,,,
DEMO01_new_C0318047_119,,,,,
DEMO01_new_C0318047_120,,,,,
DEMO01_new_C0318047_121,,,,,
DEMO01_new_C0318047_122,,,,,
DEMO01_new_C0318047_124,,,,,
DEMO01_new_C0318047_125,,,,,
DEMO01_new_C0318047_127,,,,,
DEMO01_new_C0318047_128,,,,,
DEMO01_new_C0318047_131,,,,,
DEMO01_new_C0318047_132,,,,,
DEMO01_new_C0318047_134,,,,,
DEMO01_new_C0318047_136,,,,,
DEMO01_new_C0318047_138,,,,,
DEMO01_new_C0318047_139,,,,,
DEMO01_new_C0318047_140,,,,,
DEMO01_new_C0318047_143,,,,,
DEMO01_new_C0318047_145,,,,,
DEMO01_new_C0318047_21,,,,,
DEMO01_new_C0318047_22,,,,,
DEMO01_new_C0318047_23,,,,,
DEMO01_new_C0318047_24,,,,,
DEMO01_new_C0318047_25,,,,,
DEMO01_new_C0318047_26,,,,,
DEMO01_new_C0318047_31,,,,,
DEMO01_new_C0318047_32,,,,,
DEMO01_new_C0318047_33,,,,,
DEMO01_new_C0318047_34,,,,,
DEMO01_new_C0318047_35,,,,,
DEMO01_new_C0318047_36,,,,,
DEMO01_new_C0318047_38,,,,,
DEMO01_new_C0318047_43,,,,,
DEMO01_new_C0318047_46,,,,,
DEMO01_new_C0318047_48,,,,,
DEMO01_new_C0318047_50,,,,,
DEMO01_new_C0318047_52,,,,,
DEMO01_new_C0318047_58,,,,,
DEMO01_new_C0318047_62,,,,,
DEMO01_new_C0318047_63,,,,,
DEMO01_new_C0318047_64,,,,,
DEMO01_new_C0318047_66,,,,,
DEMO01_new_C0318047_67,,,,,
DEMO01_new_C0318047_68,,,,,
DEMO01_new_C0318047_70,,,,,
DEMO01_new_C0318047_71,,,,,
DEMO01_new_C0318047_73,,,,,
DEMO01_new_C0318047_74,,,,,
DEMO01_new_C0318047_77,,,,,
DEMO01_new_C0318047_80,,,,,
DEMO01_new_C0318047_81,,,,,
DEMO01_new_C0318047_82,,,,,
DEMO01_new_C0318047_83,,,,,
DEMO01_new_C0318047_84,,,,,
DEMO01_new_C0318047_85,,,,,
DEMO01_new_C0318047_86,,,,,
DEMO01_new_C0318047_87,,,,,
DEMO01_new_C0318047_88,,,,,
DEMO01_new_C0318047_89,,,,,
DEMO01_new_C0318047_90,,,,,
DEMO01_new_C0318047_91,,,,,
DEMO01_new_C0318047_92,,,,,
DEMO01_new_C0318047_93,,,,,
DEMO01_new_C0318047_94,,,,,
DEMO01_new_C0318047_95,,,,,
DEMO01_new_C0318047_96,,,,,
DEMO01_new_C0318047_97,,,,,
DEMO01_new_C0318047_98,,,,,
DEMO01_new_C0318047_99,,,,,
DEMO01_new_C0319870_12,,,,,
DEMO01_old_C0318047_117,,,,,
DEMO01_old_C0320789_118,,,,,
DEMO01_old_C0320789_123,,,,,
DEMO01_old_C0320789_126,,,,,
DEMO01_old_C0320789_128,,,,,
DEMO01_old_C0320789_130,,,,,
DEMO01_old_C0320789_137,,,,,
DEMO01_old_C0320789_144,,,,,
DEMO02_new_C0318047_27,,,,,
DEMO02_new_C0318047_45,,,,,
DEMO02_new_C0318047_46,,,,,
DEMO02_new_C0318047_47,,,,,
DEMO02_old_C0317767_17,,,,,
DEMO02_old_C0317767_18,,,,,
DEMO02_old_C0317767_19,,,,,
DEMO06_C0317953_388,,,,,
DEMO06_C0318047_10,,,,,
DEMO06_C0318047_13,,,,,
DEMO06_C0318047_14,,,,,
DEMO06_C0318047_175,,,,,
DEMO06_C0318047_176,,,,,
DEMO06_C0318047_177,,,,,
DEMO06_C0318047_178,,,,,
DEMO06_C0318047_179,,,,,
DEMO06_C0318047_180,,,,,
DEMO06_C0318047_181,,,,,
DEMO06_C0318047_183,,,,,
DEMO06_C0318047_184,,,,,
DEMO06_C0318047_185,,,,,
DEMO06_C0318047_261,,,,,
DEMO06_C0318047_264,,,,,
DEMO06_C0318047_265,,,,,
DEMO06_C0318047_266,,,,,
DEMO06_C0318047_271,,,,,
DEMO06_new_C0318047_10,,,,,
DEMO06_new_C0318047_100,,,,,
DEMO06_new_C0318047_101,,,,,
DEMO06_new_C0318047_102,,,,,
DEMO06_new_C0318047_103,,,,,
DEMO06_new_C0318047_104,,,,,
DEMO06_new_C0318047_105,,,,,
DEMO06_new_C0318047_106,,,,,
DEMO06_new_C0318047_108,,,,,
DEMO06_new_C0318047_109,,,,,
DEMO06_new_C0318047_11,,,,,
DEMO06_new_C0318047_110,,,,,
DEMO06_new_C0318047_111,,,,,
DEMO06_new_C0318047_112,,,,,
DEMO06_new_C0318047_113,,,,,
DEMO06_new_C0318047_114,,,,,
DEMO06_new_C0318047_115,,,,,
DEMO06_new_C0318047_116,,,,,
DEMO06_new_C0318047_117,,,,,
DEMO06_new_C0318047_118,,,,,
DEMO06_new_C0318047_119,,,,,
DEMO06_new_C0318047_125,,,,,
DEMO06_new_C0318047_126,,,,,
DEMO06_new_C0318047_127,,,,,
DEMO06_new_C0318047_128,,,,,
DEMO06_new_C0318047_129,,,,,
DEMO06_new_C0318047_130,,,,,
DEMO06_new_C0318047_131,,,,,
DEMO06_new_C0318047_132,,,,,
DEMO06_new_C0318047_133,,,,,
DEMO06_new_C0318047_137,,,,,
DEMO06_new_C0318047_14,,,,,
DEMO06_new_C0318047_15,,,,,
DEMO06_new_C0318047_16,,,,,
DEMO06_new_C0318047_17,,,,,
DEMO06_new_C0318047_20,,,,,
DEMO06_new_C0318047_21,,,,,
DEMO06_new_C0318047_22,,,,,
DEMO06_new_C0318047_23,,,,,
DEMO06_new_C0318047_32,,,,,
DEMO06_new_C0318047_33,,,,,
DEMO06_new_C0318047_34,,,,,
DEMO06_new_C0318047_35,,,,,
DEMO06_new_C0318047_36,,,,,
DEMO06_new_C0318047_37,,,,,
DEMO06_new_C0318047_38,,,,,
DEMO06_new_C0318047_47,,,,,
DEMO06_new_C0318047_5,,,,,
DEMO06_new_C0318047_50,,,,,
DEMO06_new_C0318047_54,,,,,
DEMO06_new_C0318047_58,,,,,
DEMO06_new_C0318047_59,,,,,
DEMO06_new_C0318047_65,,,,,
DEMO06_new_C0318047_66,,,,,
DEMO06_new_C0318047_67,,,,,
DEMO06_new_C0318047_68,,,,,
DEMO06_new_C0318047_69,,,,,
DEMO06_new_C0318047_70,,,,,
DEMO06_new_C0318047_76,,,,,
DEMO06_new_C0318047_78,,,,,
DEMO06_new_C0318047_79,,,,,
DEMO06_new_C0318047_80,,,,,
DEMO06_new_C0318047_82,,,,,
DEMO06_new_C0318047_86,,,,,
DEMO06_new_C0318047_87,,,,,
DEMO06_new_C0318047_88,,,,,
DEMO06_new_C0318047_89,,,,,
DEMO06_new_C0318047_9,,,,,
DEMO06_new_C0318047_90,,,,,
DEMO06_new_C0318047_92,,,,,
DEMO06_new_C0318047_93,,,,,
DEMO06_new_C0318047_95,,,,,
DEMO06_new_C0318047_96,,,,,
DEMO06_new_C0318047_97,,,,,
DEMO06_new_C0318047_98,,,,,
DEMO06_new_C0318047_99,,,,,
DEMO06_old_C0317767_60,,,,,
DEMO06_old_C0317767_61,,,,,
DEMO06_old_C0317767_63,,,,,
DEMO06_old_C0318047_10,,,,,
DEMO06_old_C0318047_11,,,,,
DEMO06_old_C0318047_14,,,,,
DEMO06_old_C0318047_15,,,,,
DEMO06_old_C0318047_16,,,,,
DEMO06_old_C0318047_17,,,,,
DEMO06_old_C0318047_5,,,,,
DEMO06_old_C0318047_9,,,,,
Demo_new_C0318047_37,,,,,
Demo_new_C0318047_38,,,,,
Demo_new_C0321089_13,,,,,
Demo_new_C0321089_14,,,,,
Demo_new_C0321089_15,,,,,
Demo_new_C0321089_16,,,,,
Demo_new_C0321089_17,,,,,
Demo_new_C0321089_18,,,,,
Demo_new_C0321089_19,,,,,
Demo_new_C0321089_20,,,,,
Demo_new_C0321089_22,,,,,
Demo_new_C0321089_23,,,,,
Demo_new_C0321089_26,,,,,
Demo_new_C0321089_27,,,,,
Demo_new_C0321089_28,,,,,
Demo_new_C0321089_29,,,,,
Demo_new_C0321089_30,,,,,
Demo_new_C0321089_31,,,,,
Demo_new_C0321089_32,,,,,
Demo_new_C0321089_33,,,,,
BanklSrc_Build_DevPsd2augObUbrpispReplica,,,,,
BanklSrc_AutomatedPipeline_INtDemoLta,,,,,
BanklSrc_Build_INtDemoLta,,,,,
DiwgDataregistry,,,,,
DotNet,,,,,
com.rbs.amexecution:ecn-blotter-service,,,,,
EM1_new_C0318047_7,,,,,
EM_new_C0320515_10,,,,,
EM_old_C0320377_2,,,,,
EM_old_C0320377_47,,,,,
EM_old_C0320377_48,,,,,
EM_old_C0320377_49,,,,,
EM_old_C0320377_50,,,,,
EM_old_C0320377_51,,,,,
EM_old_C0320515_10,,,,,
EM_old_C0320805_14,,,,,
EM_old_C0320805_31,,,,,
EM_old_C0320806_13,,,,,
EM_old_C0320806_15,,,,,
EM_old_C0320806_16,,,,,
EM_old_C0320807_35,,,,,
EM_old_C0320808_38,,,,,
EM_old_C0320810_41,,,,,
EM_old_C0320811_40,,,,,
EM_old_C0320811_42,,,,,
com.rbs.agilemarkets.eq:eq-admin-ms-customers,,,,,
com.rbs.agilemarkets.eq:eq-ms-notices,,,,,
com.rbsint:eqob-eqng-dao-api-jar,,,,,
com.rbsint:eqob-eqng-dao-impl-jar,,,,,
com.rbsint:eqob-eqng-dao-mock-jar,,,,,
com.rbsint:eqob-eqng-mediator-api-jar,,,,,
com.rbsint:eqob-eqng-mediator-impl-jar,,,,,
com.rbsint:eqob-eqng-mediator-mock-jar,,,,,
com.rbsint:eqob-esp-confirmation-of-payee-service-jar,,,,,
com.rbsint:eqob-esp-confirmation-of-payee-service-war,,,,,
com.rbsint:eqob-esp-file-payment-instruction-management-service-jar,,,,,
com.rbsint:eqob-esp-payment-instruction-management-service-jar,,,,,
com.rbsint:eqob-lib-service-management-api-jar,,,,,
com.rbsint:eqob-library-jar,,,,,
com.rbsint:eqob-npa-dao-api-jar,,,,,
com.rbsint:eqob-npa-dao-impl-jar,,,,,
com.rbsint:eqob-npa-dao-mock-jar,,,,,
com.rbs.agilemarkets.cpbd:fcm-ds-clearing,,,,,
com.rbs.agilemarkets.cpbd:fcm-ms-clearing,,,,,
BanklSrc_AutomatedPipeline_DemoLta,,,,,
BanklSrc_CblMar_DemoLta,,,,,
com.rbs:focus-ulsterpco-transform-svc,,,,,
com.rbs.agilemarkets.amcob:ftm-amcob-server,,,,,
MSSMDSP_GMSPayments,,,,,
MSSMDSP_GMSTransactions,,,,,
GN_SR23_C0315921,,,,,
GN_SR23_C0320759,,,,,
iam-idp-interceptor-adapter,,,,,
AgileMarkets_DigitalHomeBuying_JavaArchetype_IntCompatValuationGms,,,,,
AgileMarkets_DigitalHomeBuying_JavaArchetype_IntCoordValuation,,,,,
BanklSrc_Release_IntBnklObr3psd1eba,,,,,
BanklSrc_Release_IntCrossBorderPayments,,,,,
BanklSrc_Release_IntMarchRelease,,,,,
com.rbs.jedi:jedi,,,,,
com.nwm.mrx:lib-core-security:develop,,,,,
com.nwm.mrx:lib-scheduler:develop,,,,,
com.nwm.mrx:lib-svc-caf:develop,,,,,
com.nwm.mrx:lib-svc-caf:feature/MRX-4151,,,,,
com.nwm.mrx:lib-svc-mdx,,,,,
com.nwm.mrx:lib-validation-framework:develop,,,,,
AgileMarkets_DigitalHomeBuying_JavaArchetype_LibValuationClients,,,,,
AgileMarkets_DigitalHomeBuying_JavaArchetype_LibValuationModel,,,,,
com.rbsg:linkdelink,,,,,
com.rbs.agilemarkets.digital-platform.lending:lnd-ms-creditmonitoring-journeymanager,,,,,
com.rbs.agilemarkets.digital-platform.lending:lnd-ms-dash-board-staff-service,,,,,
com.rbs.agilemarkets.digital-platform.lending:lnd-ms-document-structuring,,,,,
com.rbs.agilemarkets.digital-platform.lending:lnd-ms-proposal-service,,,,,
com.rbs.agilemarkets.digital-platform.lending:lnd-ms-risk-decision,,,,,
com.rbsg:mainservice,,,,,
ULSHBPCRM,,,,,
PBBEEOMCRM,,,,,
ULSEDBCRM,,,,,
MCC_Console,,,,,
MSSMDSP_UI,,,,,
com.nwm.mrx:mrx-parent:feature/MRX-4300,,,,,
com.rbs.digital.sdp:ms-accounts,,,,,
com.rbs.cora:ms-c2c-housekeeping,,,,,
com.rbs.cora:ms-clicktocontact,,,,,
com.rbs.ad:ms-dpv2-hello-world,,,,,
com.rbs.digital.sdp:ms-lib-exception-handling,,,,,
com.rbs.digital.sdp:ms-lib-validation,,,,,
com.rbs.digital.sdp:ms-model-accounts,,,,,
AgileMarkets_DigitalHomeBuying_JavaArchetype_MsvcValuationData,,,,,
AgileMarkets_DigitalHomeBuying_JavaArchetype_MsvcValuationHometrack,,,,,
AgileMarkets_DigitalHomeBuying_JavaArchetype_MsvcValuationPoller,,,,,
AgileMarkets_DigitalHomeBuying_JavaArchetype_MsvcValuationQuest,,,,,
AgileMarkets_DigitalHomeBuying_JavaArchetype_MsvcValuationRules,,,,,
com.nwm.mrx:nwm-service-framework:feature/MRX-4027,,,,,
com.nwm.mrx:nwm-service-framework:feature/MRX-4437_orchestrastator_books_filtering,,,,,
com.nwm.mrx:nwm-service-framework:feature/MRX-4508,,,,,
com.nwm.mrx:nwm-service-framework:release/tag-2.1.0,,,,,
com.rbs.zambezi.openbanking:ob-account-identification-parent,,,,,
com.rbs.zambezi.openbanking:ob-common,,,,,
com.rbs.zambezi.openbanking:ob-payments-web-common,,,,,
ODC,,,,,
com.rbs.zambezi.openbanking:openbanking-accounts-web-model,,,,,
com.rbs.zambezi.openbanking:openbanking-bankline-remote,,,,,
com.rbs.zambezi.openbanking:openbanking-common,,,,,
com.rbs.zambezi.openbanking:openbanking-eq-remote,,,,,
com.rbs.orchestrator:orchestrator,,,,,
com.rbs.amexecution:orders-service,,,,,
MSSMDSP_OTPCoordinator,,,,,
com.rbs.cpbd:payment-service-parent,,,,,
com.example:pcfDemo,,,,,
com.rbs.cmst:pims-validation-call,,,,,
PIMS_new_C0321089_10,,,,,
PIMS_new_C0321089_45,,,,,
PIMS_new_C0321089_47,,,,,
PIMS_new_C0321089_50,,,,,
PIMS_new_C0321089_53,,,,,
PIMS_new_C0321089_54,,,,,
PLSQL_TEST,,,,,
com.rbs.cms:pms-sca-api,,,,,
POSCIBuild,,,,,
QCoE-Cobol-NewTest,,,,,
QCoE-Cobol-UAT1,,,,,
QCoE-Java-Test,,,,,
QCoE-Leakperiod-test,,,,,
QCoE-LeakPeriod-Test,,,,,
QCOE_LEAKPERIOD_TEST,,,,,
QCOE_LEAKPERIOD_TEST16,,,,,
com.rbs.risk.raven.eli:raven-enhanced-lead-indicators,,,,,
com.rbs.mib:dotnet.example,,,,,
com.rbs.mib:dotnet.WaveRelease2020.1,,,,,
com.rbsint:rbsi-lib-lookup-jar,,,,,
com.rbsint:rbsi-lib-lookup-sortcodemetadata-jar,,,,,
RCM1_old_C0320034_17,,,,,
RCM1_old_C0321401_18,,,,,
RCM1_old_C0321401_19,,,,,
RCM1_old_C0321401_20,,,,,
RCM1_old_C0321401_21,,,,,
RCM1_old_C0321401_22,,,,,
RCM1_old_C0321401_23,,,,,
RCM1_old_C0321401_24,,,,,
RCM1_old_C0321401_25,,,,,
RCM1_old_C0321401_26,,,,,
RCM1_old_C0321401_27,,,,,
RCM1_old_C0321401_28,,,,,
RCM1_old_C0321401_29,,,,,
RCM1_old_C0321401_30,,,,,
RCM1_old_C0321401_31,,,,,
RCM1_old_C0321401_32,,,,,
RCM1_old_C0321401_35,,,,,
RCM1_old_C0321401_37,,,,,
RCM1_old_C0321401_38,,,,,
RCM1_old_C0321401_39,,,,,
RCM1_old_C0321401_40,,,,,
RCM2_old_C0320739_1,,,,,
RCM2_old_C0320739_10,,,,,
RCM2_old_C0320739_11,,,,,
RCM2_old_C0320739_13,,,,,
RCM2_old_C0320739_14,,,,,
RCM2_old_C0320739_15,,,,,
RCM2_old_C0320739_16,,,,,
RCM2_old_C0320739_19,,,,,
RCM2_old_C0320739_2,,,,,
RCM2_old_C0320739_20,,,,,
RCM2_old_C0320739_22,,,,,
RCM2_old_C0320739_23,,,,,
RCM2_old_C0320739_24,,,,,
RCM2_old_C0320739_3,,,,,
RCM2_old_C0320739_4,,,,,
RCM2_old_C0320739_5,,,,,
RCM2_old_C0320739_6,,,,,
RCM2_old_C0320739_8,,,,,
RCM3_old_C0320739_1,,,,,
RCM3_old_C0320739_12,,,,,
RCM3_old_C0320739_13,,,,,
RCM3_old_C0320739_14,,,,,
RCM3_old_C0320739_15,,,,,
RCM3_old_C0320739_16,,,,,
RCM3_old_C0320739_2,,,,,
RCM3_old_C0320739_3,,,,,
RCM3_old_C0320739_4,,,,,
RCM3_old_C0320739_7,,,,,
RCM3_old_C0320739_8,,,,,
RCM3_old_C0320739_9,,,,,
RCMBA_new_C0318047_163,,,,,
RCMBA_new_C0318047_164,,,,,
RCMBA_new_C0318047_165,,,,,
RCMBA_new_C0318047_166,,,,,
RCMBA_new_C0318047_167,,,,,
RCMBA_new_C0318047_168,,,,,
RCMBA_new_C0318047_169,,,,,
RCMBA_new_C0318047_170,,,,,
RCMBA_new_C0318047_174,,,,,
RCMBA_new_C0318047_180,,,,,
RCMBA_new_C0318047_255,,,,,
RCMBA_new_C0318047_258,,,,,
RCMBA_new_C0318047_259,,,,,
RCMBA_new_C0318047_260,,,,,
RCMBA_new_C0318047_264,,,,,
RCMBA_new_C0318047_265,,,,,
RCMBA_new_C0318047_266,,,,,
RCMBA_new_C0318047_267,,,,,
RCMBA_new_C0318047_269,,,,,
RCMBA_new_C0318047_270,,,,,
RCMBA_new_C0318047_271,,,,,
RCMBA_new_C0318047_272,,,,,
RCMBA_new_C0318047_273,,,,,
RCMBA_new_C0318047_274,,,,,
RCMBA_new_C0318047_279,,,,,
RCMBA_new_C0318047_280,,,,,
RCMBA_new_C0318047_283,,,,,
RCMBA_new_C0318047_284,,,,,
RCMBA_new_C0318047_286,,,,,
RCMBA_new_C0318047_287,,,,,
RCMBA_new_C0318047_288,,,,,
RCMBA_new_C0318047_289,,,,,
RCMBA_new_C0318047_290,,,,,
RCMBA_new_C0318047_291,,,,,
RCMBA_new_C0318047_292,,,,,
RCMBA_new_C0318047_293,,,,,
RCMBA_new_C0318047_294,,,,,
RCMBA_new_C0318047_295,,,,,
RCMBA_new_C0318047_296,,,,,
RCMBA_new_C0318047_297,,,,,
RCMBA_new_C0318047_298,,,,,
RCMBA_new_C0318047_299,,,,,
RCMBA_new_C0318047_300,,,,,
RCMBA_new_C0318047_301,,,,,
RCMBA_new_C0318047_302,,,,,
RCMBA_new_C0318047_529,,,,,
RCMBA_new_C0320034_10,,,,,
RCMBA_new_C0320034_11,,,,,
RCMBA_new_C0320034_12,,,,,
RCMBA_new_C0320034_2,,,,,
RCMBA_new_C0320034_3,,,,,
RCMBA_new_C0320034_4,,,,,
RCMBA_new_C0320034_6,,,,,
RCMBA_new_C0320034_7,,,,,
RCMBA_new_C0320034_8,,,,,
RCMBA_new_C0320034_9,,,,,
RCMBA_old_C0320034_100,,,,,
RCMBA_old_C0320034_102,,,,,
RCMBA_old_C0320938_23,,,,,
RCMBA_old_C0320938_25,,,,,
RCMBA_old_C0320938_26,,,,,
RCMBA_old_C0320938_27,,,,,
RCMBA_old_C0321401_110,,,,,
RCMBA_old_C0321401_112,,,,,
RCMBA_old_C0321401_113,,,,,
RCMBA_old_C0321401_114,,,,,
RCMBA_old_C0321401_115,,,,,
RCMBA_old_C0321401_116,,,,,
RCMBA_old_C0321401_117,,,,,
RCMBA_old_C0321401_118,,,,,
RCMBA_old_C0321401_119,,,,,
RCMBA_old_C0321401_120,,,,,
RCMBA_old_C0321401_121,,,,,
RCMBA_old_C0321401_126,,,,,
RCMBA_old_C0321401_127,,,,,
RCMBA_old_C0321401_128,,,,,
RCMBA_old_C0321401_130,,,,,
RCMBA_old_C0321401_134,,,,,
RCMBA_old_C0321401_135,,,,,
com.rbs.rmp.ms:rmp-microservice-alerts,,,,,
com.nwm.mrx:sa-model:feature/MRX-3095,,,,,
com.nwm.mrx:sa-model:feature/MRX-3789,,,,,
com.nwm.mrx:sa-model:release/MRX-3100,,,,,
SAO_new_C0320505_5,,,,,
SAO_new_C0320505_6,,,,,
SAO_new_C0320505_7,,,,,
SAO_old_C0320505_5,,,,,
SAO_old_C0320505_6,,,,,
SAO_old_C0320505_7,,,,,
com.rbs.agilemarkets.amexecution.services-common:services-common,,,,,
com.rbs.sandbox:sinania-data-algorithm-standalone,,,,,
com.rbs.sample:sinania-vertex,,,,,
Sonar_Cobol_AccDB,,,,,
Sonar_Cobol_ACCDB1,,,,,
Sonar_Cobol_ACCDB2,,,,,
Sonar_Cobol_AccDBV1,,,,,
Sonar_Cobol_INTER_PROD,,,,,
Sonar_Cobol_NAP_PROD,,,,,
Sonar_Cobol_SAORBS_Savings_CNGD,,,,,
Sonar_Cobol_SAORBS_Savings_PROD,,,,,
Sonar_Cobol_test1,,,,,
SonarCube_D0306_C0319424_55,,,,,
SonarQubeNew_C0301343_19,,,,,
SonarQubeNew_C0301343_20,,,,,
SonarQubeNew_C0301343_21,,,,,
SonarQubeNew_C0316435_42,,,,,
SonarQubeNew_C0316857_18,,,,,
SonarQubeNew_C0318047_58,,,,,
SonarQubeNew_C0318047_59,,,,,
SonarQubeNew_C0319543_44,,,,,
SonarQubeNew_C0319543_45,,,,,
SonarQubeNew_C0319543_47,,,,,
SonarQubeNew_C0319543_48,,,,,
SonarQubeNew_C0319543_49,,,,,
SonarQubeNew_C0319543_79,,,,,
SonarQubeNew_C0319700_18,,,,,
SonarQubeNew_C0321220_78,,,,,
SonarQubeNew_CSTM_Release1C_C0320548_67,,,,,
SonarQubeNew_DBRPSTEX_Report_C0320548_68,,,,,
SonarQubeNew_DBRSTSUP_C0318509_71,,,,,
SonarQubeNew_DBRSTSUP_C0318509_73,,,,,
SonarQubeNew_DBRSTSUP_D0313_C0320548_65,,,,,
SonarQubeNew_DBRSTSUP_D0416_C0318509_72,,,,,
SonarQubeOld_C0301343_19,,,,,
SonarQubeOld_C0301343_20,,,,,
SonarQubeOld_C0301343_21,,,,,
SonarQubeOld_C0316435_42,,,,,
SonarQubeOld_C0316857_18,,,,,
SonarQubeOld_C0319543_44,,,,,
SonarQubeOld_C0319543_45,,,,,
SonarQubeOld_C0319543_47,,,,,
SonarQubeOld_C0319543_48,,,,,
SonarQubeOld_C0319543_49,,,,,
SonarQubeOld_C0319543_79,,,,,
SonarQubeOld_C0319700_18,,,,,
SonarQubeOld_C0321220_78,,,,,
SonarQubeOld_CSTM_Release1C_C0320548_67,,,,,
SonarQubeOld_DBRPSTEX_Report_C0320548_68,,,,,
SonarQubeOld_DBRSTSUP_C0318509_71,,,,,
SonarQubeOld_DBRSTSUP_C0318509_73,,,,,
SonarQubeOld_DBRSTSUP_D0313_C0320548_65,,,,,
SonarQubeOld_DBRSTSUP_D0416_C0318509_72,,,,,
Statement_Suppression_C0306062_50,,,,,
com.rbsfm.style:style,,,,,
stylems,,,,,
com.rbsg:summaryservice,,,,,
com.nwm.mrx:svc-calc-request-tracking:feature/MRX-4027,,,,,
com.nwm.mrx:svc-calc-request-tracking:MRX-4011,,,,,
com.nwm.mrx:svc-calc-request-tracking-api:develop,,,,,
com.nwm.mrx:svc-calc-request-tracking-api:feature/MRX-4027,,,,,
com.nwm.mrx:svc-common-api:bugfix/MRX-2538,,,,,
com.nwm.mrx:svc-common-api:feature/MRX-3764,,,,,
com.nwm.mrx:svc-common-api:feature/MRX-3875,,,,,
com.nwm.mrx:svc-common-api:feature/MRX-3876,,,,,
com.nwm.mrx:svc-common-api:feature/MRX-4424,,,,,
com.nwm.mrx:svc-common-api:feature/MRX-4434,,,,,
com.nwm.mrx:svc-common-api:feature/MRX-4551,,,,,
com.nwm.mrx:svc-common-api:feature/MRX-4580,,,,,
com.nwm.mrx:svc-common-api:release/MRX-2538,,,,,
com.nwm.mrx:svc-common-api:release/tag-1.2.1,,,,,
com.nwm.mrx:svc-configuration:develop,,,,,
com.nwm.mrx:svc-configuration:feature/MRX-4607,,,,,
com.nwm.mrx:svc-data-dashboard,,,,,
com.nwm.mrx:svc-data-dashboard:develop,,,,,
com.nwm.mrx:svc-data-dashboard:feature/MRX-4312,,,,,
com.nwm.mrx:svc-data-dashboard:feature/MRX-4319-GetRiskMeasureNumbers,,,,,
com.nwm.mrx:svc-data-dashboard:feature/MRX-4320-GetHierarchyContFromHMS,,,,,
com.nwm.mrx:svc-datacontrol:feature/MRX-3476,,,,,
com.nwm.mrx:svc-datacontrol:feature/MRX-4307,,,,,
com.nwm.mrx:svc-datacontrol:feature/MRX-4578,,,,,
com.nwm.mrx:svc-mdts-scheduler,,,,,
com.nwm.mrx:svc-message-broker:develop,,,,,
com.nwm.mrx:svc-message-broker:feature/MRX-4160,,,,,
com.nwm.mrx:svc-message-broker:feature/MRX-5025,,,,,
com.nwm.mrx:svc-mrx-ui:bugfix/MRX-4041_calc_error_reporting,,,,,
com.nwm.mrx:svc-mrx-ui:feature/MRX-3063_query_api_migration,,,,,
com.nwm.mrx:svc-mrx-ui:feature/MRX-3063_var_svar_with_pnl,,,,,
com.nwm.mrx:svc-mrx-ui:feature/MRX-3794_migration_of_parrent_poms,,,,,
com.nwm.mrx:svc-mrx-ui:feature/MRX-3876,,,,,
com.nwm.mrx:svc-mrx-ui:feature/MRX-4027,,,,,
com.nwm.mrx:svc-mrx-ui:feature/MRX-4458_svar_with_var,,,,,
com.nwm.mrx:svc-mrx-ui:feature/MRX-4574,,,,,
com.nwm.mrx:svc-mrx-ui:feature/MRX-4574-bugfix,,,,,
com.nwm.mrx:svc-mrx-ui:feature/MRX-4575-Change,,,,,
com.nwm.mrx:svc-mrx-ui:feature/MRX-4575-Release,,,,,
com.nwm.mrx:svc-mrx-ui:feature/mrx_3875,,,,,
com.nwm.mrx:svc-mrx-ui:feature/mrx_3877_feature,,,,,
com.nwm.mrx:svc-mrx-ui:feature/mrx_3878,,,,,
com.nwm.mrx:svc-mrx-ui:feature/mrx_3879,,,,,
com.nwm.mrx:svc-mrx-ui:mrx-3877,,,,,
com.nwm.mrx:svc-parent:develop,,,,,
com.nwm.mrx:svc-parent:feature/MRX-3880,,,,,
com.nwm.mrx:svc-parent:feature/MRX-4074,,,,,
com.nwm.mrx:svc-parent:feature/MRX-4157,,,,,
com.nwm.mrx:svc-parent:feature/MRX-4300,,,,,
com.nwm.mrx:svc-parent:feature/MRX-4300_2,,,,,
com.nwm.mrx:svc-query-definition:develop,,,,,
com.nwm.mrx:svc-query-definition:feature/MRX-4027,,,,,
com.nwm.mrx:svc-query-definition:feature/MRX-4424,,,,,
com.nwm.mrx:svc-query-definition-api:feature/MRX-3063_var_and_svar_with_pnl,,,,,
com.nwm.mrx:svc-query-definition-api:feature/MRX-3816-refactor-var-request-dto-model,,,,,
com.nwm.mrx:svc-query-definition-api:feature/MRX-4027,,,,,
com.nwm.mrx:svc-query-definition-api:feature/MRX-4424,,,,,
com.nwm.mrx:svc-query-definition-api:feature/MRX-4458_svar_with_var,,,,,
com.nwm.mrx:svc-query-definition-api:release/MRX-3297,,,,,
com.nwm.mrx:svc-query-definition-api:release/tag-1.2.0,,,,,
com.nwm.mrx.recon:svc-recon-tool,,,,,
com.nwm.mrx:svc-reference-data:bugfix/MRX-4434,,,,,
com.nwm.mrx:svc-reference-data:feature/MRX-4027,,,,,
com.nwm.mrx:svc-reference-data:feature/MRX-4371,,,,,
com.nwm.mrx:svc-reference-data:feature/MRX-4434,,,,,
com.nwm.mrx:svc-reference-data:feature/MRX-4440_additional_attribute_fields,,,,,
com.nwm.mrx:svc-reference-data:feature/MRX-4551,,,,,
com.nwm.mrx:svc-reference-data-api:feature/MRX-4027,,,,,
com.nwm.mrx:svc-reference-data-api:feature/MRX-4434,,,,,
com.nwm.mrx:svc-reference-data-api:feature/MRX-4440_new_attribute_fields,,,,,
com.nwm.mrx:svc-reference-data-api:feature/MRX-4551,,,,,
com.nwm.mrx:svc-sa:bugfix/MRX-3764,,,,,
com.nwm.mrx:svc-sa:feature/MRX-3250,,,,,
com.nwm.mrx:svc-sa:feature/MRX-4027,,,,,
com.nwm.mrx:svc-sa:feature/MRX-4893-FixLogging,,,,,
com.nwm.mrx:svc-var:bugfix/MRX-3816-fix-sonar-violation,,,,,
com.nwm.mrx:svc-var:bugfix/MRX-4036-var-var-calculation-returned-when-hierarchy-attribute-present,,,,,
com.nwm.mrx:svc-var:bugfix/MRX-4041_calc_error_reporting,,,,,
com.nwm.mrx:svc-var:feature/MRX-3044,,,,,
com.nwm.mrx:svc-var:feature/MRX-3816-allow-multiple-confidence-levels-in-one-request,,,,,
com.nwm.mrx:svc-var:feature/MRX-3816-split-time-horizons-to-separate-calc-requests,,,,,
com.nwm.mrx:svc-var:feature/MRX-3816-var-service-always-returning-all-associated-results,,,,,
com.nwm.mrx:svc-var:feature/MRX-3865_var_svar_with_pnl,,,,,
com.nwm.mrx:svc-var:feature/MRX-4022,,,,,
com.nwm.mrx:svc-var:feature/MRX-4027,,,,,
com.nwm.mrx:svc-var:feature/MRX-4408,,,,,
com.nwm.mrx:svc-var:feature/MRX-4426,,,,,
com.nwm.mrx:svc-var:feature/MRX-4431-performance-testing,,,,,
com.nwm.mrx:svc-var:feature/MRX-4458_var_with_svar,,,,,
com.nwm.mrx:svc-var:MRX-2995_calc_status_endpoint,,,,,
com.nwm.mrx:svc-var:MRX-3915,,,,,
com.nwm.mrx:svc-what-if:feature/MRX-3740,,,,,
com.nwm.mrx:svc-what-if:feature/MRX-4027,,,,,
com.nwm.mrx:svc-what-if:feature/MRX-4150,,,,,
com.nwm.mrx:svc-what-if:feature/MRX-4152,,,,,
com.nwm.mrx:svc-what-if:feature/MRX-4828-scenario-timeseries-persistence,,,,,
com.nwm.mrx:svc-what-if:feature/MRX-4963-delete-timeseries-with-scenario,,,,,
com.nwm.mrx:svc-what-if:fix/sonar-new-vulnerabilities,,,,,
com.rbs.agilemarkets.amexecution.services:tca-service,,,,,
Apollo_DevelopmentBuild_TestGen02ApplicationService,,,,,
org.rbs.cms:transaction-application-service,,,,,
Phoenix_Phoenix_Trunk,,,,,
com.rbs.risk.spearmint:ulster-decisioning-flow,,,,,
AgileMarkets_CpbInnovation_JavaMS_Feature_UspRequesthandler,,,,,
com.rbs.digital.sdp:ws-client-esp-cust-arr-mgmt,,,,,
com.rbs.digital.sdp:ws-model-esp-cust-arr-mgmt,,,,,
