<?xml version="1.0" encoding="UTF-8"?>
<teamcity-plugin xmlns:xsi="http://www.w3.org/2001/XMLSchema-instance" xsi:noNamespaceSchemaLocation="urn:schemas-jetbrains-com:teamcity-plugin-v1-xml">
  <info>
    <name>demoPlugin</name>
    <display-name>demoPlugin</display-name>
    <version>@Version@</version>
    <description>Plugin description</description>
    <download-url>Plugin download URL</download-url>
    <email>Plugin author e-mail</email>
    <vendor>
      <name>@VendorName@</name>
      <url>@VendorURL@</url>
      <logo>Plugin vendor logo URL</logo>
    </vendor>
  </info>
  <deployment use-separate-classloader="true"/>
</teamcity-plugin>
