<?xml version="1.0" encoding="ISO-8859-1"?>
<!--Edited using Gateway Setup Editor version GA4.2.0-170130 at 2018-01-31 11:23:14 by singsuy on DELMW64322-->
<!--Generated using the gateway maintenance tool version: 1-->
<gateway compatibility="1" xmlns:xsi="http://www.w3.org/2001/XMLSchema-instance" xsi:noNamespaceSchemaLocation="http://schema.itrsgroup.com/GA4.0.0-170112/gateway.xsd">
	<probes>
		<probeGroup name="Dts">
			<probe disabled="true" name="lonrs03011">
				<hostname>lonrs03011</hostname>
				<permissions>
					<RMSGET>true</RMSGET>
					<RMSPUT>true</RMSPUT>
					<RMSEXEC>true</RMSEXEC>
				</permissions>
			</probe>
			<probe disabled="true" name="lonrs03414">
				<hostname>lonrs03414</hostname>
				<permissions>
					<RMSGET>true</RMSGET>
					<RMSPUT>true</RMSPUT>
					<RMSEXEC>true</RMSEXEC>
				</permissions>
			</probe>
			<probe disabled="true" name="lonrs03415">
				<hostname>lonrs03415</hostname>
				<permissions>
					<RMSGET>true</RMSGET>
					<RMSPUT>true</RMSPUT>
					<RMSEXEC>true</RMSEXEC>
				</permissions>
			</probe>
			<probe disabled="true" name="lonrs03413">
				<hostname>lonrs03413</hostname>
				<permissions>
					<RMSGET>true</RMSGET>
					<RMSPUT>true</RMSPUT>
					<RMSEXEC>true</RMSEXEC>
				</permissions>
			</probe>
			<probe disabled="true" name="lonrs05522">
				<hostname>lonrs05522</hostname>
				<permissions>
					<RMSGET>true</RMSGET>
					<RMSPUT>true</RMSPUT>
					<RMSEXEC>true</RMSEXEC>
				</permissions>
			</probe>
			<probe disabled="true" name="lonrs05523">
				<hostname>lonrs05522</hostname>
				<permissions>
					<RMSGET>true</RMSGET>
					<RMSPUT>true</RMSPUT>
					<RMSEXEC>true</RMSEXEC>
				</permissions>
			</probe>
			<probe disabled="true" name="lonrs05527">
				<hostname>lonrs05527</hostname>
				<permissions>
					<RMSGET>true</RMSGET>
					<RMSPUT>true</RMSPUT>
					<RMSEXEC>true</RMSEXEC>
				</permissions>
			</probe>
			<probe disabled="true" name="lonrs05523">
				<hostname>lonrs05523</hostname>
				<permissions>
					<RMSGET>true</RMSGET>
					<RMSPUT>true</RMSPUT>
					<RMSEXEC>true</RMSEXEC>
				</permissions>
			</probe>
			<probe disabled="true" name="lonuc28234">
				<hostname>lonuc28234</hostname>
				<permissions>
					<RMSGET>true</RMSGET>
					<RMSPUT>true</RMSPUT>
					<RMSEXEC>true</RMSEXEC>
				</permissions>
			</probe>
			<probe disabled="true" name="lonrs08800">
				<hostname>lonrs08800</hostname>
				<permissions>
					<RMSGET>true</RMSGET>
					<RMSPUT>true</RMSPUT>
					<RMSEXEC>true</RMSEXEC>
				</permissions>
			</probe>
			<probe disabled="true" name="lonrs08798">
				<hostname>lonrs08798</hostname>
				<permissions>
					<RMSGET>true</RMSGET>
					<RMSPUT>true</RMSPUT>
					<RMSEXEC>true</RMSEXEC>
				</permissions>
			</probe>
			<probe disabled="true" name="lonrs10067">
				<hostname>lonrs10067</hostname>
				<permissions>
					<RMSGET>true</RMSGET>
					<RMSPUT>true</RMSPUT>
					<RMSEXEC>true</RMSEXEC>
				</permissions>
			</probe>
			<probe disabled="true" name="lonrs10068">
				<hostname>lonrs10068</hostname>
				<permissions>
					<RMSGET>true</RMSGET>
					<RMSPUT>true</RMSPUT>
					<RMSEXEC>true</RMSEXEC>
				</permissions>
			</probe>
			<probe disabled="true" name="storv10441">
				<hostname>storv10441</hostname>
				<permissions>
					<RMSGET>true</RMSGET>
					<RMSPUT>true</RMSPUT>
					<RMSEXEC>true</RMSEXEC>
				</permissions>
			</probe>
			<probe disabled="true" name="storv10442">
				<hostname>storv10442</hostname>
				<permissions>
					<RMSGET>true</RMSGET>
					<RMSPUT>true</RMSPUT>
					<RMSEXEC>true</RMSEXEC>
				</permissions>
			</probe>
			<probe disabled="true" name="storv10445">
				<hostname>storv10445</hostname>
				<permissions>
					<RMSGET>true</RMSGET>
					<RMSPUT>true</RMSPUT>
					<RMSEXEC>true</RMSEXEC>
				</permissions>
			</probe>
			<probe disabled="true" name="lonrs10154">
				<hostname>lonrs10154</hostname>
				<permissions>
					<RMSGET>true</RMSGET>
					<RMSPUT>true</RMSPUT>
					<RMSEXEC>true</RMSEXEC>
				</permissions>
			</probe>
			<probe disabled="true" name="storv10683">
				<hostname>storv10683</hostname>
				<permissions>
					<RMSGET>true</RMSGET>
					<RMSPUT>true</RMSPUT>
					<RMSEXEC>true</RMSEXEC>
				</permissions>
			</probe>
			<probe disabled="true" name="storv10684">
				<hostname>storv10684</hostname>
				<permissions>
					<RMSGET>true</RMSGET>
					<RMSPUT>true</RMSPUT>
					<RMSEXEC>true</RMSEXEC>
				</permissions>
			</probe>
			<probe disabled="true" name="storv10703">
				<hostname>storv10703</hostname>
				<permissions>
					<RMSGET>true</RMSGET>
					<RMSPUT>true</RMSPUT>
					<RMSEXEC>true</RMSEXEC>
				</permissions>
			</probe>
			<probe disabled="true" name="storv10721">
				<hostname>storv10721</hostname>
				<permissions>
					<RMSGET>true</RMSGET>
					<RMSPUT>true</RMSPUT>
					<RMSEXEC>true</RMSEXEC>
				</permissions>
			</probe>
			<probe disabled="true" name="lonuc23449">
				<hostname>lonuc23449</hostname>
				<permissions>
					<RMSGET>true</RMSGET>
					<RMSPUT>true</RMSPUT>
					<RMSEXEC>true</RMSEXEC>
				</permissions>
			</probe>
			<probe disabled="true" name="lonuc23450">
				<hostname>lonuc23450</hostname>
				<permissions>
					<RMSGET>true</RMSGET>
					<RMSPUT>true</RMSPUT>
					<RMSEXEC>true</RMSEXEC>
				</permissions>
			</probe>
			<probe disabled="true" name="lonuc23451">
				<hostname>lonuc23451</hostname>
				<permissions>
					<RMSGET>true</RMSGET>
					<RMSPUT>true</RMSPUT>
					<RMSEXEC>true</RMSEXEC>
				</permissions>
			</probe>
			<probe disabled="true" name="lonuc28948">
				<hostname>lonuc28948</hostname>
				<permissions>
					<RMSGET>true</RMSGET>
					<RMSPUT>true</RMSPUT>
					<RMSEXEC>true</RMSEXEC>
				</permissions>
			</probe>
			<probe disabled="true" name="storv10832">
				<hostname>storv10832</hostname>
				<permissions>
					<RMSGET>true</RMSGET>
					<RMSPUT>true</RMSPUT>
					<RMSEXEC>true</RMSEXEC>
				</permissions>
			</probe>
			<probe disabled="true" name="storv10848">
				<hostname>storv10848</hostname>
				<permissions>
					<RMSGET>true</RMSGET>
					<RMSPUT>true</RMSPUT>
					<RMSEXEC>true</RMSEXEC>
				</permissions>
			</probe>
			<probe disabled="true" name="storv10865">
				<hostname>storv10865</hostname>
				<permissions>
					<RMSGET>true</RMSGET>
					<RMSPUT>true</RMSPUT>
					<RMSEXEC>true</RMSEXEC>
				</permissions>
			</probe>
			<probe disabled="true" name="storv10866">
				<hostname>storv10866</hostname>
				<permissions>
					<RMSGET>true</RMSGET>
					<RMSPUT>true</RMSPUT>
					<RMSEXEC>true</RMSEXEC>
				</permissions>
			</probe>
			<probe disabled="true" name="lonms13238">
				<hostname>lonms13238</hostname>
				<permissions>
					<RMSGET>true</RMSGET>
					<RMSPUT>true</RMSPUT>
					<RMSEXEC>true</RMSEXEC>
				</permissions>
			</probe>
			<probe disabled="true" name="lonms13239">
				<hostname>lonms13239</hostname>
				<permissions>
					<RMSGET>true</RMSGET>
					<RMSPUT>true</RMSPUT>
					<RMSEXEC>true</RMSEXEC>
				</permissions>
			</probe>
			<probe disabled="true" name="lonms13240">
				<hostname>lonms13240</hostname>
				<permissions>
					<RMSGET>true</RMSGET>
					<RMSPUT>true</RMSPUT>
					<RMSEXEC>true</RMSEXEC>
				</permissions>
			</probe>
			<probe disabled="true" name="lonms13243">
				<hostname>lonms13243</hostname>
				<permissions>
					<RMSGET>true</RMSGET>
					<RMSPUT>true</RMSPUT>
					<RMSEXEC>true</RMSEXEC>
				</permissions>
			</probe>
			<probe disabled="true" name="lonrs09485">
				<hostname>lonrs09485</hostname>
				<permissions>
					<RMSGET>true</RMSGET>
					<RMSPUT>true</RMSPUT>
					<RMSEXEC>true</RMSEXEC>
				</permissions>
			</probe>
			<probe disabled="true" name="lonrs09486">
				<hostname>lonrs09486</hostname>
				<permissions>
					<RMSGET>true</RMSGET>
					<RMSPUT>true</RMSPUT>
					<RMSEXEC>true</RMSEXEC>
				</permissions>
			</probe>
			<probe disabled="true" name="lonrs09489">
				<hostname>lonrs09489</hostname>
				<permissions>
					<RMSGET>true</RMSGET>
					<RMSPUT>true</RMSPUT>
					<RMSEXEC>true</RMSEXEC>
				</permissions>
			</probe>
			<probe disabled="true" name="lonms13241">
				<hostname>lonms13241</hostname>
				<permissions>
					<RMSGET>true</RMSGET>
					<RMSPUT>true</RMSPUT>
					<RMSEXEC>true</RMSEXEC>
				</permissions>
			</probe>
			<probe disabled="true" name="lonms13242">
				<hostname>lonms13242</hostname>
				<permissions>
					<RMSGET>true</RMSGET>
					<RMSPUT>true</RMSPUT>
					<RMSEXEC>true</RMSEXEC>
				</permissions>
			</probe>
			<probe disabled="true" name="lonrs09490">
				<hostname>lonrs09490</hostname>
				<permissions>
					<RMSGET>true</RMSGET>
					<RMSPUT>true</RMSPUT>
					<RMSEXEC>true</RMSEXEC>
				</permissions>
			</probe>
			<probe disabled="true" name="lonrs09491">
				<hostname>lonrs09491</hostname>
				<permissions>
					<RMSGET>true</RMSGET>
					<RMSPUT>true</RMSPUT>
					<RMSEXEC>true</RMSEXEC>
				</permissions>
			</probe>
			<probe disabled="true" name="lonms13237">
				<hostname>lonms13237</hostname>
				<permissions>
					<RMSGET>true</RMSGET>
					<RMSPUT>true</RMSPUT>
					<RMSEXEC>true</RMSEXEC>
				</permissions>
			</probe>
			<probe disabled="true" name="lonms13244">
				<hostname>lonms13244</hostname>
				<permissions>
					<RMSGET>true</RMSGET>
					<RMSPUT>true</RMSPUT>
					<RMSEXEC>true</RMSEXEC>
				</permissions>
			</probe>
			<probe disabled="true" name="lonrs09483">
				<hostname>lonrs09483</hostname>
				<permissions>
					<RMSGET>true</RMSGET>
					<RMSPUT>true</RMSPUT>
					<RMSEXEC>true</RMSEXEC>
				</permissions>
			</probe>
			<probe disabled="true" name="lonrs09487">
				<hostname>lonrs09487</hostname>
				<permissions>
					<RMSGET>true</RMSGET>
					<RMSPUT>true</RMSPUT>
					<RMSEXEC>true</RMSEXEC>
				</permissions>
			</probe>
			<probe disabled="true" name="lonms13235">
				<hostname>lonms13235</hostname>
				<permissions>
					<RMSGET>true</RMSGET>
					<RMSPUT>true</RMSPUT>
					<RMSEXEC>true</RMSEXEC>
				</permissions>
			</probe>
			<probe disabled="true" name="lonms13236">
				<hostname>lonms13236</hostname>
				<permissions>
					<RMSGET>true</RMSGET>
					<RMSPUT>true</RMSPUT>
					<RMSEXEC>true</RMSEXEC>
				</permissions>
			</probe>
			<probe disabled="true" name="lonrs09484">
				<hostname>lonrs09484</hostname>
				<permissions>
					<RMSGET>true</RMSGET>
					<RMSPUT>true</RMSPUT>
					<RMSEXEC>true</RMSEXEC>
				</permissions>
			</probe>
			<probe disabled="true" name="lonrs09488">
				<hostname>lonrs09488</hostname>
				<permissions>
					<RMSGET>true</RMSGET>
					<RMSPUT>true</RMSPUT>
					<RMSEXEC>true</RMSEXEC>
				</permissions>
			</probe>
			<probe disabled="true" name="lonrs09492">
				<hostname>lonrs09492</hostname>
				<permissions>
					<RMSGET>true</RMSGET>
					<RMSPUT>true</RMSPUT>
					<RMSEXEC>true</RMSEXEC>
				</permissions>
			</probe>
			<probe disabled="true" name="lonms13079">
				<hostname>lonms13079</hostname>
				<permissions>
					<RMSGET>true</RMSGET>
					<RMSPUT>true</RMSPUT>
					<RMSEXEC>true</RMSEXEC>
				</permissions>
			</probe>
			<probe disabled="true" name="lonms13080">
				<hostname>lonms13080</hostname>
				<permissions>
					<RMSGET>true</RMSGET>
					<RMSPUT>true</RMSPUT>
					<RMSEXEC>true</RMSEXEC>
				</permissions>
			</probe>
			<probe disabled="true" name="lonms13081">
				<hostname>lonms13081</hostname>
				<permissions>
					<RMSGET>true</RMSGET>
					<RMSPUT>true</RMSPUT>
					<RMSEXEC>true</RMSEXEC>
				</permissions>
			</probe>
			<probe disabled="true" name="lonms13077">
				<hostname>lonms13077</hostname>
				<permissions>
					<RMSGET>true</RMSGET>
					<RMSPUT>true</RMSPUT>
					<RMSEXEC>true</RMSEXEC>
				</permissions>
			</probe>
			<probe disabled="true" name="lonms13078">
				<hostname>lonms13078</hostname>
				<permissions>
					<RMSGET>true</RMSGET>
					<RMSPUT>true</RMSPUT>
					<RMSEXEC>true</RMSEXEC>
				</permissions>
			</probe>
			<probe disabled="true" name="stomv11151">
				<hostname>stomv11151</hostname>
				<permissions>
					<RMSGET>true</RMSGET>
					<RMSPUT>true</RMSPUT>
					<RMSEXEC>true</RMSEXEC>
				</permissions>
			</probe>
			<probe disabled="true" name="lonms13084">
				<hostname>lonms13084</hostname>
				<permissions>
					<RMSGET>true</RMSGET>
					<RMSPUT>true</RMSPUT>
					<RMSEXEC>true</RMSEXEC>
				</permissions>
			</probe>
			<probe disabled="true" name="lonms13085">
				<hostname>lonms13085</hostname>
				<permissions>
					<RMSGET>true</RMSGET>
					<RMSPUT>true</RMSPUT>
					<RMSEXEC>true</RMSEXEC>
				</permissions>
			</probe>
			<probe disabled="true" name="lonms13082">
				<hostname>lonms13082</hostname>
				<permissions>
					<RMSGET>true</RMSGET>
					<RMSPUT>true</RMSPUT>
					<RMSEXEC>true</RMSEXEC>
				</permissions>
			</probe>
			<probe disabled="true" name="lonms13083">
				<hostname>lonms13083</hostname>
				<permissions>
					<RMSGET>true</RMSGET>
					<RMSPUT>true</RMSPUT>
					<RMSEXEC>true</RMSEXEC>
				</permissions>
			</probe>
			<probe disabled="true" name="lonrs09370">
				<hostname>lonrs09370</hostname>
				<permissions>
					<RMSGET>true</RMSGET>
					<RMSPUT>true</RMSPUT>
					<RMSEXEC>true</RMSEXEC>
				</permissions>
			</probe>
			<probe disabled="true" name="lonrs09371">
				<hostname>lonrs09371</hostname>
				<permissions>
					<RMSGET>true</RMSGET>
					<RMSPUT>true</RMSPUT>
					<RMSEXEC>true</RMSEXEC>
				</permissions>
			</probe>
			<probe disabled="true" name="lonrs09375">
				<hostname>lonrs09375</hostname>
				<permissions>
					<RMSGET>true</RMSGET>
					<RMSPUT>true</RMSPUT>
					<RMSEXEC>true</RMSEXEC>
				</permissions>
			</probe>
			<probe disabled="true" name="lonrs09376">
				<hostname>lonrs09376</hostname>
				<permissions>
					<RMSGET>true</RMSGET>
					<RMSPUT>true</RMSPUT>
					<RMSEXEC>true</RMSEXEC>
				</permissions>
			</probe>
			<probe disabled="true" name="lonrs09374">
				<hostname>lonrs09374</hostname>
				<permissions>
					<RMSGET>true</RMSGET>
					<RMSPUT>true</RMSPUT>
					<RMSEXEC>true</RMSEXEC>
				</permissions>
			</probe>
			<probe disabled="true" name="lonrs09377">
				<hostname>lonrs09377</hostname>
				<permissions>
					<RMSGET>true</RMSGET>
					<RMSPUT>true</RMSPUT>
					<RMSEXEC>true</RMSEXEC>
				</permissions>
			</probe>
			<probe disabled="true" name="lonrs09378">
				<hostname>lonrs09378</hostname>
				<permissions>
					<RMSGET>true</RMSGET>
					<RMSPUT>true</RMSPUT>
					<RMSEXEC>true</RMSEXEC>
				</permissions>
			</probe>
			<probe disabled="true" name="lonrs09379">
				<hostname>lonrs09379</hostname>
				<permissions>
					<RMSGET>true</RMSGET>
					<RMSPUT>true</RMSPUT>
					<RMSEXEC>true</RMSEXEC>
				</permissions>
			</probe>
			<probe disabled="true" name="lonrs09372">
				<hostname>lonrs09372</hostname>
				<permissions>
					<RMSGET>true</RMSGET>
					<RMSPUT>true</RMSPUT>
					<RMSEXEC>true</RMSEXEC>
				</permissions>
			</probe>
			<probe disabled="true" name="lonrs09373">
				<hostname>lonrs09373</hostname>
				<permissions>
					<RMSGET>true</RMSGET>
					<RMSPUT>true</RMSPUT>
					<RMSEXEC>true</RMSEXEC>
				</permissions>
			</probe>
			<probe disabled="true" name="storv10894">
				<hostname>storv10894</hostname>
				<permissions>
					<RMSGET>true</RMSGET>
					<RMSPUT>true</RMSPUT>
					<RMSEXEC>true</RMSEXEC>
				</permissions>
			</probe>
			<probe disabled="true" name="storv10965">
				<hostname>storv10965</hostname>
				<permissions>
					<RMSGET>true</RMSGET>
					<RMSPUT>true</RMSPUT>
					<RMSEXEC>true</RMSEXEC>
				</permissions>
			</probe>
			<probe disabled="true" name="storv10974">
				<hostname>storv10974</hostname>
				<permissions>
					<RMSGET>true</RMSGET>
					<RMSPUT>true</RMSPUT>
					<RMSEXEC>true</RMSEXEC>
				</permissions>
			</probe>
			<probe disabled="true" name="storv10977">
				<hostname>storv10977</hostname>
				<permissions>
					<RMSGET>true</RMSGET>
					<RMSPUT>true</RMSPUT>
					<RMSEXEC>true</RMSEXEC>
				</permissions>
			</probe>
			<probe disabled="true" name="stomv11331">
				<hostname>stomv11331</hostname>
				<permissions>
					<RMSGET>true</RMSGET>
					<RMSPUT>true</RMSPUT>
					<RMSEXEC>true</RMSEXEC>
				</permissions>
			</probe>
			<probe disabled="true" name="storv10996">
				<hostname>storv10996</hostname>
				<permissions>
					<RMSGET>true</RMSGET>
					<RMSPUT>true</RMSPUT>
					<RMSEXEC>true</RMSEXEC>
				</permissions>
			</probe>
			<probe disabled="true" name="stomv11347">
				<hostname>stomv11347</hostname>
				<permissions>
					<RMSGET>true</RMSGET>
					<RMSPUT>true</RMSPUT>
					<RMSEXEC>true</RMSEXEC>
				</permissions>
			</probe>
			<probe name="lonrs11777">
				<hostname>lonrs11777</hostname>
				<port>7036</port>
			</probe>
			<probe name="lonrs12220">
				<hostname>lonrs12220</hostname>
				<port>7036</port>
			</probe>
			<probe name="lonrs12221">
				<hostname>lonrs12221</hostname>
				<port>7036</port>
			</probe>
			<probe name="lonrs12222">
				<hostname>lonrs12222</hostname>
			</probe>
			<probe name="lonrs12223">
				<hostname>lonrs12223</hostname>
			</probe>
			<probe name="lonrs12321">
				<hostname>lonrs12321</hostname>
			</probe>
			<probe name="lonrs12320">
				<hostname>lonrs12320</hostname>
			</probe>
			<probe name="lonrs12322">
				<hostname>lonrs12322</hostname>
			</probe>
			<probe name="lonrs12229">
				<hostname>lonrs12229</hostname>
			</probe>
			<probe name="lonuc16223">
				<group>DB Server</group>
				<description>JIRA HA UAT DB Server</description>
				<displayName>JIRA HA UAT DB Server</displayName>
				<hostname>lonuc16223</hostname>
			</probe>
			<probe name="lonrs12230">
				<group>Teamcity</group>
				<hostname>lonrs12230</hostname>
			</probe>
			<probe name="vstdtsp01f">
				<hostname>11.159.148.31</hostname>
				<port>7036</port>
			</probe>
			<probe name="vstdtsp05f">
				<hostname>11.159.148.35</hostname>
				<port>7036</port>
			</probe>
			<probe name="vstdtsp02f">
				<hostname>11.159.148.32</hostname>
				<port>7036</port>
			</probe>
			<probe name="vstdtsp03f">
				<hostname>11.159.148.33</hostname>
				<port>7036</port>
			</probe>
			<probe name="vstdtsp04f">
				<hostname>11.159.148.34</hostname>
				<port>7036</port>
			</probe>
			<probe name="vstdtsp06f">
				<hostname>11.159.148.36</hostname>
				<port>7036</port>
			</probe>
			<probe name="vstdtsp07f">
				<hostname>11.159.148.78</hostname>
				<port>7036</port>
			</probe>
			<probe name="vstdtsp08f">
				<hostname>11.159.148.77</hostname>
				<port>7036</port>
			</probe>
		</probeGroup>
	</probes>
	<managedEntities>
		<managedEntity name="dts-uk-uat">
			<virtualProbe ref="Gateway"/>
			<addTypes>
				<type ref="Gateway">
					<environment ref="Gateway"/>
				</type>
			</addTypes>
			<sampler ref="Gateway-includesData"/>
		</managedEntity>
		<managedEntityGroup name="DES TOOLS">
			<attribute name="Application">DES TOOLS</attribute>
			<managedEntityGroup disabled="true" name="Windows">
				<attribute name="OS">Windows</attribute>
				<addTypes>
					<type ref="Base">
						<environment ref="Base Windows"/>
					</type>
					<type ref="Base Windows">
						<environment ref="Base Windows"/>
					</type>
				</addTypes>
				<managedEntityGroup name="EMEA">
					<attribute name="Region">EMEA</attribute>
					<attribute name="Gel ID">3318</attribute>
					<managedEntityGroup name="United Kingdom">
						<attribute name="Country">United Kingdom</attribute>
						<managedEntityGroup name="Welwyn Garden City">
							<attribute name="City">Welwyn Garden City</attribute>
							<managedEntity name="lonms13238">
								<probe ref="lonms13238"/>
							</managedEntity>
							<managedEntity name="lonms13239">
								<probe ref="lonms13239"/>
							</managedEntity>
							<managedEntity name="lonms13240">
								<probe ref="lonms13240"/>
							</managedEntity>
							<managedEntity name="lonms13243">
								<probe ref="lonms13243"/>
							</managedEntity>
							<managedEntity name="lonms13241">
								<probe ref="lonms13241"/>
							</managedEntity>
							<managedEntity name="lonms13242">
								<probe ref="lonms13242"/>
							</managedEntity>
							<managedEntity name="lonms13237">
								<probe ref="lonms13237"/>
							</managedEntity>
							<managedEntity name="lonms13244">
								<probe ref="lonms13244"/>
							</managedEntity>
							<managedEntity name="lonms13235">
								<probe ref="lonms13235"/>
							</managedEntity>
							<managedEntity name="lonms13236">
								<probe ref="lonms13236"/>
							</managedEntity>
						</managedEntityGroup>
						<managedEntityGroup name="Romford">
							<attribute name="City">Romford</attribute>
							<managedEntity name="lonms13079">
								<probe ref="lonms13079"/>
							</managedEntity>
							<managedEntity name="lonms13080">
								<probe ref="lonms13080"/>
							</managedEntity>
							<managedEntity name="lonms13081">
								<probe ref="lonms13081"/>
							</managedEntity>
							<managedEntity name="lonms13077">
								<probe ref="lonms13077"/>
							</managedEntity>
							<managedEntity name="lonms13078">
								<probe ref="lonms13078"/>
							</managedEntity>
							<managedEntity name="lonms13084">
								<probe ref="lonms13084"/>
							</managedEntity>
							<managedEntity name="lonms13085">
								<probe ref="lonms13085"/>
							</managedEntity>
							<managedEntity name="lonms13082">
								<probe ref="lonms13082"/>
							</managedEntity>
							<managedEntity name="lonms13083">
								<probe ref="lonms13083"/>
							</managedEntity>
						</managedEntityGroup>
						<managedEntityGroup disabled="true" name="Uk Other">
							<attribute name="City">Uk Other</attribute>
							<managedEntity name="stomv11151">
								<probe ref="stomv11151"/>
							</managedEntity>
							<managedEntity name="stomv11331">
								<probe ref="stomv11331"/>
							</managedEntity>
							<managedEntity name="stomv11347">
								<probe ref="stomv11347"/>
							</managedEntity>
						</managedEntityGroup>
					</managedEntityGroup>
				</managedEntityGroup>
			</managedEntityGroup>
			<managedEntityGroup disabled="true" name="Unknown OS">
				<attribute name="OS">Unknown</attribute>
				<managedEntityGroup name="EMEA">
					<attribute name="Region">EMEA</attribute>
					<attribute name="Gel ID">3318</attribute>
					<managedEntityGroup name="United Kingdom">
						<attribute name="Country">United Kingdom</attribute>
						<managedEntityGroup name="Welwyn Garden City">
							<attribute name="City">Welwyn Garden City</attribute>
							<managedEntity name="lonuc23449">
								<probe ref="lonuc23449"/>
							</managedEntity>
							<managedEntity name="lonuc23450">
								<probe ref="lonuc23450"/>
							</managedEntity>
							<managedEntity name="lonuc23451">
								<probe ref="lonuc23451"/>
							</managedEntity>
						</managedEntityGroup>
						<managedEntityGroup name="Uk Other">
							<attribute name="City">Uk Other</attribute>
							<managedEntity name="lonuc28234">
								<probe ref="lonuc28234"/>
							</managedEntity>
							<managedEntity name="lonuc28948">
								<probe ref="lonuc28948"/>
							</managedEntity>
						</managedEntityGroup>
					</managedEntityGroup>
				</managedEntityGroup>
			</managedEntityGroup>
			<managedEntityGroup name="Linux" disabled="true">
				<attribute name="Business Unit">Engineering And Shared Services </attribute>
				<addTypes>
					<type ref="Base">
						<environment ref="Base Linux"/>
					</type>
					<type ref="Base Linux">
						<environment ref="Base Linux"/>
					</type>
				</addTypes>
				<managedEntityGroup name="EMEA">
					<attribute name="Region">EMEA</attribute>
					<attribute name="Gel ID">3318</attribute>
					<managedEntityGroup name="United Kingdom">
						<attribute name="Country">United Kingdom</attribute>
						<attribute name=""/>
						<managedEntity disabled="true" name="lonrs12222">
							<probe ref="lonrs12222"/>
							<sampler ref="test-ping"/>
						</managedEntity>
						<managedEntity name="lonrs12320">
							<probe ref="lonrs12320"/>
							<sampler ref="test-ping"/>
						</managedEntity>
						<managedEntity name="lonrs12321">
							<probe ref="lonrs12321"/>
							<sampler ref="test-ping"/>
						</managedEntity>
						<managedEntity name="lonrs12322">
							<probe ref="lonrs12322"/>
							<sampler ref="test-ping"/>
						</managedEntity>
						<managedEntity name="lonrs12323">
							<probe ref="lonrs12323"/>
							<sampler ref="test-ping"/>
						</managedEntity>
						<managedEntity name="lonrs12324">
							<probe ref="lonrs12324"/>
							<sampler ref="test-ping"/>
						</managedEntity>
						<managedEntity name="lonrs11777">
							<probe ref="lonrs11777"/>
							<sampler ref="test-ping"/>
						</managedEntity>
						<managedEntity name="LONRS12220">
							<probe ref="lonrs12220"/>
							<sampler ref="test-ping"/>
						</managedEntity>
						<managedEntity name="LONRS12221">
							<probe ref="lonrs12221"/>
							<sampler ref="test-ping"/>
						</managedEntity>
						<managedEntity name="LONRS12321">
							<probe ref="lonrs12321"/>
							<sampler ref="test-ping"/>
						</managedEntity>
						<managedEntity disabled="true" name="LONRS12229">
							<probe ref="lonrs12229"/>
							<sampler ref="test-ping"/>
						</managedEntity>
						<managedEntity name="vstdtsp01f">
							<probe ref="vstdtsp01f"/>
							<sampler ref="test-ping"/>
						</managedEntity>
						<managedEntity name="vstdtsp05f">
							<probe ref="vstdtsp05f"/>
							<sampler ref="test-ping"/>
						</managedEntity>
						<managedEntity name="vstdtsp02f">
							<probe ref="vstdtsp02f"/>
							<sampler ref="test-ping"/>
						</managedEntity>
						<managedEntity name="vstdtsp03f">
							<probe ref="vstdtsp03f"/>
							<sampler ref="test-ping"/>
						</managedEntity>
						<managedEntity name="vstdtsp04f">
							<probe ref="vstdtsp04f"/>
							<sampler ref="test-ping"/>
						</managedEntity>
						<managedEntity name="vstdtsp06f">
							<probe ref="vstdtsp06f"/>
							<sampler ref="test-ping"/>
						</managedEntity>
						<managedEntity name="vstdtsp07f">
							<probe ref="vstdtsp07f"/>
							<sampler ref="test-ping"/>
						</managedEntity>
						<managedEntity name="vstdtsp08f">
							<probe ref="vstdtsp08f"/>
							<sampler ref="test-ping"/>
						</managedEntity>
						<managedEntityGroup disabled="true" name="Welwyn Garden City">
							<attribute name="City">Welwyn Garden City</attribute>
							<managedEntity name="lonrs08798">
								<probe ref="lonrs08798"/>
							</managedEntity>
							<managedEntity name="lonrs09485">
								<probe ref="lonrs09485"/>
							</managedEntity>
							<managedEntity name="lonrs09486">
								<probe ref="lonrs09486"/>
							</managedEntity>
							<managedEntity name="lonrs09489">
								<probe ref="lonrs09489"/>
							</managedEntity>
							<managedEntity name="lonrs09490">
								<probe ref="lonrs09490"/>
							</managedEntity>
							<managedEntity name="lonrs09491">
								<probe ref="lonrs09491"/>
							</managedEntity>
							<managedEntity name="lonrs09483">
								<probe ref="lonrs09483"/>
							</managedEntity>
							<managedEntity name="lonrs09487">
								<probe ref="lonrs09487"/>
							</managedEntity>
							<managedEntity name="lonrs09484">
								<probe ref="lonrs09484"/>
							</managedEntity>
							<managedEntity name="lonrs09488">
								<probe ref="lonrs09488"/>
							</managedEntity>
							<managedEntity name="lonrs09492">
								<probe ref="lonrs09492"/>
							</managedEntity>
						</managedEntityGroup>
						<managedEntityGroup disabled="true" name="Romford">
							<attribute name="City">Romford</attribute>
							<managedEntity name="lonrs05527">
								<probe ref="lonrs05527"/>
							</managedEntity>
							<managedEntity name="lonrs08800">
								<probe ref="lonrs08800"/>
							</managedEntity>
							<managedEntity name="lonrs10154">
								<probe ref="lonrs10154"/>
							</managedEntity>
							<managedEntity name="lonrs09370">
								<probe ref="lonrs09370"/>
							</managedEntity>
							<managedEntity name="lonrs09371">
								<probe ref="lonrs09371"/>
							</managedEntity>
							<managedEntity name="lonrs09375">
								<probe ref="lonrs09375"/>
							</managedEntity>
							<managedEntity name="lonrs09376">
								<probe ref="lonrs09376"/>
							</managedEntity>
							<managedEntity name="lonrs09374">
								<probe ref="lonrs09374"/>
							</managedEntity>
							<managedEntity name="lonrs09377">
								<probe ref="lonrs09377"/>
							</managedEntity>
							<managedEntity name="lonrs09378">
								<probe ref="lonrs09378"/>
							</managedEntity>
							<managedEntity name="lonrs09379">
								<probe ref="lonrs09379"/>
							</managedEntity>
							<managedEntity name="lonrs09372">
								<probe ref="lonrs09372"/>
							</managedEntity>
							<managedEntity name="lonrs09373">
								<probe ref="lonrs09373"/>
							</managedEntity>
						</managedEntityGroup>
						<managedEntityGroup disabled="true" name="Uk Other">
							<attribute name="City">Uk Other</attribute>
							<managedEntity name="lonrs03011">
								<probe ref="lonrs03011"/>
							</managedEntity>
							<managedEntity name="lonrs03414">
								<probe ref="lonrs03414"/>
							</managedEntity>
							<managedEntity name="lonrs03415">
								<probe ref="lonrs03415"/>
							</managedEntity>
							<managedEntity name="lonrs03413">
								<probe ref="lonrs03413"/>
							</managedEntity>
							<managedEntity name="lonrs05522">
								<probe ref="lonrs05522"/>
							</managedEntity>
							<managedEntity name="lonrs05523">
								<probe ref="lonrs05523"/>
							</managedEntity>
							<managedEntity name="lonrs10067">
								<probe ref="lonrs10067"/>
							</managedEntity>
							<managedEntity name="lonrs10068">
								<probe ref="lonrs10068"/>
							</managedEntity>
						</managedEntityGroup>
						<managedEntityGroup name="JIRA-UAT">
							<attribute name="Application">Dts</attribute>
							<attribute name="Country">United Kingdom</attribute>
							<addTypes>
								<type ref="JIRA-UAT-MONITOR"/>
							</addTypes>
							<managedEntity name="JIRA-UAT-NODE2">
								<probe ref="lonrs12223"/>
								<attribute name="Application">JIRA-UAT</attribute>
								<sampler ref="test-ping"/>
							</managedEntity>
							<managedEntity name="JIRA-UAT-NODE1">
								<probe ref="lonrs12222"/>
								<attribute name="Application">JIRA-UAT</attribute>
								<sampler ref="test-ping"/>
							</managedEntity>
						</managedEntityGroup>
					</managedEntityGroup>
				</managedEntityGroup>
			</managedEntityGroup>
			<managedEntityGroup name="London">
				<attribute name="City">London</attribute>
				<addTypes>
					<type ref="AverageMemory"/>
				</addTypes>
				<managedEntityGroup name="AdminTools">
					<attribute name="Platform">UAT</attribute>
					<attribute name="City">London</attribute>
					<attribute name="FUNCTION">AdminTools</attribute>
					<managedEntity name="DB Stats">
						<probe ref=""/>
					</managedEntity>
					<managedEntity name="Data Filers">
						<probe ref=""/>
						<var name="Is_Local_Disk">
							<string/>
						</var>
						<sampler ref="Average Memory Usage"/>
					</managedEntity>
					<managedEntityGroup name="Crowd-UAT">
						<attribute name="FUNCTION">AdminTools</attribute>
						<attribute name="Services">Crowd</attribute>
						<managedEntity name="CROWD UAT">
							<probe ref="lonrs12321"/>
							<addTypes>
								<type ref="BaseLinuxDTS"/>
							</addTypes>
							<var name="NetprobeHostname">
								<string>lonrs12321.fm.rbsgrp.net</string>
							</var>
							<var name="JMX_Port">
								<integer>4096</integer>
							</var>
							<var name="Crowd_App_Server">
								<string>lonrs12321.fm.rbsgrp.net:8095</string>
							</var>
							<var name="apache_log_dir">
								<string>/opt/app/dts/atlassian/crowd/ecomm/Web/servers/crowd/logs</string>
							</var>
							<var name="APPSTRING">
								<string>/opt/app/dts/atlassian/crowd/current</string>
							</var>
							<var name="APP_APACHE_STRING">
								<string>/opt/app/dts/atlassian/crowd/current</string>
							</var>
							<var name="GC_LOG">
								<string>/opt/app/dts/atlassian/crowd/crowd_home/logs/gc.log</string>
							</var>
							<var name="APPLICATION_LOG">
								<string>/opt/app/dts/atlassian/crowd/crowd_home/logs/atlassian-crowd.log</string>
							</var>
							<var name="ACCESS_LOG">
								<string>/opt/app/dts/atlassian/crowd/ecomm/Web/servers/crowd/logs/access.log</string>
							</var>
							<var name="ERROR_LOG">
								<string>/opt/app/dts/atlassian/crowd/ecomm/Web/servers/crowd/logs/error.log</string>
							</var>
							<var name="CATALINA_OUT">
								<string>/opt/app/dts/atlassian/crowd/current/logs/catalina.out</string>
							</var>
							<var name="MONITORING_URL">
								<string>http://vmmdtsa10p.server.rbsgrp.net:9901/crowd/responseTime/CROWD-UAT</string>
							</var>
							<var name="MS_USERNAME">
								<string>dsp</string>
							</var>
							<var name="MS_PASSWORD">
								<string>password</string>
							</var>
							<sampler disabled="true" ref="Apache_Hits_Per_Min"/>
							<sampler disabled="false" ref="DTS_JMX"/>
							<sampler ref="Crowd Response"/>
							<sampler ref="Application Logs"/>
							<sampler disabled="true" ref="Apache_Hits_Per_Min"/>
							<sampler ref="toolkit-capture-response-times"/>
						</managedEntity>
					</managedEntityGroup>
				</managedEntityGroup>
				<managedEntityGroup name="BuildCloud">
					<attribute name="FUNCTION">BuildCloud</attribute>
					<attribute name="Platform">UAT</attribute>
					<attribute name="City">London</attribute>
					<attribute name="Services">BuildCloud</attribute>
					<managedEntityGroup name="ARTIFACTORY">
						<managedEntity name="Artifactory">
							<probe ref="lonrs11777"/>
							<addTypes>
								<type ref="BaseLinuxDTS"/>
							</addTypes>
							<var name="JMX_Port">
								<integer>28083</integer>
							</var>
							<var name="ARTIFACTORY_APP_SERVER">
								<string>lonrs11777.fm.rbsgrp.net</string>
							</var>
							<var name="NetprobeHostname">
								<string>lonrs11777.fm.rbsgrp.net</string>
							</var>
							<var name="APPSTRING">
								<string>/opt/app/dts/artifactory/artifactory-pro-4.4.2</string>
							</var>
							<var name="GC_LOG">
								<string>/opt/app/dts/artifactory/current/logs/gc.log</string>
							</var>
							<var name="APPLICATION_LOG">
								<string>/opt/app/dts/artifactory/current/logs/artifactory.log</string>
							</var>
							<var name="CATALINA_OUT">
								<string>/opt/app/dts/artifactory/current/logs/catalina/catalina.out</string>
							</var>
							<sampler ref="Artifactory Response"/>
							<sampler ref="DTS_JMX"/>
							<sampler ref="Apache_Hits_Per_Min"/>
							<sampler ref="Application Logs"/>
							<sampler ref="DiskIO"/>
						</managedEntity>
					</managedEntityGroup>
					<managedEntityGroup name="Teamcity">
						<managedEntity name="Teamcity">
							<probe ref="lonrs12230"/>
							<addTypes>
								<type ref="Teamcity Monitoring"/>
								<type ref="BaseLinuxDTS"/>
							</addTypes>
							<var name="GC_Log">
								<string>/opt/app/dts/teamcity/current/logs/gc.log</string>
							</var>
							<var name="TEAMCITY_APP_SERVER">
								<string>lonrs12230.fm.rbsgrp.net</string>
							</var>
							<var name="NetprobeHostname">
								<string>lonrs12230.fm.rbsgrp.net</string>
							</var>
							<var name="JMX_Port">
								<integer>28084</integer>
							</var>
							<var name="APPSTRING">
								<string>/opt/app/dts/teamcity</string>
							</var>
							<var name="APPLICATION_LOG">
								<string>/opt/app/dts/teamcity/current/logs/teamcity-server.log</string>
							</var>
							<var name="CATALINA_OUT">
								<string>/opt/app/dts/teamcity/current/logs/catalina.out</string>
							</var>
							<sampler ref="DTS_JMX"/>
							<sampler ref="Apache_Hits_Per_Min"/>
							<sampler ref="Application Logs"/>
							<sampler ref="DiskIO"/>
						</managedEntity>
					</managedEntityGroup>
				</managedEntityGroup>
				<managedEntityGroup name="Repository">
					<attribute name="Platform">UAT</attribute>
					<attribute name="City">London</attribute>
					<attribute name="Services">Repository</attribute>
					<attribute name="FUNCTION">Repository</attribute>
					<managedEntityGroup name="SVN">
						<managedEntity name="SVN">
							<probe ref="lonrs12321"/>
							<addTypes>
								<type ref="BaseLinuxDTS"/>
							</addTypes>
							<var name="SVN_APP_SERVER">
								<string>lonrs12321.fm.rbsgrp.net</string>
							</var>
							<var name="APPSTRING">
								<string>/opt/app/dts/Common/SSL_SVN1.6.11/apache-2.2.15/bin/httpd</string>
							</var>
							<var name="APP_APACHE_STRING">
								<string>/opt/app/dts/Common/SSL_SVN1.6.11/apache-2.2.15</string>
							</var>
							<sampler ref="SVN Server Response"/>
						</managedEntity>
					</managedEntityGroup>
					<managedEntityGroup name="Bitbucket">
						<managedEntity name="Bitbucket">
							<probe ref="lonrs12322"/>
							<environment ref="STASH"/>
							<addTypes>
								<type ref="BaseLinuxDTS"/>
							</addTypes>
							<var name="STASH_APP_SERVER">
								<string>lonrs12322.fm.rbsgrp.net</string>
							</var>
							<var name="JMX_Port">
								<integer>3333</integer>
							</var>
							<var name="GC_Log">
								<string>/opt/app/uat_dts/atlassian/bitbucket_4.9.1/current/logs/gc.log</string>
							</var>
							<var name="NetprobeHostname">
								<string>lonrs12322.fm.rbsgrp.net</string>
							</var>
							<var name="APPSTRING">
								<string>/opt/app/uat_dts/atlassian/bitbucket_4.9.1</string>
							</var>
							<var name="APPLICATION_LOG">
								<string>/dts_data2/UAT/AppData/stash_uat_dc_home/log/atlassian-bitbucket.log</string>
							</var>
							<var name="ACCESS_LOG">
								<string>/opt/app/uat_dts/atlassian/bitbucket_4.9.1/current/logs/access.log</string>
							</var>
							<var name="ERROR_LOG">
								<string>/opt/app/uat_dts/atlassian/bitbucket_4.9.1/current/logs/errors.log</string>
							</var>
							<var name="CATALINA_OUT">
								<string>/opt/app/uat_dts/atlassian/bitbucket_4.9.1/current/logs/catalina.out</string>
							</var>
							<sampler ref="Stash Response"/>
							<sampler ref="DTS_JMX"/>
							<sampler ref="Apache_Hits_Per_Min"/>
							<sampler ref="Application Logs"/>
						</managedEntity>
					</managedEntityGroup>
				</managedEntityGroup>
				<managedEntityGroup name="Work Item Management">
					<attribute name="FUNCTION">WorkItem</attribute>
					<attribute name="Platform">UAT</attribute>
					<attribute name="City">London</attribute>
					<attribute name="Services">WorkItem</attribute>
					<managedEntityGroup disabled="true" name="JIRA">
						<managedEntity disabled="true" name="Jira Node1">
							<probe ref="lonrs12222"/>
							<addTypes>
								<type ref="BaseLinuxDTS"/>
							</addTypes>
							<var name="NetprobeHostname">
								<string>lonrs12222.fm.rbsgrp.net</string>
							</var>
							<var name="JMX_Port">
								<integer>27082</integer>
							</var>
							<var name="Jira_App_Server">
								<string>jiraha-uat2-dts.fm.rbsgrp.net</string>
							</var>
							<var name="apache_log_dir">
								<string>/opt/app/dts/atlassian/jira/ecomm/Web/servers/jira/logs</string>
							</var>
							<var name="APPSTRING">
								<string>/opt/app/dts/atlassian/jira/current</string>
							</var>
							<var name="APP_APACHE_STRING">
								<string>/opt/app/dts/atlassian/jira/ecomm/Web/servers/jira</string>
							</var>
							<var name="GC_LOG">
								<string>/opt/app/dts/atlassian/jira/current/logs/gc.log</string>
							</var>
							<var name="APPLICATION_LOG">
								<string>cd ../opt/app/dts/atlassian/jira/jira_home/log/atlassian-jira.log</string>
							</var>
							<var name="ACCESS_LOG">
								<string>/opt/app/dts/atlassian/jira/ecomm/Web/servers/jira/logs/access.log</string>
							</var>
							<var name="ERROR_LOG">
								<string>/opt/app/dts/atlassian/jira/ecomm/Web/servers/jira/logs/error.log</string>
							</var>
							<var name="CATALINA_OUT">
								<string>/opt/app/dts/atlassian/jira/current/logs/catalina.out</string>
							</var>
							<var name="MONITORING_URL">
								<string>http://vmmdtsa10p.server.rbsgrp.net:9901/jira/responseTime/JIRAHA-UAT</string>
							</var>
							<var name="MS_USERNAME">
								<string>dsp</string>
							</var>
							<var name="MS_PASSWORD">
								<string>password</string>
							</var>
							<sampler disabled="true" ref="Apache_Hits_Per_Min"/>
							<sampler disabled="false" ref="DTS_JMX"/>
							<sampler ref="Jira Response"/>
							<sampler ref="Application Logs"/>
							<sampler ref="Apache_Hits_Per_Min"/>
							<sampler ref="toolkit-capture-response-times"/>
						</managedEntity>
						<managedEntity name="Jira Node 2">
							<probe ref="lonrs12223"/>
							<addTypes>
								<type ref="BaseLinuxDTS"/>
							</addTypes>
							<var name="NetprobeHostname">
								<string>lonrs12223.fm.rbsgrp.net</string>
							</var>
							<var name="JMX_Port">
								<integer>27082</integer>
							</var>
							<var name="Jira_App_Server">
								<string>jiraha-uat2-dts.fm.rbsgrp.net</string>
							</var>
							<var name="apache_log_dir">
								<string>/opt/app/dts/atlassian/jira/ecomm/Web/servers/jira/logs</string>
							</var>
							<var name="APPSTRING">
								<string>/opt/app/dts/atlassian/jira/current</string>
							</var>
							<var name="APP_APACHE_STRING">
								<string>/opt/app/dts/atlassian/jira/ecomm/Web/servers/jira</string>
							</var>
							<var name="GC_LOG">
								<string>/opt/app/dts/atlassian/jira/current/logs/gc.log</string>
							</var>
							<var name="APPLICATION_LOG">
								<string>cd ../opt/app/dts/atlassian/jira/jira_home/log/atlassian-jira.log</string>
							</var>
							<var name="ACCESS_LOG">
								<string>/opt/app/dts/atlassian/jira/ecomm/Web/servers/jira/logs/access.log</string>
							</var>
							<var name="ERROR_LOG">
								<string>/opt/app/dts/atlassian/jira/ecomm/Web/servers/jira/logs/error.log</string>
							</var>
							<var name="CATALINA_OUT">
								<string>/opt/app/dts/atlassian/jira/current/logs/catalina.out</string>
							</var>
							<var name="MONITORING_URL">
								<string>http://vmmdtsa10p.server.rbsgrp.net:9901/jira/responseTime/JIRAHA-UAT</string>
							</var>
							<var name="MS_USERNAME">
								<string>dsp</string>
							</var>
							<var name="MS_PASSWORD">
								<string>password</string>
							</var>
							<sampler disabled="true" ref="Apache_Hits_Per_Min"/>
							<sampler disabled="false" ref="DTS_JMX"/>
							<sampler ref="Jira Response"/>
							<sampler ref="Application Logs"/>
							<sampler ref="Apache_Hits_Per_Min"/>
							<sampler ref="toolkit-capture-response-times"/>
						</managedEntity>
					</managedEntityGroup>
					<managedEntityGroup name="Confluence">
						<managedEntity disabled="true" name="Confluence Node 1">
							<probe ref="lonrs12220"/>
							<addTypes>
								<type ref="BaseLinuxDTS"/>
							</addTypes>
							<var name="NetprobeHostname">
								<string>lonrs12220.fm.rbsgrp.net</string>
							</var>
							<var name="JMX_Port">
								<integer>9091</integer>
							</var>
							<var name="Conf_App_Server">
								<string>uatconfluence-dts.fm.rbsgrp.net</string>
							</var>
							<var name="apache_log_dir">
								<string>/opt/app/dts/confluence/ecomm/Web/servers/confluence/logs</string>
							</var>
							<var name="APPSTRING">
								<string>/opt/app/dts/confluence/atlassian-confluence-5.9.4</string>
							</var>
							<var name="APP_APACHE_STRING">
								<string>/opt/app/dts/confluence/ecomm/Web/servers/confluence</string>
							</var>
							<var name="GC_LOG">
								<string>/opt/app/dts/confluence/current/logs/gc.log</string>
							</var>
							<var name="APPLICATION_LOG">
								<string>/opt/app/dts/confluence/data/logs/atlassian-confluence.log</string>
							</var>
							<var name="ACCESS_LOG">
								<string>/opt/app/dts/confluence/ecomm/Web/servers/confluence/logs/access.log</string>
							</var>
							<var name="ERROR_LOG">
								<string>/opt/app/dts/confluence/ecomm/Web/servers/confluence/logs/error.log</string>
							</var>
							<var name="CATALINA_OUT">
								<string>/opt/app/dts/confluence/atlassian-confluence-5.9.4/logs/catalina.out</string>
							</var>
							<var name="MONITORING_URL">
								<string>http://vmmdtsa10p.server.rbsgrp.net:9901/confluence/responseTime/CONFLUENCE-UAT</string>
							</var>
							<var name="MS_USERNAME">
								<string>dsp</string>
							</var>
							<var name="MS_PASSWORD">
								<string>password</string>
							</var>
							<sampler disabled="true" ref="Apache_Hits_Per_Min"/>
							<sampler disabled="false" ref="DTS_JMX"/>
							<sampler ref="Conf Response"/>
							<sampler ref="Application Logs"/>
							<sampler ref="Apache_Hits_Per_Min"/>
							<sampler ref="toolkit-capture-response-times"/>
						</managedEntity>
						<managedEntity name="Confluence Node 2">
							<probe ref="lonrs12221"/>
							<addTypes>
								<type ref="BaseLinuxDTS"/>
							</addTypes>
							<var name="NetprobeHostname">
								<string>lonrs12221.fm.rbsgrp.net</string>
							</var>
							<var name="JMX_Port">
								<integer>9091</integer>
							</var>
							<var name="Conf_App_Server">
								<string>uatconfluence-dts.fm.rbsgrp.net</string>
							</var>
							<var name="apache_log_dir">
								<string>/opt/app/dts/confluence/ecomm/Web/servers/confluence/logs</string>
							</var>
							<var name="APPSTRING">
								<string>/opt/app/dts/confluence/atlassian-confluence-5.9.4</string>
							</var>
							<var name="APP_APACHE_STRING">
								<string>/opt/app/dts/confluence/ecomm/Web/servers/confluence</string>
							</var>
							<var name="GC_LOG">
								<string>/opt/app/dts/confluence/current/logs/gc.log</string>
							</var>
							<var name="APPLICATION_LOG">
								<string>/opt/app/dts/confluence/data/logs/atlassian-confluence.log</string>
							</var>
							<var name="ACCESS_LOG">
								<string>/opt/app/dts/confluence/ecomm/Web/servers/confluence/logs/access.log</string>
							</var>
							<var name="ERROR_LOG">
								<string>/opt/app/dts/confluence/ecomm/Web/servers/confluence/logs/error.log</string>
							</var>
							<var name="CATALINA_OUT">
								<string>/opt/app/dts/confluence/atlassian-confluence-5.9.4/logs/catalina.out</string>
							</var>
							<var name="MONITORING_URL">
								<string>http://vmmdtsa10p.server.rbsgrp.net:9901/confluence/responseTime/CONFLUENCE-UAT</string>
							</var>
							<var name="MS_USERNAME">
								<string>dsp</string>
							</var>
							<var name="MS_PASSWORD">
								<string>password</string>
							</var>
							<sampler disabled="true" ref="Apache_Hits_Per_Min"/>
							<sampler disabled="false" ref="DTS_JMX"/>
							<sampler ref="Conf Response"/>
							<sampler ref="Application Logs"/>
							<sampler ref="Apache_Hits_Per_Min"/>
							<sampler ref="toolkit-capture-response-times"/>
						</managedEntity>
					</managedEntityGroup>
					<managedEntityGroup name="Jira HA UAT">
						<managedEntity name="Jira HA UAT Node 1">
							<probe ref="lonrs12229"/>
							<addTypes>
								<type ref="BaseLinuxDTS"/>
							</addTypes>
							<var name="NetprobeHostname">
								<string>lonrs12229.fm.rbsgrp.net</string>
							</var>
							<var name="JMX_Port">
								<integer>27082</integer>
							</var>
							<var name="Jira_App_Server">
								<string>jiraha-uat-dts.fm.rbsgrp.net</string>
							</var>
							<var name="apache_log_dir">
								<string>/opt/app/dts/atlassian/jira/ecomm/Web/servers/jira/logs</string>
							</var>
							<var name="APPSTRING">
								<string>/opt/app/dts/atlassian/jira/current</string>
							</var>
							<var name="APP_APACHE_STRING">
								<string>/opt/app/dts/atlassian/jira/ecomm/Web/servers/jira</string>
							</var>
							<var name="GC_LOG">
								<string>/opt/app/dts/atlassian/jira/current/logs/gc.log</string>
							</var>
							<var name="APPLICATION_LOG">
								<string>cd ../opt/app/dts/atlassian/jira/jira_home/log/atlassian-jira.log</string>
							</var>
							<var name="ACCESS_LOG">
								<string>/opt/app/dts/atlassian/jira/ecomm/Web/servers/jira/logs/access.log</string>
							</var>
							<var name="ERROR_LOG">
								<string>/opt/app/dts/atlassian/jira/ecomm/Web/servers/jira/logs/error.log</string>
							</var>
							<var name="CATALINA_OUT">
								<string>/opt/app/dts/atlassian/jira/current/logs/catalina.out</string>
							</var>
							<var name="MONITORING_URL">
								<string>http://vmmdtsa10p.server.rbsgrp.net:9901/jira/responseTime/JIRAHA-UAT</string>
							</var>
							<var name="MS_USERNAME">
								<string>dsp</string>
							</var>
							<var name="MS_PASSWORD">
								<string>password</string>
							</var>
							<sampler disabled="true" ref="Apache_Hits_Per_Min"/>
							<sampler ref="Jira Response"/>
							<sampler ref="Application Logs"/>
							<sampler ref="Apache_Hits_Per_Min"/>
							<sampler ref="toolkit-capture-response-times"/>
							<sampler ref="DTS_JMX"/>
							<sampler ref="Average Memory Usage"/>
						</managedEntity>
					</managedEntityGroup>
				</managedEntityGroup>
			</managedEntityGroup>
			<managedEntityGroup name="Edinburgh">
				<attribute name="City">EDIN</attribute>
				<addTypes>
					<type ref="AverageMemory"/>
				</addTypes>
				<managedEntityGroup name="AdminTools">
					<attribute name="Platform">UAT</attribute>
					<attribute name="City">EDIN</attribute>
					<attribute name="FUNCTION">AdminTools</attribute>
					<managedEntityGroup name="Crowd-edc">
						<attribute name="FUNCTION">AdminTools</attribute>
						<attribute name="Services">Crowd</attribute>
						<managedEntity name="CROWD-edc">
							<probe ref="vstdtsp02f"/>
							<addTypes>
								<type ref="BaseLinuxDTS"/>
							</addTypes>
							<var name="NetprobeHostname">
								<string>lonrs12321.fm.rbsgrp.net</string>
							</var>
							<var name="JMX_Port">
								<integer>4096</integer>
							</var>
							<var name="Crowd_App_Server">
								<string>lonrs12321.fm.rbsgrp.net:8095</string>
							</var>
							<var name="apache_log_dir">
								<string>/opt/app/dts/atlassian/crowd/ecomm/Web/servers/crowd/logs</string>
							</var>
							<var name="APPSTRING">
								<string>/opt/app/dts/atlassian/crowd/current</string>
							</var>
							<var name="APP_APACHE_STRING">
								<string>/opt/app/dts/atlassian/crowd/current</string>
							</var>
							<var name="GC_LOG">
								<string>/opt/app/dts/atlassian/crowd/crowd_home/logs/gc.log</string>
							</var>
							<var name="APPLICATION_LOG">
								<string>/opt/app/dts/atlassian/crowd/crowd_home/logs/atlassian-crowd.log</string>
							</var>
							<var name="ACCESS_LOG">
								<string>/opt/app/dts/atlassian/crowd/ecomm/Web/servers/crowd/logs/access.log</string>
							</var>
							<var name="ERROR_LOG">
								<string>/opt/app/dts/atlassian/crowd/ecomm/Web/servers/crowd/logs/error.log</string>
							</var>
							<var name="CATALINA_OUT">
								<string>/opt/app/dts/atlassian/crowd/current/logs/catalina.out</string>
							</var>
							<var name="MONITORING_URL">
								<string>http://vmmdtsa10p.server.rbsgrp.net:9901/crowd/responseTime/CROWD-UAT</string>
							</var>
							<var name="MS_USERNAME">
								<string>dsp</string>
							</var>
							<var name="MS_PASSWORD">
								<string>password</string>
							</var>
							<sampler disabled="true" ref="Apache_Hits_Per_Min"/>
							<sampler disabled="false" ref="DTS_JMX"/>
							<sampler ref="Crowd Response"/>
							<sampler ref="Application Logs"/>
							<sampler disabled="true" ref="Apache_Hits_Per_Min"/>
							<sampler ref="toolkit-capture-response-times"/>
						</managedEntity>
					</managedEntityGroup>
				</managedEntityGroup>
				<managedEntityGroup name="BuildCloud">
					<attribute name="FUNCTION">BuildCloud</attribute>
					<attribute name="Platform">UAT</attribute>
					<attribute name="City">EDIN</attribute>
					<attribute name="Services">BuildCloud</attribute>
					<managedEntityGroup name="ARTIFACTORY-edc">
						<managedEntity name="Artifactory Node 1-edc">
							<probe ref="vstdtsp05f"/>
							<addTypes>
								<type ref="BaseLinuxDTS"/>
							</addTypes>
							<var name="JMX_Port">
								<integer>28083</integer>
							</var>
							<var name="ARTIFACTORY_APP_SERVER">
								<string>lonrs11777.fm.rbsgrp.net</string>
							</var>
							<var name="NetprobeHostname">
								<string>lonrs11777.fm.rbsgrp.net</string>
							</var>
							<var name="APPSTRING">
								<string>/opt/app/dts/artifactory/artifactory-pro-4.4.2</string>
							</var>
							<var name="GC_LOG">
								<string>/opt/app/dts/artifactory/current/logs/gc.log</string>
							</var>
							<var name="APPLICATION_LOG">
								<string>/opt/app/dts/artifactory/current/logs/artifactory.log</string>
							</var>
							<var name="CATALINA_OUT">
								<string>/opt/app/dts/artifactory/current/logs/catalina/catalina.out</string>
							</var>
							<sampler ref="Artifactory Response"/>
							<sampler ref="DTS_JMX"/>
							<sampler ref="Apache_Hits_Per_Min"/>
							<sampler ref="Application Logs"/>
							<sampler ref="DiskIO"/>
						</managedEntity>
						<managedEntity name="Artifactory Node 2-edc">
							<probe ref="vstdtsp06f"/>
							<addTypes>
								<type ref="BaseLinuxDTS"/>
							</addTypes>
							<var name="JMX_Port">
								<integer>28083</integer>
							</var>
							<var name="ARTIFACTORY_APP_SERVER">
								<string>lonrs11777.fm.rbsgrp.net</string>
							</var>
							<var name="NetprobeHostname">
								<string>lonrs11777.fm.rbsgrp.net</string>
							</var>
							<var name="APPSTRING">
								<string>/opt/app/dts/artifactory/artifactory-pro-4.4.2</string>
							</var>
							<var name="GC_LOG">
								<string>/opt/app/dts/artifactory/current/logs/gc.log</string>
							</var>
							<var name="APPLICATION_LOG">
								<string>/opt/app/dts/artifactory/current/logs/artifactory.log</string>
							</var>
							<var name="CATALINA_OUT">
								<string>/opt/app/dts/artifactory/current/logs/catalina/catalina.out</string>
							</var>
							<sampler ref="Artifactory Response"/>
							<sampler ref="DTS_JMX"/>
							<sampler ref="Apache_Hits_Per_Min"/>
							<sampler ref="Application Logs"/>
							<sampler ref="DiskIO"/>
						</managedEntity>
					</managedEntityGroup>
					<managedEntityGroup name="Teamcity">
						<managedEntity name="Teamcity GUI-edc">
							<probe ref="vstdtsp07f"/>
							<addTypes>
								<type ref="Teamcity Monitoring"/>
								<type ref="BaseLinuxDTS"/>
							</addTypes>
							<var name="GC_Log">
								<string>/opt/app/dts/teamcity/current/logs/gc.log</string>
							</var>
							<var name="TEAMCITY_APP_SERVER">
								<string>lonrs12230.fm.rbsgrp.net</string>
							</var>
							<var name="NetprobeHostname">
								<string>lonrs12230.fm.rbsgrp.net</string>
							</var>
							<var name="JMX_Port">
								<integer>28084</integer>
							</var>
							<var name="APPSTRING">
								<string>/opt/app/dts/teamcity</string>
							</var>
							<var name="APPLICATION_LOG">
								<string>/opt/app/dts/teamcity/current/logs/teamcity-server.log</string>
							</var>
							<var name="CATALINA_OUT">
								<string>/opt/app/dts/teamcity/current/logs/catalina.out</string>
							</var>
							<sampler ref="DTS_JMX"/>
							<sampler ref="Apache_Hits_Per_Min"/>
							<sampler ref="Application Logs"/>
							<sampler ref="DiskIO"/>
						</managedEntity>
						<managedEntity name="Teamcity Build Server-edc">
							<probe ref="vstdtsp08f"/>
							<addTypes>
								<type ref="Teamcity Monitoring"/>
								<type ref="BaseLinuxDTS"/>
							</addTypes>
							<var name="GC_Log">
								<string>/opt/app/dts/teamcity/current/logs/gc.log</string>
							</var>
							<var name="TEAMCITY_APP_SERVER">
								<string>lonrs12230.fm.rbsgrp.net</string>
							</var>
							<var name="NetprobeHostname">
								<string>lonrs12230.fm.rbsgrp.net</string>
							</var>
							<var name="JMX_Port">
								<integer>28084</integer>
							</var>
							<var name="APPSTRING">
								<string>/opt/app/dts/teamcity</string>
							</var>
							<var name="APPLICATION_LOG">
								<string>/opt/app/dts/teamcity/current/logs/teamcity-server.log</string>
							</var>
							<var name="CATALINA_OUT">
								<string>/opt/app/dts/teamcity/current/logs/catalina.out</string>
							</var>
							<sampler ref="DTS_JMX"/>
							<sampler ref="Apache_Hits_Per_Min"/>
							<sampler ref="Application Logs"/>
							<sampler ref="DiskIO"/>
						</managedEntity>
					</managedEntityGroup>
				</managedEntityGroup>
				<managedEntityGroup name="Repository">
					<attribute name="Platform">UAT</attribute>
					<attribute name="City">EDIN</attribute>
					<attribute name="Services">Repository</attribute>
					<attribute name="FUNCTION">Repository</attribute>
					<managedEntityGroup name="Bitbucket-edc">
						<managedEntity name="Bitbucket node 1-edc">
							<probe ref="vstdtsp03f"/>
							<environment ref="STASH"/>
							<addTypes>
								<type ref="BaseLinuxDTS"/>
							</addTypes>
							<var name="STASH_APP_SERVER">
								<string>lonrs12322.fm.rbsgrp.net</string>
							</var>
							<var name="JMX_Port">
								<integer>3333</integer>
							</var>
							<var name="GC_Log">
								<string>/opt/app/uat_dts/atlassian/bitbucket_4.9.1/current/logs/gc.log</string>
							</var>
							<var name="NetprobeHostname">
								<string>lonrs12322.fm.rbsgrp.net</string>
							</var>
							<var name="APPSTRING">
								<string>/opt/app/uat_dts/atlassian/bitbucket_4.9.1</string>
							</var>
							<var name="APPLICATION_LOG">
								<string>/dts_data2/UAT/AppData/stash_uat_dc_home/log/atlassian-bitbucket.log</string>
							</var>
							<var name="ACCESS_LOG">
								<string>/opt/app/uat_dts/atlassian/bitbucket_4.9.1/current/logs/access.log</string>
							</var>
							<var name="ERROR_LOG">
								<string>/opt/app/uat_dts/atlassian/bitbucket_4.9.1/current/logs/errors.log</string>
							</var>
							<var name="CATALINA_OUT">
								<string>/opt/app/uat_dts/atlassian/bitbucket_4.9.1/current/logs/catalina.out</string>
							</var>
							<sampler ref="Stash Response"/>
							<sampler ref="DTS_JMX"/>
							<sampler ref="Apache_Hits_Per_Min"/>
							<sampler ref="Application Logs"/>
						</managedEntity>
						<managedEntity name="Bitbucket node 2-edc">
							<probe ref="vstdtsp04f"/>
							<environment ref="STASH"/>
							<addTypes>
								<type ref="BaseLinuxDTS"/>
							</addTypes>
							<var name="STASH_APP_SERVER">
								<string>lonrs12322.fm.rbsgrp.net</string>
							</var>
							<var name="JMX_Port">
								<integer>3333</integer>
							</var>
							<var name="GC_Log">
								<string>/opt/app/uat_dts/atlassian/bitbucket_4.9.1/current/logs/gc.log</string>
							</var>
							<var name="NetprobeHostname">
								<string>lonrs12322.fm.rbsgrp.net</string>
							</var>
							<var name="APPSTRING">
								<string>/opt/app/uat_dts/atlassian/bitbucket_4.9.1</string>
							</var>
							<var name="APPLICATION_LOG">
								<string>/dts_data2/UAT/AppData/stash_uat_dc_home/log/atlassian-bitbucket.log</string>
							</var>
							<var name="ACCESS_LOG">
								<string>/opt/app/uat_dts/atlassian/bitbucket_4.9.1/current/logs/access.log</string>
							</var>
							<var name="ERROR_LOG">
								<string>/opt/app/uat_dts/atlassian/bitbucket_4.9.1/current/logs/errors.log</string>
							</var>
							<var name="CATALINA_OUT">
								<string>/opt/app/uat_dts/atlassian/bitbucket_4.9.1/current/logs/catalina.out</string>
							</var>
							<sampler ref="Stash Response"/>
							<sampler ref="DTS_JMX"/>
							<sampler ref="Apache_Hits_Per_Min"/>
							<sampler ref="Application Logs"/>
						</managedEntity>
					</managedEntityGroup>
				</managedEntityGroup>
				<managedEntityGroup name="Work Item Management">
					<attribute name="FUNCTION">WorkItem</attribute>
					<attribute name="Platform">UAT</attribute>
					<attribute name="City">EDIN</attribute>
					<attribute name="Services">WorkItem</attribute>
				</managedEntityGroup>
			</managedEntityGroup>
		</managedEntityGroup>
		<managedEntityGroup disabled="true" name="des-tools">
			<attribute name="Platform">UAT</attribute>
			<managedEntityGroup name="jira-uat">
				<attribute name="Application">DES TOOLS</attribute>
				<attribute name="Services">JIRA</attribute>
				<attribute name="Platform">UAT</attribute>
				<attribute name="City">London</attribute>
				<managedEntity name="lonrs12222">
					<probe ref="lonrs12222"/>
					<addTypes>
						<type ref="BaseLinuxDTS"/>
					</addTypes>
					<var name="NetprobeHostname">
						<string>lonrs12222.fm.rbsgrp.net</string>
					</var>
					<var name="JMX_Port">
						<integer>27082</integer>
					</var>
					<var name="Jira_App_Server">
						<string>jiraha-uat2-dts.fm.rbsgrp.net</string>
					</var>
					<var name="apache_log_dir">
						<string>/opt/app/dts/atlassian/jira/ecomm/Web/servers/jira/logs</string>
					</var>
					<var name="APPSTRING">
						<string>/opt/app/dts/atlassian/jira</string>
					</var>
					<var name="GC_LOG">
						<string>/opt/app/dts/atlassian/jira/current/logs/gc.log</string>
					</var>
					<var name="APPLICATION_LOG">
						<string>cd ../opt/app/dts/atlassian/jira/jira_home/log/atlassian-jira.log</string>
					</var>
					<var name="ACCESS_LOG">
						<string>/opt/app/dts/atlassian/jira/ecomm/Web/servers/jira/logs/access.log</string>
					</var>
					<var name="ERROR_LOG">
						<string>/opt/app/dts/atlassian/jira/ecomm/Web/servers/jira/logs/error.log</string>
					</var>
					<var name="CATALINA_OUT">
						<string>/opt/app/dts/atlassian/jira/current/logs/catalina.out</string>
					</var>
					<sampler disabled="true" ref="Apache_Hits_Per_Min"/>
					<sampler disabled="false" ref="DTS_JMX"/>
					<sampler ref="Jira Response"/>
					<sampler ref="Application Logs"/>
					<sampler ref="Apache_Hits_Per_Min"/>
				</managedEntity>
				<managedEntity name="lonrs12223">
					<probe ref="lonrs12223"/>
					<addTypes>
						<type ref="BaseLinuxDTS"/>
					</addTypes>
					<var name="NetprobeHostname">
						<string>lonrs12223.fm.rbsgrp.net</string>
					</var>
					<var name="JMX_Port">
						<integer>27082</integer>
					</var>
					<var name="Jira_App_Server">
						<string>jiraha-uat2-dts.fm.rbsgrp.net</string>
					</var>
					<var name="apache_log_dir">
						<string>/opt/app/dts/atlassian/jira/ecomm/Web/servers/jira/logs</string>
					</var>
					<var name="APPSTRING">
						<string>/opt/app/dts/atlassian/jira</string>
					</var>
					<var name="GC_LOG">
						<string>/opt/app/dts/atlassian/jira/current/logs/gc.log</string>
					</var>
					<var name="APPLICATION_LOG">
						<string>cd ../opt/app/dts/atlassian/jira/jira_home/log/atlassian-jira.log</string>
					</var>
					<var name="ACCESS_LOG">
						<string>/opt/app/dts/atlassian/jira/ecomm/Web/servers/jira/logs/access.log</string>
					</var>
					<var name="ERROR_LOG">
						<string>/opt/app/dts/atlassian/jira/ecomm/Web/servers/jira/logs/error.log</string>
					</var>
					<var name="CATALINA_OUT">
						<string>/opt/app/dts/atlassian/jira/current/logs/catalina.out</string>
					</var>
					<sampler disabled="true" ref="Apache_Hits_Per_Min"/>
					<sampler disabled="false" ref="DTS_JMX"/>
					<sampler ref="Jira Response"/>
					<sampler ref="Application Logs"/>
					<sampler ref="Apache_Hits_Per_Min"/>
				</managedEntity>
			</managedEntityGroup>
			<managedEntityGroup name="confluence-uat">
				<attribute name="Application">DES TOOLS</attribute>
				<attribute name="Services">Confluence</attribute>
				<attribute name="City">London</attribute>
				<attribute name="Platform">UAT</attribute>
				<managedEntity name="lonrs12220">
					<probe ref="lonrs12220"/>
					<addTypes>
						<type ref="BaseLinuxDTS"/>
					</addTypes>
					<var name="NetprobeHostname">
						<string>lonrs12220.fm.rbsgrp.net</string>
					</var>
					<var name="JMX_Port">
						<integer>9091</integer>
					</var>
					<var name="Conf_App_Server">
						<string>uatconfluence-dts.fm.rbsgrp.net</string>
					</var>
					<var name="apache_log_dir">
						<string>/opt/app/dts/confluence/ecomm/Web/servers/confluence/logs</string>
					</var>
					<var name="APPSTRING">
						<string>/opt/app/dts/confluence</string>
					</var>
					<var name="GC_LOG">
						<string>/opt/app/dts/confluence/current/logs/gc.log</string>
					</var>
					<var name="APPLICATION_LOG">
						<string>/opt/app/dts/confluence/data/logs/atlassian-confluence.log</string>
					</var>
					<var name="ACCESS_LOG">
						<string>/opt/app/dts/confluence/ecomm/Web/servers/confluence/logs/access.log</string>
					</var>
					<var name="ERROR_LOG">
						<string>/opt/app/dts/confluence/ecomm/Web/servers/confluence/logs/error.log</string>
					</var>
					<var name="CATALINA_OUT">
						<string>/opt/app/dts/confluence/atlassian-confluence-5.9.4/logs/catalina.out</string>
					</var>
					<sampler disabled="true" ref="Apache_Hits_Per_Min"/>
					<sampler disabled="false" ref="DTS_JMX"/>
					<sampler ref="Conf Response"/>
					<sampler ref="Application Logs"/>
					<sampler ref="Apache_Hits_Per_Min"/>
				</managedEntity>
				<managedEntity name="lonrs12221">
					<probe ref="lonrs12221"/>
					<addTypes>
						<type ref="BaseLinuxDTS"/>
					</addTypes>
					<var name="NetprobeHostname">
						<string>lonrs12221.fm.rbsgrp.net</string>
					</var>
					<var name="JMX_Port">
						<integer>9091</integer>
					</var>
					<var name="Conf_App_Server">
						<string>uatconfluence-dts.fm.rbsgrp.net</string>
					</var>
					<var name="apache_log_dir">
						<string>/opt/app/dts/confluence/ecomm/Web/servers/confluence/logs</string>
					</var>
					<var name="APPSTRING">
						<string>/opt/app/dts/confluence</string>
					</var>
					<var name="GC_LOG">
						<string>/opt/app/dts/confluence/current/logs/gc.log</string>
					</var>
					<var name="APPLICATION_LOG">
						<string>/opt/app/dts/confluence/data/logs/atlassian-confluence.log</string>
					</var>
					<var name="ACCESS_LOG">
						<string>/opt/app/dts/confluence/ecomm/Web/servers/confluence/logs/access.log</string>
					</var>
					<var name="ERROR_LOG">
						<string>/opt/app/dts/confluence/ecomm/Web/servers/confluence/logs/error.log</string>
					</var>
					<var name="CATALINA_OUT">
						<string>/opt/app/dts/confluence/atlassian-confluence-5.9.4/logs/catalina.out</string>
					</var>
					<sampler disabled="true" ref="Apache_Hits_Per_Min"/>
					<sampler disabled="false" ref="DTS_JMX"/>
					<sampler ref="Conf Response"/>
					<sampler ref="Application Logs"/>
					<sampler ref="Apache_Hits_Per_Min"/>
				</managedEntity>
			</managedEntityGroup>
			<managedEntityGroup disabled="true" name="Artifactory">
				<attribute name="Application">DES TOOLS</attribute>
				<attribute name="Services">Artifactory</attribute>
				<attribute name="PLATFORM">UAT</attribute>
				<managedEntity name="lonrs11777">
					<probe ref="lonrs11777"/>
				</managedEntity>
			</managedEntityGroup>
			<managedEntityGroup name="Crowd">
				<attribute name="Application">DES TOOLS</attribute>
				<attribute name="Services">Crowd</attribute>
				<attribute name="PLATFORM">UAT</attribute>
				<attribute name="City">London</attribute>
				<managedEntity name="lonrs12321">
					<probe ref="lonrs12321"/>
					<addTypes>
						<type ref="BaseLinuxDTS"/>
					</addTypes>
					<var name="NetprobeHostname">
						<string>lonrs12321.fm.rbsgrp.net</string>
					</var>
					<var name="JMX_Port">
						<integer>4096</integer>
					</var>
					<var name="Crowd_App_Server">
						<string>lonrs12321.fm.rbsgrp.net:8095</string>
					</var>
					<var name="apache_log_dir">
						<string>/opt/app/dts/atlassian/crowd/ecomm/Web/servers/crowd/logs</string>
					</var>
					<var name="APPSTRING">
						<string>/opt/app/dts/atlassian/crowd</string>
					</var>
					<var name="GC_LOG">
						<string>/opt/app/dts/atlassian/crowd/crowd_home/logs/gc.log</string>
					</var>
					<var name="APPLICATION_LOG">
						<string>/opt/app/dts/atlassian/crowd/crowd_home/logs/atlassian-crowd.log</string>
					</var>
					<var name="ACCESS_LOG">
						<string>/opt/app/dts/atlassian/crowd/ecomm/Web/servers/crowd/logs/access.log</string>
					</var>
					<var name="ERROR_LOG">
						<string>/opt/app/dts/atlassian/crowd/ecomm/Web/servers/crowd/logs/error.log</string>
					</var>
					<var name="CATALINA_OUT">
						<string>/opt/app/dts/atlassian/crowd/current/logs/catalina.out</string>
					</var>
					<sampler disabled="true" ref="Apache_Hits_Per_Min"/>
					<sampler disabled="false" ref="DTS_JMX"/>
					<sampler ref="Crowd Response"/>
					<sampler ref="Application Logs"/>
					<sampler disabled="true" ref="Apache_Hits_Per_Min"/>
				</managedEntity>
			</managedEntityGroup>
			<managedEntityGroup name="NAS Filers"/>
			<managedEntityGroup name="EDIN SERVERS TEST">
				<attribute name="Application">DES TOOLS</attribute>
				<attribute name="Services">TEST APP</attribute>
				<attribute name="PLATFORM">UAT</attribute>
				<attribute name="City">EDIN</attribute>
				<managedEntity name="TEST SERVER">
					<probe ref="lonrs12321"/>
					<addTypes>
						<type ref="BaseLinuxDTS"/>
					</addTypes>
					<var name="Crowd_App_Server">
						<string>lonrs12321.fm.rbsgrp.net:8095</string>
					</var>
					<sampler ref="Crowd Response"/>
				</managedEntity>
			</managedEntityGroup>
			<managedEntityGroup name="New Managed entity group"/>
		</managedEntityGroup>
	</managedEntities>
	<restrictedSections>
		<restrict>true</restrict>
		<sections>
			<section>
				<path>probes</path>
			</section>
			<section>
				<path>managedEntities</path>
			</section>
		</sections>
	</restrictedSections>
</gateway>