Global perm users, present in project permission
abdurfh,No
abrians,Yes
adamsgb,Yes
adhim,No
adityaa,No
afolaaa,No
agarala,No
agarank,No
agarhim,Yes
agari,No
agarmgh,No
agarsag,Yes
agarsum,No
agarwan,No
agarwaz,No
agarwgi,No
agarwrf,No
agarwrm,Yes
aggaank,No
aggagtm,No
aggarot,No
agnivrs,No
agragaa,No
agrahit,No
agrawab,Yes
Agrawas,No
agrawha,No
agrawnd,Yes
agrviaa,No
ahammsf,No
AHLUWPA,Yes
ahmadar,No
ahmadgb,No
ahmdala,No
ahmedwc,Yes
ahujddj,No
ahujrpe,No
ahujshi,No
ahujsti,Yes
aimotan,No
akbarr,Yes
akhiabh,No
akhtarb,No
akhthom,No
akhtwas,No
alagarc,No
alagvap,No
alammh,No
alina,No
Allenca,No
alsalma,Yes
alvelui,No
amarr,Yes
aminmay,No
amirjsu,No
anadc,No
anandbh,Yes
anandgd,No
anandkf,No
anandsi,No
anandv,No
ananhek,No
anannil,No
ananssl,Yes
anantmh,Yes
ANANTVA,Yes
ananvkz,No
ANARGHL,Yes
anasr,No
anbakar,No
anbazd,No
anbugaw,No
anbuinb,No
andipan,Yes
andrepd,No
Andrerz,No
andrieh,No
andrrey,No
andrver,No
andyand,No
anejad,No
anejas,No
angevel,No
Annamvj,Yes
anoaneh,No
anoora,Yes
anparaj,No
ansettk,No
AnshkpL,Yes
anthj,No
antwgel,No
anurakh,No
anvaaza,No
anwaf,No
anyaega,No
aposp,No
app-coll-rep-dev,No
app-coll-rep-uat,No
APP-CXP01,No
app-dtsadmin,No
app-edt-ci,No
app-strad-dev,No
app-tsp-terraform,Yes
app-TT-CiBuild,Yes
app-zambezici,Yes
aptei,No
arabnic,No
aramray,No
arangin,No
archcel,No
arifmd,Yes
armoumb,No
armspat,No
arnanik,Yes
arnottb,No
arnstej,No
arojj,No
aromana,No
aroraak,No
arorabj,No
arorac,Yes
Aroracb,No
aroracf,No
arorags,No
arorahc,No
ARORAJD,No
arorakh,Yes
aroramd,No
aroramf,No
aroranh,No
arorapm,Yes
arorarq,No
aroraub,No
aroravg,No
arorhav,No
ArorhuO,Yes
ArorirT,No
arorkaj,No
arorlat,No
arorrsm,No
arorrup,No
arorsay,Yes
arorsbm,No
arortan,No
arorvib,No
arrka,Yes
arthudr,No
aruljad,No
arumadh,Yes
arumdev,No
arump,No
arumupb,No
arumut,No
arunakr,No
arunssn,No
arunvar,No
arvavas,Yes
arvya,No
aryaaj,No
aryah,No
aryain,Yes
aryaxyr,Yes
aryayhl,No
asama,No
asardav,No
asavs,No
asbbb,No
ashoarc,No
ASHOBHA,No
ashworb,No
aslammh,No
aslamnb,No
asnbb,No
aspins,Yes
asthm,No
asthrav,No
asths,Yes
aswamoh,No
ateeqas,Yes
athmas,No
athonat,No
augup,No
augusje,Yes
austric,No
autendr,No
avetv,No
awasu,No
ayodayi,No
ayodmol,No
ayyah,No
ayyoris,No
azizh,No
babamma,No
babbsjv,No
babudb,No
babudf,No
babuls,Yes
babundn,No
BabuVd,No
babuxbl,No
bachiyd,Yes
bachulk,No
baczkrl,No
badadak,No
badrim,No
baggjen,No
baglam,No
baglas,No
bagrb,No
baguetr,No
bailenf,Yes
bajabha,No
bajajsi,No
bajajvc,Yes
bakakum,No
bakerhb,Yes
bakerme,No
bakesba,No
baksxwh,No
BAKTHRA,No
balaais,No
balacha,Yes
balagat,No
balakgn,No
balakk,Yes
balakri,Yes
balaldg,Yes
balaman,Yes
balamub,No
balapnt,No
balaree,No
balasal,No
balaskr,No
balasnc,Yes
Balassh,No
balassl,No
balav,No
balavsb,No
balay,No
baldinc,Yes
balexsb,No
ballilm,No
Ballt,Yes
balrajb,No
balsub,Yes
balujaa,No
balurjs,No
balyans,No
banamaa,No
bandm,No
bandrub,No
banerad,No
BANERJI,No
baniewk,No
Banksw,No
bannigc,Yes
bansaan,Yes
bansaka,No
bansald,No
bansalv,Yes
bansaly,No
bansamu,No
bansapd,No
bansbaa,No
bansgaa,Yes
bansgna,No
bansjit,No
bansree,No
bansris,No
banssbd,No
bansshu,No
banssua,No
barad,No
baraeug,No
baraka,No
baranna,No
baranwg,Yes
barberp,No
Barclca,Yes
barezfb,No
barkeae,No
barndan,No
barpans,Yes
Barrejo,No
BARTOLR,No
basesha,No
bashabd,No
bashat,No
bashvyv,No
baska,No
baskbal,No
baskbia,No
baskilg,No
baskp,Yes
baskswa,No
bathis,No
batlevt,No
batram,No
batrarb,No
batrmmk,No
battjas,No
baughk,No
bawar,No
bawenha,No
Baxtejb,No
baylemi,No
bbact,No
beckard,No
bectora,No
bedist,No
bedwp,No
bedwpaw,No
beenaa,Yes
beherbc,No
behlga,No
beijay,No
beinore,No
belavar,No
belazio,No
beldham,Yes
bellads,No
bellcp,No
bellcri,No
bellld,No
bellmal,No
belloc,No
beniwaa,No
bennada,No
bennamz,No
bennega,No
bennr,No
bentlab,No
bentonm,No
benvens,No
berea,No
berezia,No
berryj,Yes
berrypa,No
bertifa,No
bettasr,No
bezawsk,No
bhagadb,No
bhagana,Yes
bhagval,No
bhagwsa,No
bhaintm,No
bhallae,No
bhandmc,No
bhanvb,No
bhardad,Yes
bhardev,No
bhardhb,No
bhardin,No
bhardmj,No
bhardsd,No
bhardva,No
Bhardvc,No
BHARDWS,No
bhargam,No
bhargm,No
BharijV,No
Bharksu,No
bharsas,No
bharsum,No
BhartiN,No
bhartnz,Yes
bharurv,No
bharyas,No
bhasata,No
bhasdhk,No
bhaseep,No
bhasinn,No
bhasv,No
bhatabv,No
bhatana,No
bhatara,No
bhatiah,No
bhatiao,No
bhatiax,Yes
bhaticg,No
bhatise,No
Bhatisw,No
bhativa,Yes
bhativg,No
Bhatnab,No
bhatpyh,Yes
bhatsab,No
bhatswz,No
bhattav,No
bhattbd,No
bhattsf,No
bhatvna,No
bhavnal,No
bhbbb,No
bhogl,No
bhushbb,No
bhutamb,No
bhutari,Yes
bhutikh,No
BICKERD,No
bielasa,Yes
bienzal,No
bijipra,No
BILAGAA,No
bindrah,No
Binkska,No
Birnikb,Yes
birrje,Yes
bishnov,No
bishtab,No
bissonr,No
bists,No
biswasm,No
bkbbc,No
blacj,No
BLACKAU,No
blackmj,No
blandgb,No
blanr,No
bloclex,No
blowver,Yes
blytyth,No
boborie,No
BODAPAV,No
boggs,No
bollb,No
bontam,No
bonthav,No
Boopatk,No
boriola,No
borkoag,Yes
borraga,No
borusbk,Yes
boses,Yes
BOSESRR,No
boseyvj,No
bossutr,Yes
bourat,No
bousiec,No
bowdj,No
bowmaex,No
boxt,No
boyap,Yes
boyapha,No
boyas,No
BOYCEJ,No
boylej,Yes
Boylem,No
bradsja,No
bradsna,No
branekd,No
bransbc,No
brasovv,No
Brayssa,No
breacho,No
brealbe,No
brigp,No
BrijeE,No
brijwap,Yes
brindd,No
brindem,No
brins,Yes
brojd,No
browala,No
browaxb,No
browben,No
BROWJAC,No
browjoa,Yes
brownce,No
Brownem,No
brownlh,No
browrcb,No
bruenj,No
bryantv,No
bsbbc,No
Buchadm,No
buczbkz,No
budddrq,No
buddm,Yes
budhc,No
budhirv,No
budnita,No
buehlej,Yes
bulawoj,No
Bulla,No
bullda,No
bulldal,No
bullejc,No
Bullsba,No
bulused,No
buonaim,No
buranag,No
Burked,No
Burkepj,No
burmans,No
burnnbx,Yes
BURNSIS,Yes
burnxtb,No
burrodc,No
burrvid,No
busaba,No
busolad,Yes
butchrr,Yes
butlera,No
butzbb,No
bykoand,Yes
BYSIECK,No
bzowspa,No
cainsta,Yes
camerje,No
Camerrb,No
CAMERRE,Yes
campble,No
CamplbT,No
camusb,No
cannora,Yes
caplnnl,No
carbonv,No
cardd,No
carligc,Yes
carlind,Yes
carmp,No
CARMPET,No
carrdb,No
Carropd,Yes
carrosg,No
cartehd,No
carvint,No
carvsea,No
cassrob,No
castrce,No
catalrc,Yes
cattasa,No
Cattesa,No
cazesa,No
cebbb,No
chaashb,No
Chadhav,No
chagtrj,No
chahajb,No
chaibao,No
chakepa,No
CHAKSUB,No
chalbha,No
chambjb,No
chamt,No
chanaaq,No
chanaia,No
chanalb,No
chancha,No
chandcd,No
chandgh,No
chandim,No
chandmk,No
chandms,No
chandrd,Yes
chandsa,No
changun,No
chankah,Yes
chankw,No
chanmbb,No
channdb,No
chanpds,Yes
chanpkc,No
chanrac,No
chansbv,No
chantls,Yes
Chapmar,No
Charihn,Yes
charonr,No
charyd,No
chasaua,No
chashia,No
chataav,No
chatnat,No
chatras,Yes
chatsaa,No
chattaa,Yes
Chattab,No
chattar,No
chatusd,No
chauabg,No
chauada,No
chauaks,No
chauchn,No
chaudas,No
chaudsp,No
CHAUDUA,Yes
chauhas,No
chauhkc,No
chauhkd,No
chauhpa,No
chauhri,No
chaujas,No
chaujot,No
chaukev,No
chaukpl,Yes
chaukrn,No
chaurrb,Yes
chauvam,No
chavvan,No
chawlde,No
chawsua,No
chawsum,Yes
chelaml,No
chelsli,No
chelv,No
chernyk,No
chhabsb,No
chhalov,No
chhamhd,No
chhinav,Yes
chhismt,No
chhiv,Yes
chiavem,No
chidvid,No
chiga,No
CHIGCHA,No
ChildbA,No
chinika,Yes
Chinmaya.Koneru@rbs.com,No
chinmqx,No
chinn,No
Chinnan,No
chinnka,No
chinths,No
chintl,Yes
chitmga,No
chiucb,Yes
Chockam,No
chojarn,No
choll,No
chongta,No
chophht,No
chopidu,No
choprga,No
choprkb,No
Chopsil,No
chouba,No
choubhi,Yes
choudaf,No
choudmu,No
choudp,No
chouind,No
chousun,No
chouvdy,No
chowdc,No
chrid,No
chridim,No
chrisdi,No
chrisl,No
chrixgc,Yes
chuia,No
chulini,No
chunb,No
chunr,Yes
cichyda,No
cifedav,No
clarjce,Yes
clarkaj,No
clarklf,No
clarrob,Yes
clarxmc,No
claytog,Yes
cleavch,No
clemeag,Yes
clenema,No
clenshe,No
clericj,No
clintoj,No
ClydnuI,No
cocha,Yes
cochrak,No
cockc,No
cohendr,No
coken,No
colacod,No
colganb,No
collama,Yes
collb,No
collyan,No
colther,No
comaano,No
Comanpb,No
conliad,No
connagc,Yes
conncha,No
Connere,No
connmkc,No
connopa,No
consuni,No
contola,No
coolxjc,No
coombrb,No
coopemd,No
copleys,No
coppima,No
cordgeo,No
cordjzp,Yes
COSTJSE,No
costm,No
cotol,Yes
coughna,No
coverdm,No
COWANAE,No
cowang,Yes
cowpean,No
craveim,No
cravmac,No
crawfmd,No
crisfoj,No
crossgb,No
crosskb,No
crosss,Yes
crosten,No
crosthm,No
crowes,No
crowest,No
cruzp,No
cudilif,No
cuinm,No
culligs,Yes
cunnacx,Yes
cunnkvn,No
curtcas,No
curwend,No
cwiekma,No
dabrd,No
dadhhar,Yes
dagahhm,No
dagasag,No
daiosd,No
daksmmr,No
daleymc,No
dallbbt,No
dallfrz,No
dalvio,No
damiatw,No
damoh,No
danab,No
danar,No
dangjay,No
danimoh,No
danrb,No
darakcd,Yes
daripas,Yes
dasary,No
dasdaa,Yes
dasdf,No
dasoarr,Yes
dassanr,No
dassur,No
dattada,No
dattcsd,Yes
davej,No
daveral,No
daviaaf,No
david_finney,No
daviedr,No
davijim,No
davisda,No
davisna,No
dayanda,No
dbbbb,No
ddabk,No
deanjd,No
deanta,No
debnata,No
dechnoy,No
dediose,No
deedwan,Yes
deenkav,Yes
deepnit,No
degamnz,No
dehas,No
deina,Yes
delchey,No
demlnnt,No
denniso,No
derouik,No
deshfab,No
detsm,No
devad,No
devadd,No
devaesm,Yes
deverir,No
devjdas,No
dewanpb,No
deymya,No
dhama,No
dhamp,No
dhamrit,No
Dhanavs,No
DHANDMC,No
dhani,No
dhannsn,No
dharam,No
dharhkr,No
dharorn,No
Dharsiv,No
dhawanv,Yes
dhbbb,No
dhembka,No
dhillse,Yes
dhilr,No
dhingdi,No
dhingry,No
dhings,No
dhinsaa,No
Dhinsat,No
dhrosrd,No
dhrujan,No
dhulp,Yes
dhyrc,Yes
diasmro,No
dickndx,No
dimova,No
dindait,No
dingdw,No
dintsat,No
diparan,No
divymew,No
diwanv,No
dixipaw,No
dixitac,No
dixonlb,No
dixonra,No
Djej,No
dkalkuk,No
dkbbc,No
dodac,No
doddr,No
dohej,No
dommr,No
Donoghl,No
dontven,No
Doppamn,No
dorais,No
douggdx,Yes
Douglpa,No
doylejc,No
draganp,No
dreyfup,Yes
druma,No
dsbbd,No
dtstest1,No
duabaa,No
duava,No
duavab,Yes
dubepri,No
dubetak,No
dudejaa,No
dudejas,No
duffhdx,No
dugaidh,No
dukhxsd,Yes
duncaai,Yes
duncatd,No
Dunganj,No
Dunlopi,No
dunsatt,No
dunsdom,No
DURAIM,No
duraisa,No
duraisf,No
durajjd,No
durgamv,No
duriep,No
dushe,No
duttapd,No
duttddw,No
duttsa,No
duttsb,No
duttsdb,No
duttsgr,No
duvvh,No
dvbbc,No
dwarya,No
dwivedr,No
dwivep,No
dworscc,No
dybbb,No
dylda,Yes
dyubina,No
dziemmi,No
eadyda,No
earlsb,No
eastway,No
eaten,No
Edadren,No
edulnar,No
edwadav,No
edwiben,No
eganea,No
egeree,No
ehitmod,No
eisend,No
ejimbes,No
ekkuswq,Yes
ekremon,No
elacufr,No
Elderde,No
eldriri,No
elfamda,Yes
elkhm,No
ellisop,No
emiolaa,No
emmanhe,No
enyog,No
enyow,No
erolon,No
eshwarb,No
ethimet,No
ettavas,No
evangal,No
evanmil,No
evansdb,No
everich,No
ewingl,Yes
ewinglf,No
exleyk,Yes
eyless,No
fainshk,No
Fairwem,No
faltysm,No
fanet,Yes
farajir,No
farhanz,No
farinel,Yes
farozza,Yes
farrem,No
Farrowa,Yes
faruql,No
fatmif,No
fawcb,No
fennap,No
fentonc,No
ferga,No
fergusw,No
fergusy,No
fernang,Yes
fernjos,No
ferrimh,No
filhor,Yes
filipas,No
finks,No
finlari,Yes
finoa,No
firom,No
firthra,No
fishehe,No
fitzdaa,Yes
fitzgpa,No
fitzk,No
fitzksy,No
flannaj,No
flavela,Yes
flewr,No
floufhs,No
fodenb,No
fomino,No
fordhen,No
Fordinv,No
forresb,No
forsp,No
fortia,No
fousagb,No
fowlefa,No
foxke,No
Foxt,Yes
Francre,No
franshs,Yes
frasm,No
frengsc,No
fruchaa,No
frysc,No
fulkemf,Yes
fungj,No
gabrpet,No
gaddamd,No
gadhria,No
gairs,No
gajas,Yes
gajends,No
gajesur,No
gajulsg,Yes
galelax,No
Galhkar,No
galibap,No
galkam,No
gambhaa,Yes
ganamaa,No
gandaty,No
gandhij,No
gandlah,No
ganesah,No
ganesea,Yes
ganessm,No
ganeyuv,No
gangads,No
Gangapa,No
gangs,No
gangwga,Yes
Gannerg,No
Gannis,Yes
Gantrav,No
ganugas,No
GARCIAC,No
gardida,No
gardlex,No
gargag,No
gargakr,No
gargarp,No
gargas,Yes
gargd,No
gargdd,No
gargdit,No
garghne,No
gargkaj,No
gargkb,No
gargkh,No
gargkij,No
gargmal,No
gargna,Yes
gargnee,No
gargpc,Yes
gargpoo,No
gargptr,No
gargrc,No
gargsim,No
gargsub,Yes
GargtU,No
gargvb,No
gargvia,No
garshab,No
garvija,Yes
gasseda,Yes
Gatkows,No
gattoj,No
gaudjen,No
gauraab,No
gaurab,No
gaurak,No
gaurgar,No
gaurnb,No
gaurrin,No
gaurs,No
Gautaci,No
gautamv,No
gautmat,No
GAYS,No
gentiag,No
gentilp,Yes
georgad,No
georgbe,No
georgis,No
georgsk,Yes
geornaa,No
georyan,No
geratar,No
gerogis,No
gevorgg,No
gggvis,No
ggopvns,No
ghanakp,No
ghoshsi,No
ghoshv,No
ghoshyj,No
gibbsim,No
gibsorf,No
Gidugsv,Yes
gigong,Yes
gigongg,No
gilbecg,No
gillang,No
gilljh,Yes
gilljpt,No
gills,No
gilmoja,No
ginggin,No
girdroy,Yes
glavsar,No
glinskg,No
glovene,No
gnairh,No
Gnanant,Yes
gnank,No
gnanm,No
gnanv,Yes
goddarm,No
godfxgg,No
godhraa,No
godomro,No
GOELAJ,Yes
goelarv,No
goelhln,No
goelka,No
goelne,Yes
goelng,No
goelpo,No
goelppl,No
goelpre,No
Goelsac,No
goelsh,No
goelsha,Yes
goelsl,No
goelta,No
goelums,No
goeluta,Yes
goelvb,No
goelyan,No
gogian,No
gokhr,No
gokulad,No
golenic,No
golus,No
Gonugrk,No
gonzalo,No
gonzalz,Yes
gonzmil,No
gopalak,No
gopam,No
gopdiva,No
gorala,Yes
gorasau,No
goriaad,No
gorkemb,Yes
gorodev,No
gosdtal,No
gospkon,No
goswliv,No
gottjam,No
gottp,No
gouds,No
GOULDPA,No
gounxtg,No
GOVIKAR,No
govinpf,No
govir,No
goyaepk,No
goyahit,No
goyajay,No
goyakit,No
goyakus,No
goyalb,No
goyalbb,No
goyaldb,Yes
goyalnf,No
goyalok,No
goyalr,Yes
goyalrd,No
goyalwv,No
goyanah,No
goyaney,No
goyapit,No
goyarit,No
goylar,No
gradzkw,No
grahaak,No
grantjd,No
graogoa,No
grayken,No
greavc,No
greebar,Yes
greenhd,No
Greenia,No
gregojh,No
GregstE,No
greip,No
grewasc,Yes
greyya,No
grovekb,No
grovero,No
grovert,No
groverv,No
gsingab,No
guankpr,No
gudhkak,No
guhamd,Yes
guhasc,No
guidxgg,No
guinanp,Yes
gulaaru,No
gulahim,Yes
gulatan,Yes
gulatda,No
gulatis,Yes
gulatra,No
gulatsf,No
gulaval,No
guloarr,No
gummadr,No
gummasp,No
gunaa,No
gupaanb,No
gupaasa,No
gupabna,No
gupakha,No
gupamah,No
gupanae,No
gupankj,No
gupasaa,Yes
GupdeeA,No
guphita,No
gupmaka,No
gupnikc,No
guppyaa,No
gupraga,No
guprava,No
gupricb,No
gupsanf,No
gupshee,No
gupta,No
Guptaa,Yes
Guptaad,No
guptabd,No
guptabd_temp,No
guptabk,No
guptabt,No
guptaci,No
guptacn,No
guptadd,No
guptaec,No
guptaef,No
guptaem,No
guptags,No
guptahk,No
guptahw,No
guptaim,No
guptaj,No
guptakq,No
guptall,No
guptalt,No
guptami,No
guptans,No
guptanv,No
guptasd,No
guptasj,No
guptasl,No
guptatc,No
guptatg,Yes
guptati,No
guptavd,No
guptaxy,No
guptbvh,No
guptcbb,No
guptdaf,No
GUPTDAG,No
guptdbh,No
guptdea,No
guptdpk,Yes
guptgaf,No
guptgbj,No
guptgua,No
gupthil,No
guptikh,No
guptkbk,No
guptkia,No
guptkkl,No
guptkva,Yes
guptmai,No
guptmbp,No
guptmbr,Yes
guptmbs,No
guptmia,No
guptmkl,No
guptmmk,No
guptmuk,No
GuptmzX,No
guptnaq,No
guptnau,No
guptncd,No
guptomi,No
guptoum,No
guptpat,No
guptpbq,No
guptpbv,No
guptras,No
guptrbm,No
guptrbr,No
guptrih,No
GuptrmK,No
guptsap,No
guptsas,Yes
guptsbj,No
guptsdj,No
guptsur,Yes
gupttar,No
guptvas,No
guptvba,No
guptvkv,No
guptxtg,No
GuptyaA,Yes
guptyus,No
gupvara,Yes
gupvina,No
gurjpre,No
gurnaal,No
gurugus,No
guruk,No
gurukar,No
gwinngj,Yes
haasu,No
Haddoeb,No
haggaro,Yes
hagymar,Yes
hainaaa,Yes
hainesb,Yes
hainm,No
hak,No
hallat,No
hallcl,No
hallilm,Yes
halsapa,No
Hamblrt,No
hamirse,No
hamisha,No
hamlins,Yes
handyna,No
hansdab,Yes
hardiec,No
haretha,No
harihub,No
harik,No
harpepc,No
harrild,Yes
harrjon,No
harrroy,No
hartrd,No
hasijpb,No
hastvas,No
hattodd,No
hawkipa,No
hayac,Yes
hayesca,No
hayounr,No
Hayra,Yes
headhrd,No
hectorh,No
hegan,No
hemlath,No
hemnkar,Yes
hendh,No
henneso,No
hepbuja,No
herbpal,No
herdac,No
heredam,No
herfta,No
heskets,No
hewitiv,Yes
hewitsh,No
hhhyas,No
hicksdc,No
hiddled,No
higginag,Yes
higgsl,No
highway,No
hillam,Yes
hilljc,No
hilljon,No
hillmha,No
hilttre,No
hinhowi,No
hoddp,No
hodgess,No
hodgest,No
hodgjoh,No
hodgsnb,Yes
hogarsa,No
holdjes,No
holljaa,No
holmerh,No
holmhcm,No
hombals,No
hopgoga,No
horgant,No
hornjax,No
hornptc,No
Horovaj,No
houghsa,No
hougrhb,No
hova,No
howaben,No
HowaerT,No
howelcc,No
howelmb,No
howelta,No
HOWIEGA,No
hoypraa,No
hristom,No
hsbbb,No
Hugherh,No
huiln,No
hullmwq,No
hullt,No
huntjam,Yes
huntkar,No
HuntleR,No
hurleys,No
hurrenk,No
hussazg,No
hussexx,No
HuweU,No
Hydeap,No
ikbaaib,No
ikramad,No
ikramuh,No
ilianot,No
ilievv,No
illar,No
ilyassa,No
imams,No
imrasyd,No
inampus,No
inams,No
inglisp,No
injalt,No
innesd,No
innesdu,No
insizu,No
iparkay,No
ipvddev,Yes
IQUBASM,No
iregcix,No
irelk,No
irutsil,No
islamff,No
ismahaa,No
issaram,No
iswarys,Yes
Ithiat,No
ivanben,No
ivanovd,No
ivanovy,No
izydmar,Yes
jabbarh,No
jablolu,No
jacksop,No
jacobag,No
jadhamc,No
jadws,No
jagakke,Yes
jagar,No
jagault,No
jaggid,No
jagoter,No
jaiatra,No
jaideeb,No
Jaina,Yes
jainaba,No
jainabj,No
jainabo,No
jainabr,No
jainacz,No
jainajn,No
jainami,No
jainanf,No
jainbhs,No
jaindb,No
jainde,Yes
jaineea,No
jaingar,No
jaingg,No
jainisa,Yes
jainkg,No
jainmak,No
jainml,No
jainnay,No
jainnef,No
jainoti,No
jainpaj,No
jainpii,Yes
Jainpk,No
jainprg,No
jainr,No
jainraq,No
jainrbb,No
JainRbf,No
JAINRIA,No
jainrl,No
jainrm,No
jainrp,No
jainrus,No
jainsab,No
jainsaq,No
Jainsc,No
jainsch,No
jainshi,No
jainshr,No
jainswi,No
jaintb,Yes
jaintya,Yes
jainuth,No
jainvj,No
jainvq,No
jaipara,No
jairaja,No
jairoba,No
jaishia,No
jaispak,No
jaisshe,No
jaiswaa,Yes
jaiswaj,No
jaisws,No
jaitleh,No
jakharp,No
jalans,No
jamas,No
jambdva,No
jambm,No
jamiemb,Yes
jammulc,No
jamshus,No
janaksg,No
janasws,No
jangrat,Yes
jarecja,No
jarmanr,Yes
jastivb,No
jaswsmt,No
jauhgar,No
jauncdu,No
JAUSSAN,No
jayaamt,No
jayabaj,No
jayadpa,No
jayajnq,No
jayakun,Yes
jayapsb,Yes
JAYAPSC,No
jayara,No
jayasa,No
jayasj,No
jayasrr,No
jayavth,No
jayramd,No
jedrzer,No
jegajap,No
jeliptq,No
jenab,No
jenksam,No
jermynd,No
jetlnwx,No
jhaaai,No
jhamaa,Yes
jhamit,No
jhamnag,No
jhapb,No
jhapc,No
Jhingrs,No
jimejos,No
jimip,No
jindali,Yes
jindapa,Yes
jindarb,No
jindpul,No
jindree,Yes
jjbbb,No
jjohnsg,No
jkbbb,No
jobve,No
jogleka,No
johngjb,Yes
johnjfj,No
johnp,No
johnpej,Yes
johnpil,No
johnsbs,No
JOHNTAK,No
johntia,Yes
johshia,Yes
jollyj,No
jonegwa,Yes
jonejar,Yes
jonerew,No
jonesa,No
jonesdh,Yes
jonesdk,No
jonesgl,No
jonesro,No
jonns,No
joosteg,No
josavia,No
josecsl,No
josedan,No
josepkc,No
josepnj,No
joseptb,No
joshgar,No
joshiaw,No
Joshir,No
joshisg,No
joshisx,Yes
joshnav,No
joshnee,No
joshshr,Yes
jothg,Yes
jothsen,No
jotsbhi,No
jovanon,Yes
joyanu,No
julkaal,Yes
Junejma,No
junijar,Yes
jvbbb,No
kackerr,No
kaczoru,No
kadalat,No
kadirka,No
kaessmi,No
kahirf,No
kaimvij,No
kainhim,Yes
kajaa,No
kajub,No
kakijvt,No
kakur,No
kakwanl,No
kalahan,No
kalaich,No
KALAV,Yes
KALEJKL,No
kalek,No
kalhima,No
kalianb,No
kalinon,No
kalisbk,Yes
kalitnk,No
kaliykn,Yes
kalla,No
kallbar,No
kalln,Yes
kaloyxk,No
kalraka,No
kalrakd,No
kalrask,No
kalrdpk,Yes
kalrrak,No
kalugim,No
kalwanb,No
kalyyka,Yes
kamadvd,No
kamasat,No
kamawan,Yes
kambaaw,No
kambr,No
kammb,No
kamraaa,No
kanacdr,No
kanae,No
Kanagyt,Yes
kanasat,Yes
kanchan,Yes
Kandgur,No
kandhas,No
Kandyrc,No
kangba,Yes
kannams,Yes
kanniad,No
kannrpm,No
Kannsba,No
kannsbc,Yes
kannvra,No
kanojip,No
kanokol,No
kansdiy,No
kansshu,No
kantams,No
kantguk,Yes
kanyala,No
kapayog,No
kapoktz,No
kaponim,No
kapooaz,Yes
kapookc,No
kapoovf,No
kapopuk,No
kapopun,No
kappasi,No
kaprira,No
karabob,No
karadni,No
karasp,No
karayee,Yes
karitar,No
karivar,No
karles,No
kartkmi,No
karua,Yes
karud,No
karugou,Yes
karumar,No
karun,No
karunaa,No
karunnt,No
karupim,No
karusb,No
kasanan,No
kasheak,Yes
kashidr,No
kashikk,No
kashtap,No
KASHVPL,No
kasivch,No
katakas,No
katarin,No
katario,No
katarsh,Yes
katayan,No
kathmsy,No
katikri,No
katli,No
katta,No
kattakj,No
kattwap,No
kaulp,No
kaumanc,No
kaumanh,No
kaurad,No
kaurdep,Yes
kaurdjt,No
kaurgz,Yes
kaurhbc,Yes
kaurhzx,No
kaurjas,No
kaurjf,No
kaurkn,No
kaurkp,No
kaurmnd,No
kaurrh,No
kaurrq,No
kausara,No
Kaushaa,Yes
kaushae,No
kaushj,No
kausr,No
kck,No
Keachit,No
keaneja,No
kearmic,No
keatmrn,No
Keepsj,No
kellefa,No
kellsea,No
kellydm,Yes
kellyoa,No
kenneji,No
kennjin,No
keraid,No
kerbmar,No
kerrd,No
KerrdA,No
kerrdea,No
kerrsh,No
Kesavab,No
Kesavkn,Yes
keumars,Yes
kgm,No
khadrav,No
khakara,No
khamasb,No
khanank,No
khandaf,No
khanejg,Yes
khankk,Yes
khankm,No
khannks,Yes
khannsk,No
khannsl,No
khannvi,No
khansdg,No
khanskx,No
khansp,No
khantil,No
KhantiN,No
khanvis,No
kharbak,No
kharbav,No
kharbva,No
khareac,No
khasaia,No
khetarv,No
khianim,No
khodthb,Yes
KHOLES,No
khoojoa,No
KHOSLAR,No
Khoslrl,Yes
khulbed,No
khura,No
khuranc,No
khurasc,No
khurlov,No
khurroh,No
khwajak,Yes
kiellym,No
kiffg,No
kiladav,No
killjam,No
kingga,No
kingjj,No
kinglc,No
KINGLEA,Yes
kings,No
kinib,No
kirarav,No
kirilea,Yes
kirki,No
Kirkskb,Yes
kirkwoj,No
kirta,No
kirud,No
KIRYLAA,No
KishorP,Yes
kishusl,No
Kissocc,Yes
Kittomk,No
kkuyd,No
klamera,No
kleinp,No
klislav,No
klosinj,Yes
knoxria,No
knsbb,No
kocarob,No
kochhra,No
kodasri,No
kodidha,Yes
KODREG,No
kohilp,No
kohlarm,Yes
kohlgar,No
kohlisd,No
kohvic,No
kolesna,No
komatiq,No
komleva,No
kommj,No
konaa,No
kondgem,No
kondrkm,No
kondsbk,No
konsava,No
konslay,No
koomauv,No
koord,No
koosmdr,No
Kopppar,No
koppsum,Yes
korede,No
korlark,Yes
kornwik,No
korraka,No
korusoe,Yes
kotam,No
kothanb,No
kothb,No
KOTHTHA,No
kotzanl,No
kotzes,No
koulnik,No
Kowalsp,No
kozhbam,No
kpbbf,No
krasiak,No
krastek,No
krespge,No
krirajb,No
krisddk,Yes
krisesh,No
krishku,No
krishn,No
KRISHPE,No
krishr,No
krishs,No
krishvi,No
krishwa,No
kriskar,No
kriskte,No
kropiea,No
krycunl,No
krzost,No
krzostb,No
ksbbd,No
ksbbh,No
ksbbj,Yes
ksingmi,No
kubbb,No
kuceraz,No
kudumr,No
kueitin,No
KukrV,No
kulkjas,No
kulkp,No
kulshaa,No
kulspan,No
kumaaay,No
kumaabh,No
kumaadd,Yes
kumaafr,No
KUMAAGA,No
kumaags,Yes
kumaald,Yes
kumaarz,Yes
kumaave,No
kumabab,No
kumabaf,No
kumabbv,No
kumabkc,No
kumadbb,No
kumadbv,Yes
kumagaa,No
kumagul,No
kumah,No
kumahay,No
kumahse,No
Kumajah,No
kumajsp,No
kumajyb,No
kumajye,Yes
kumakbi,Yes
kumakbz,No
kumakcb,No
kumakcs,No
kumakit,No
kumaksf,No
kumaksm,No
kumakza,Yes
kumamal,Yes
kumambd,No
kumambf,No
kumamij,No
kumamja,Yes
kumamrt,Yes
kumanah,No
kumanbw,No
kumancf,No
kumancj,No
kumanec,No
kumaneh,No
kumanes,Yes
kumangb,No
kumanha,No
kumanod,No
kumanpa,Yes
kumapab,No
Kumapag,No
kumapai,No
kumapan,No
kumapao,No
kumapcs,No
kumapfd,No
kumapfk,No
kumapin,No
kumapod,No
kumaprh,No
kumaprm,No
kumaprq,No
kumapxt,No
KUMARAY,No
Kumarbs,No
kumarci,No
kumardf,No
kumards,No
kumaref,No
kumarfj,No
kumargx,No
kumargz,No
kumarhe,No
kumarhy,No
kumari,No
KumariJ,No
kumarma,No
Kumarna,Yes
kumarnz,No
kumarpe,No
kumarpp,No
KUMARRH,No
kumarrw,Yes
kumarsz,Yes
kumarts,No
kumarur,No
kumarux,No
Kumarvc,No
kumarxz,No
kumasa,No
kumasah,Yes
kumascd,Yes
kumasdt,No
kumasfj,No
kumasfq,Yes
kumashb,Yes
KumashO,Yes
kumasid,No
kumasjw,No
kumasnm,No
kumasua,Yes
Kumasud,No
kumatye,No
kumaund,No
kumaunn,No
kumavcg,No
kumavdy,No
kumavio,No
kumaviz,No
kumavod,Yes
kumavpn,No
kumayab,No
kumayoy,No
kumbcho,No
kumhaya,No
kumishc,No
kumkmaa,No
kumkria,No
kumkric,No
kummaaf,No
kummitc,No
kummojb,Yes
kummsha,No
kumnavk,No
kumndea,No
kumniia,No
kumnilb,No
kumpaab,No
kumpaaj,No
kumpavb,No
Kumpaya,No
kumprak,No
kumprav,No
kumpraw,No
kumpvnb,No
kumraah,No
kumraap,No
kumraat,No
kumrajf,No
kumraji,No
kumranj,No
KumraxA,No
kumrazb,No
kumrkea,No
kumrmha,Yes
kumrnta,No
kumrosa,No
kumrunb,No
KUMSAAE,No
KUMSAAM,No
kumsdpa,No
kumsenf,Yes
kumshib,Yes
kumshrc,No
kumsthc,No
kumsudb,No
kumtara,No
kumvaya,No
kumvina,No
kunaami,No
kundaab,No
kunnavj,No
kuppanz,No
kuppran,No
kuras,No
kurekch,No
kuria,No
KURUARJ,No
kurut,No
kurzak,No
kusapav,No
kushall,Yes
kushvdh,No
kuwap,No
kwanvin,Yes
labajp,No
labanaa,No
LaddnnA,No
ladens,No
laksk,No
laksvee,Yes
lalga,No
lambaj,No
lambav,Yes
lambjet,No
lamphar,No
lancapa,No
landetr,No
langej,No
langmma,No
lanngj,Yes
lappins,No
laszlog,No
lattj,No
lauka,No
lauraan,No
lawraj,Yes
lawreta,No
laxmp,No
leachp,No
lebeaum,Yes
leconte,Yes
leejb,No
leekhat,No
leekrag,No
LEELSHA,No
leepera,No
leesad,Yes
LEESJA,Yes
leeyah,No
leh,No
lehmm,No
leipess,No
lemaatr,No
leomvjy,No
Leonagl,No
leontj,No
leplatj,No
leroflr,No
LEUNEEE,No
levakus,No
levensm,No
levinpl,No
levyaax,No
levym,Yes
lewekhj,Yes
lewirib,Yes
lig,Yes
likhl,No
limcaj,No
LIMEA,Yes
lindfa,No
lingapa,No
lingast,No
lingb,No
Lingsb,No
linoggr,No
linwjam,No
linxab,No
lisab,No
lislab,No
LiyL,No
lnvkb,No
lockr,No
lodhaa,No
Lodhutk,No
loefiex,No
logammn,No
logand,No
loganpg,No
logas,No
Lohts,Yes
lokends,No
lokreym,No
longmb,No
lopesr,No
lottrd,No
loughlj,No
lovecer,No
Lovelra,No
lowmxvl,No
lucha,No
ludwikm,No
lundbmb,No
lundiga,No
lundjhn,No
lundkvr,No
lutgfan,No
luthrah,No
LWINTO,No
lyallkl,No
lyallmd,Yes
lyonscb,No
Lyonscc,No
mabbc,No
macdjam,No
macdoae,No
Macdocd,No
machanr,No
mackia,No
Mackidf,No
mackiia,Yes
Macleai,Yes
Macnulm,No
macrd,Yes
madaanr,No
madalam,No
madanch,Yes
madaven,No
maddema,No
maddodb,No
maddu,No
madhakk,No
madhanc,No
madhkar,No
madhn,No
madhr,No
madishr,No
madswta,No
magojzk,Yes
magollt,Yes
magudam,No
mahadkp,No
mahajs,No
mahajsd,No
mahajsf,No
mahajsh,No
mahars,No
mahasaz,No
mahasiv,No
mahassr,Yes
mahasvm,No
mahena,Yes
mahenp,No
maherab,No
mahes,No
mahesa,No
maheshd,No
mahesn,No
mahessk,No
mahmomj,Yes
mahmsyl,No
mahswaa,No
mahton,No
mailb,No
mainsts,No
majetik,No
majora,No
majuu,No
makhijh,No
makhsun,No
makkcwx,No
makola,No
malag,No
malagir,No
malanua,No
malecjb,No
malhoja,No
malhotj,No
malidhi,No
maligru,No
MALIKAQ,No
malikjb,Yes
maliks,No
malikun,No
malinac,No
malivvk,No
malleyk,Yes
mallrjr,No
malvneh,No
mamoona,No
Manaams,Yes
manasum,No
mancbia,No
mancrah,No
mancvar,No
mandloa,No
manea,No
mangaln,No
Mangamc,No
mangcha,No
manicrb,No
manigsk,No
maniihf,No
MANIKJA,No
manilog,No
maninvn,No
manish,No
manishn,No
Manivkp,No
manjsus,No
manjun,No
ManleyM,No
mannhin,No
mannism,No
manoddv,No
manomoz,No
manon,No
manoram,No
manosri,No
manouma,No
manovin,No
mantjhn,No
mantonj,No
Manurmk,No
manzleg,No
mariana,No
mariaru,No
marirch,No
MARKAMS,No
markdes,No
markets,No
Marrs,No
Marshak,Yes
martc,No
martcad,No
martedr,No
martijq,Yes
martsah,No
Maryadr,No
MASIMAN,No
masishj,No
masleyj,No
Masonck,No
masondd,Yes
masooaa,No
masseyn,No
mateeda,No
mateens,No
matheme,Yes
mathlak,No
mathmoh,Yes
mathpal,No
mathukb,No
mathupc,No
mathurf,No
mathusc,No
matobzt,No
matosib,No
MatsiyM,No
mattley,No
matviet,No
maurkas,No
maurpri,No
mausara,No
mavronb,No
mazharn,Yes
mcaloor,No
mcbaina,Yes
mccaa,No
mccanmp,No
mccannm,Yes
Mccardg,No
Mcclecz,No
mccoian,No
mcconaa,No
mccormr,Yes
mccrosp,Yes
mcdonnc,No
Mcelenr,No
mcfac,No
mcfarlh,No
McgeeO,No
mcgheed,No
mcghwmc,No
mcgid,No
mcgilcf,No
mcgrdar,No
Mcgregd,Yes
mcguirb,No
mcind,No
mcinng,Yes
mcintja,No
mcintmm,No
Mcivona,No
mckayja,No
mckek,No
mckenim,No
Mckennb,No
mckenrm,Yes
mclaf,Yes
mcleoed,No
mcmahre,No
Mcmillr,No
mcminnp,No
mcmurad,No
mcnaird,No
mcneebr,Yes
mcneiic,No
MCNEILB,No
mcneiro,No
mcphiba,No
mcrobbj,No
mcsporr,No
Mcveyp,No
meacoen,Yes
medis,No
meechji,No
meganas,No
meghand,No
mehrasb,No
mehrpre,No
mehrrpi,No
mehtaat,No
mehtach,No
MEHTANS,No
mehtapi,No
mehtasi,No
mehtau,No
mehtkun,No
mehtsaa,No
mehtsug,No
mehtxhm,No
meighja,No
mekai,No
mendnii,No
mendtny,No
menenmm,No
Mennimc,No
Menonbj,No
mensajz,No
menzdav,No
merigos,Yes
meszara,No
meyermm,Yes
michamg,No
mihayls,No
mikutap,Yes
MILLARP,No
Millase,No
millekc,No
milleth,No
milleti,No
mirosor,Yes
mirsirk,Yes
mirzama,No
misanaa,No
misharp,No
Mishhry,No
mishlok,Yes
mishmnj,No
mishnav,No
mishrav,Yes
mishrdb,No
Mishrdk,Yes
mishrnh,No
mishrpf,No
Mishrrc,Yes
mishrrq,No
mishsaa,Yes
mishsua,No
mishtap,No
mishvek,No
mishxvm,No
misrakb,No
misrddh,No
misrpra,No
missaa,No
mitcick,No
mitctay,No
mitekri,No
mitem,No
MitrasA,No
mitrukv,No
mittaar,No
mittaca,No
mittadi,No
mittamm,No
mittanc,No
mittint,No
mittkaa,No
mittkar,No
mittraa,No
mitttak,No
mittujw,No
mladvan,No
mmmrak,No
mmpea,No
mmram,No
mmrma,No
mmtha,Yes
mnbbb,No
moffajb,No
mohaart,No
mohader,No
mohajkt,Yes
mohakum,No
mohalli,No
moham,No
MOHANAL,No
mohanat,No
mohankg,No
mohankj,No
mohanmf,No
mohanpj,No
mohapa,No
mohapsp,No
mohasbg,Yes
mohasti,No
mohgoka,No
mohiask,Yes
mohpraa,No
mokuolp,No
molakay,No
momchna,No
mongaa,No
mongaab,No
mongama,No
monkmat,No
monteaa,No
montern,No
montgbl,Yes
mooddaa,No
moolpaw,No
Mooneyp,No
moordin,No
moorts,No
moortsg,No
moraama,No
morelys,No
MoreR,No
moresc,No
MorgsmB,No
morrdea,No
morribb,No
morrijf,No
Morrita,No
MORRROA,No
mortisb,No
mossrf,No
mottnn,No
Mouldg,No
mouns,No
moxoart,No
Mozdzom,No
mpbbf,No
mrman,No
mrosest,Yes
msbbb,No
msbbf,No
mschi,No
mspbb,No
mudalih,No
muddv,No
mudopmd,No
muirag,No
muirj,Yes
mukhesr,Yes
mulawam,No
mules,No
mulir,Yes
Mullesb,Yes
mulljll,No
mullrve,No
mulre,No
mundyba,No
munij,No
muniu,No
munjaga,Yes
munrocc,No
munrola,No
munrosc,No
munteeu,No
munymun,No
muq,No
murakit,No
murama,Yes
murpgaa,No
murpgar,No
murragf,No
murrmcr,No
murthbc,Yes
murtknq,No
murtssn,No
MURUMUT,No
mussaaf,No
muthak,No
muthbgv,Yes
muthjay,Yes
muthtjn,No
Muthubd,No
Muthunt,No
muthurs,Yes
muthusc,No
mutiraa,No
muzumdr,No
nagagns,No
nagala,No
nagalai,Yes
nagam,Yes
nagamur,No
nagarba,No
NagarmD,No
nagarsl,Yes
nagep,No
nageppn,No
nagisat,No
nagpavi,No
nagpvia,No
naguk,No
nahamoh,No
nairapa,No
nairsap,Yes
NAIRVAN,No
naisbym,No
najidan,No
nakar,No
nallamn,Yes
nallas,No
namagee,No
nanddiv,No
nandgay,No
NANDGKA,No
nandgos,No
nangsin,No
nanunta,No
naphaja,No
naraa,No
narab,No
narags,No
narajie,No
naramiq,Yes
narangn,Yes
Narapur,Yes
nararap,No
narav,No
Naraven,No
Narayas,Yes
Narlpri,No
narrtte,No
narulag,No
narulaj,No
narulan,No
naruvrn,No
narws,No
nasayus,No
nasimoh,No
nasirm,No
nassnas,Yes
natakir,No
Natakum,No
natarbc,No
natarmg,No
NATARSB,Yes
natarsp,No
natassv,Yes
NathanM,No
nathsb,No
NATMAL,No
natrata,No
nautiys,No
navahas,No
navalp,No
NAVANEM,Yes
nayakcb,No
nayaksd,No
nayaksp,No
nayaksq,No
nayaksu,Yes
nayasmi,No
nayayee,Yes
naymanm,No
Nazimmd,No
nbbbb,No
nedeldr,No
nedevp,No
neduncd,No
nedyval,No
neginb,No
nehanha,No
NelschR,No
nelsosc,No
nereswa,No
nevesab,No
nevijym,No
Newtork,No
nguynic,No
NICHALX,No
Nichdna,No
nichnfi,Yes
nichssa,Yes
nidadk,No
nidav,No
nigamj,No
nigarav,No
nigasha,No
nigatan,No
nikitan,No
ningr,No
niralac,Yes
nithp,No
nnmkd,No
nohwara,Yes
NolanM,No
noumlap,No
nppaa,Yes
nugentb,Yes
nutajev,No
nvbbb,No
nzekn,No
oatesd,No
obioham,No
OBRIEAG,No
Obriemh,Yes
obriesc,No
oconj,No
oconsob,No
odc_dev,Yes
odettia,Yes
odikuhi,No
ogalden,No
ogneva,No
Ohagaba,No
ohrit,No
ohriv,No
okyerek,No
oleynie,No
olipi,No
olivekb,No
olivodd,No
olivt,No
omarab,No
Oneiljd,No
Oneilmh,No
onorndr,No
ontelar,No
ORIORDK,No
orjiu,No
ortedie,No
otoolep,No
ovcadni,No
oweni,No
OWENMG,No
ozelisa,No
pabbad,No
packerm,No
pacmana,Yes
padavam,No
padma,No
padmk,No
pageba,No
pageta,No
pahwap,No
pahwmit,No
pahwomi,No
paiseys,No
pajnia,No
pakkhoo,Yes
pakkvin,No
palaag,No
palaelv,No
palag,No
palakop,No
Palanik,No
palanmg,Yes
palarem,No
palasug,No
palauma,No
palaxsp,No
palayvj,No
palczek,Yes
paldar,Yes
paletu,No
palid,No
palil,No
Palloth,No
palprt,No
palrrdv,Yes
palsgun,No
palso,No
paltaan,Yes
pancamb,No
pancpra,Yes
pandeag,No
pandebc,No
pandedc,No
PandegA,No
pandemo,No
panderf,No
pandeso,No
PandeyA,No
pandiar,No
pandiv,No
pandj,No
pandmkr,No
Pandpdk,No
pandpyk,No
pandrat,No
pands,No
pandsbf,No
PandsmY,No
pandyso,Yes
PANHARB,No
panim,No
PANNESB,No
pannkkl,Yes
pantmih,No
pantrb,Yes
pantrc,No
pants,No
pantvkm,No
panwaab,No
panwgav,No
panwrav,No
paraddk,No
paramoh,Yes
paramsu,No
paran,No
paraprz,No
pareesb,Yes
parikmb,No
ParksM,No
Parmarr,Yes
Parroca,No
partp,Yes
partv,No
parvaaa,No
parvd,No
pasarak,Yes
pashovi,No
patasaa,No
patea,No
patelcc,No
Patelp,No
Patelro,No
patelud,No
patesis,No
pathane,No
pathash,No
pathvun,No
Patiegm,No
patilmf,No
patrasu,No
pattaac,No
pattas,No
pattemn,No
pattenn,Yes
pattip,No
pattyab,No
paulrlp,No
payned,No
paynegb,No
pbbbd,No
pcadmin,No
pearsoj,No
pearson,No
peatmon,No
pecksb,Yes
pedamb,No
peddir,No
peggs,No
pendka,No
penfg,No
pengimt,No
pennycl,Yes
penova,No
perig,No
perii,No
perksl,No
perrjhn,No
perrybb,No
Perukik,No
Perumap,No
perumna,No
perur,No
peruraz,Yes
perurqw,No
perus,No
pestkap,No
pethtrj,No
pethunn,No
petrasd,No
pgbbc,Yes
pheejwx,No
phelapb,Yes
philiag,No
phillcf,No
phillge,No
philray,Yes
phougar,No
pichadv,No
pickeer,No
pickjpa,No
pickles,No
piggian,No
Piggina,No
pillanj,No
pillash,No
pilorlb,No
PITALIS,No
pitchp,No
pitcman,No
pitelad,No
pitrmeh,No
pkbbb,No
platoap,No
PodderA,No
polea,No
polepan,No
POLYAAP,No
ponmj,No
ponnavv,Yes
ponnkal,No
ponnm,Yes
poonxsp,No
poovtri,No
popban,No
popkop,No
popovaz,No
popovia,No
poredas,No
porteom,Yes
porwolb,No
Potteac,Yes
pottsis,No
pottv,No
Pournad,Yes
pournas,Yes
powerj,No
ppbva,No
ppppraj,No
prabhni,No
prabhp,No
prabhs,No
prabssh,Yes
prabsya,No
prachea,No
pradbjt,No
pradhav,No
pradoha,No
prakasq,No
prakdiv,No
Praknbr,Yes
prasadf,No
prasanf,No
prasare,No
prashae,No
prasres,No
prataaa,Yes
pratg,No
pratsac,No
premndh,No
presspm,Yes
pringfr,No
prinser,No
priyakb,No
priyal,No
priyata,No
priybce,No
priyima,No
priythy,Yes
priyv,No
proiapx,No
proudm,No
proveyj,No
prowa,No
prustis,No
psbbb,No
psbbc,No
pssbb,No
puchr,No
pudsbne,No
pugavik,No
puhkhav,No
pujaraa,No
pulldha,No
punasuw,No
pundrul,No
punjhsl,No
pupps,No
puraash,No
purigau,No
purimc,No
PurimrG,No
purohap,No
puronaa,No
purug,No
purwara,No
pushsax,No
puthurp,No
putoo,No
pvsbb,No
qagmh,No
quaranl,No
quarjos,Yes
queckin,No
quinnw,No
qurequr,No
radhar,No
radhav,No
Radhavc,No
radhd,Yes
radhvet,Yes
ragappa,Yes
raghrrn,No
ragiran,No
raguy,No
rahmamo,No
rahmasn,No
rahmnad,No
raiavi,No
raimah,No
rainanc,No
rainkan,No
raipa,No
Rair,No
raisplr,No
raivin,No
rajaiva,No
rajajb,No
rajakrj,No
rajakta,No
rajam,No
rajamal,No
rajanaf,No
rajanl,No
rajarbh,No
rajarj,No
rajarvb,Yes
rajary,No
rajasba,No
rajasbb,No
rajashs,No
rajassg,No
rajatjs,No
rajattj,No
rajavap,No
rajdac,Yes
rajenrv,No
rajenss,No
rajirna,No
rajkm,No
rajkmau,No
rajkusb,No
rajkyog,No
rajpoa,No
rajputs,No
rajrjd,No
rajsara,No
rajsc,No
Rajsrib,No
rajuba,No
rajuv,No
rajvaaa,No
rajvans,No
ralhank,No
ramaaab,Yes
ramacch,Yes
ramacd,No
RAMAGPT,No
ramakj,No
ramakkl,No
Ramakmn,No
ramakpr,Yes
ramalk,No
ramanai,No
ramansn,Yes
Ramanur,No
ramapkw,No
ramarcr,Yes
ramarem,No
ramask,No
ramaskc,No
ramassu,No
ramaswt,No
ramavea,No
ramavnk,No
ramavvb,No
ramavvd,No
ramdaba,No
ramebbi,No
rameseb,No
RAMESRZ,No
ramgb,No
ramivnk,No
ramkaa,Yes
ramkarc,No
ramkir,Yes
rammtha,No
ramperg,No
ramrajc,No
ramseyl,Yes
ramun,No
ranaaaa,No
ranag,Yes
ranaka,No
ranarrm,No
ranasrl,No
ranavb,Yes
ranavnd,No
rangman,No
rangraj,Yes
rangvjy,Yes
raniaf,No
ranir,No
ranirai,No
ranjanm,No
ranjarj,No
ranjrab,No
rankinr,No
raola,No
Raom,No
raorut,No
raotram,No
raoyp,No
rasanan,No
rashshi,No
rastash,No
rastimi,Yes
rastoav,No
rastovc,Yes
rateepa,Yes
ratewar,Yes
rathdua,No
rathjkk,Yes
rathoma,No
rathp,No
ratikar,No
rattb,No
rattrah,Yes
raufabr,No
rautely,No
raveddi,No
raviaou,No
ravidn,No
ravikal,No
RAVIKC,No
ravikt,No
ravikur,No
ravincm,No
ravindi,No
ravinds,No
ravinis,Yes
ravipc,No
ravipd,No
ravisp,No
ravisv,Yes
raviuth,No
ravshac,No
rawatdb,No
rawawal,No
rawtvij,No
rayctam,No
raymosd,Yes
raynesd,No
razikm,No
razolek,No
razvsed,No
redddva,Yes
reddthu,No
reddyab,No
reddyac,No
reddyay,No
reddysl,No
reddyvb,No
reddyve,No
REEDDA,No
reest,No
regosac,No
rehmads,No
reilldb,Yes
relhana,No
renaxvr,No
revanvs,No
rews,Yes
reynome,No
rgbbb,No
Riats,No
ricacos,No
richai,No
richakg,No
Ridderm,No
RingerM,No
rista,No
rivev,Yes
rjrbb,No
robbial,No
robedrk,No
roberam,No
roberat,No
roberaz,No
roberkh,Yes
robeska,Yes
Robexsr,No
robilar,No
robljor,No
robsris,No
rockdr,Yes
rockian,No
rodgelh,No
rodrima,No
roeslex,No
rohelro,No
romaluc,No
rondd,No
rorked,Yes
rossnic,No
rossokd,No
RossX,Yes
routa,No
royaah,Yes
royad,No
roygun,No
royovk,No
roysg,No
rozhomy,No
rrplv,No
rrram,No
rrranj,No
Rrrsum,No
rrsrr,No
rrumr,No
rsinsaa,No
rubaprq,No
rudking,No
rumsecc,No
rumseys,No
RUNJANF,No
rushd,No
rusinod,No
russcol,No
russn,No
russsra,No
ryanbar,No
saaiupg,No
sabatoc,Yes
sachann,No
sachanp,No
sachdee,No
sachdmd,No
SACHDSF,No
sachdsh,Yes
sachram,No
sachree,No
sadagos,No
sadal,No
sadrddk,Yes
SAGIJAY,No
sagimos,Yes
sahask,No
sahigam,No
sahnjah,No
sahoari,No
sahoauk,No
sahookb,Yes
sahotja,No
sahsama,No
sahuaf,No
sahudee,No
sahuhaz,No
sahush,No
sailako,No
saimb,No
saindit,No
sainhms,No
Sainiks,No
sainmsd,No
sainpdm,Yes
sainsjy,No
sainura,No
sakswal,No
saktkri,No
sakutan,No
salubal,No
Salzerc,No
samam,No
samanns,Yes
sambvay,No
sampr,No
sandayr,No
sandeca,No
sandfai,No
sandhad,No
sandrkb,No
sandy,No
sangkir,No
sanir,No
sankabf,No
sankdvn,No
sankrsb,No
sankv,No
santf,No
santl,No
santmuk,No
santsrp,Yes
sanug,No
saprush,No
sarafab,No
sarashy,No
saraskb,Yes
sarasl,No
saravanav,No
saravs,No
sardanv,No
sareema,No
sarivir,No
sarjmat,No
sarkark,No
sarkbbn,No
saseesv,Yes
sasip,No
sathoha,No
sathsta,No
sathsud,No
sathswy,No
satijsb,No
sattarm,No
satyar,No
satykin,No
saursgh,No
saurshu,No
saverys,No
SAWAAQW,No
SAWWAA,No
saxasha,No
saxeabf,No
saxelav,No
saxenaw,No
saxengs,Yes
saxensm,No
saxensz,No
saxeshi,No
saxeyan,No
saxshab,Yes
sayesun,No
schaiva,No
schefur,No
schofpa,No
schup,No
schuwer,No
schwada,No
scotala,No
Scotta,Yes
Scottar,No
scottd,Yes
ScottsQ,No
sdbbb,No
sebbb,No
seets,No
sehgalg,No
sehghis,No
sehgjat,No
sehgnam,No
sekadiv,No
sekajaa,Yes
sekapyw,No
sekarjb,No
sekhasd,No
selampa,No
sellpbs,Yes
selsara,No
selvans,No
selvape,No
selvasj,No
selvasu,No
selvasw,No
selvb,No
selvc,No
selvi,No
selvjsu,No
selvvkt,No
semanav,No
senac,No
senguas,Yes
sentant,No
service-bankl,Yes
service-cms9,No
Service-Cmsci,No
service-cpbd-dev,Yes
service-CRODA,No
Service-cwsvcs,No
Service-Dp-Cicd,Yes
Service-Ebkgituser,No
Service-Fxrates,Yes
Service-Iam-Build,No
service-iiwp-dts,No
Service-lmbd-digital,Yes
Service-Lnd,Yes
service-obao,No
Service-spritzer-dev,No
service-twofapoc-dts,No
Service-Wiamagile,No
sethab,No
sethgar,No
sethiaj,No
sethial,No
sethiha,No
sethik,Yes
sethimb,No
sethipa,No
sethisn,No
sethkb,Yes
sethmit,No
sethmud,No
sethprs,No
sethsab,Yes
sethu,No
sethus,No
setijyt,No
sewaama,No
shaaaba,No
shaaada,No
shaabab,No
shaanka,No
shaanuc,No
shachia,No
ShadeeB,Yes
shafsha,No
shagarb,No
shagsam,No
shahama,No
shahaxa,No
shahdh,No
shahedh,No
shahhas,No
shahjc,No
shahkt,No
shahmc,No
shahrsx,No
shahtik,No
ShahyaM,Yes
shaibaz,No
Shaiksg,Yes
shaiksi,No
shaizws,Yes
shajaya,No
shakapb,No
SHAKESK,No
shakyan,No
shamaaf,No
shamaha,No
shamsza,No
shanin,No
shanjaa,Yes
shankha,No
shankpf,No
shanml,No
shanmsj,No
SHANMVD,No
shanpat,No
shanr,No
SHANSAT,No
shansrm,No
shapawb,No
shapska,No
shapula,No
sharaaz,No
sharaba,No
sharadk,No
sharads,No
sharagl,No
sharags,No
sharahg,No
sharajk,No
sharakm,No
sharano,No
Sharasf,No
sharass,No
shardap,No
shardid,No
shardvn,Yes
shareep,Yes
shargor,No
sharhal,No
sharhid,No
sharhin,No
sharidc,No
sharika,No
sharive,No
sharjal,Yes
sharkde,No
sharlaa,Yes
sharmby,No
sharmcq,No
sharmgp,No
sharmih,No
sharmoc,No
sharmpv,No
sharmpx,No
sharmra,Yes
sharmrc,No
sharmrn,No
sharmua,Yes
sharmuq,No
sharmvt,Yes
sharmyt,No
sharnat,No
SharnaV,No
sharnea,No
sharnee,No
sharnma,No
sharnpm,No
sharpbm,No
sharpch,No
sharprf,No
SharqdF,No
sharrak,Yes
sharrat,No
sharrax,No
sharrcj,No
sharrew,No
sharrsa,Yes
sharsal,No
SHARSBO,No
sharscg,No
sharsfp,No
sharsgj,No
sharskb,No
sharstu,Yes
sharsug,No
shartan,No
sharutt,No
sharvap,No
sharvun,Yes
sharxfw,No
Shashva,Yes
shasiaa,No
shavvka,Yes
shawgk,No
sheikb,No
sheikno,Yes
Shenram,No
shethwj,No
shieldb,No
shikhak,Yes
shilsig,No
shineha,No
shobsha,No
shottph,No
shouem,Yes
shovelm,Yes
showa,No
shrankb,No
shresab,No
shridar,No
shrinhe,No
shrir,No
shris,Yes
Shrivas,No
shrivrb,No
shron,No
shukhas,No
ShukhrH,No
shukivk,No
shuklaj,No
shuklas,No
shuklbb,No
shuklnc,No
shuklra,No
shukneh,No
ShyaM,No
siciara,No
siddiat,No
siddj,No
sidhuar,No
sikrin,No
sikrir,No
silvama,No
silvleo,No
simhamp,No
Simmoep,No
sinabhh,No
sinakab,No
sinakac,Yes
sinamma,No
sinania,Yes
sinanib,No
sinanub,Yes
sinanuc,No
sinapaa,No
sinbala,Yes
SinbhaA,Yes
sinbhua,No
sinclaw,No
sinda,No
sineetb,No
singadh,No
singady,No
singafk,No
singaja,No
singanh,Yes
singavs,No
singbap,No
singbhy,No
singchb,No
singdhc,No
Singdiw,No
singesa,No
singete,No
singgae,No
singgan,No
singgaw,No
singggj,No
singggv,No
singhaz,Yes
singhbp,No
SinghcA,No
singhcl,No
singhcy,No
singhdq,No
singhfk,No
singhij,Yes
singhjh,No
singhlf,No
singhmd,No
singhmj,Yes
singhpb,No
singhrb,No
singhsi,No
singhtm,No
singhtn,No
singhu,No
singhvb,No
singhvh,No
singhyf,No
singirs,No
singjbl,No
singjee,No
singjot,Yes
singkas,No
singlas,No
singlsf,No
singmai,No
singmat,No
singmbv,No
singmil,No
singmit,No
singnbk,No
singnbm,No
singndp,No
singnpr,No
singnvr,No
singpcd,No
singpch,No
singpct,No
singrac,No
singrbd,No
singrcc,No
singrce,No
singrcq,No
singrdj,No
singred,No
singree,No
singren,No
singrpr,Yes
singrvi,No
singsaw,No
singscf,No
singsgh,No
singshe,No
singshr,No
SINGSPT,No
singsrj,No
singsrt,No
singstk,Yes
singsub,No
singsuj,No
singt,No
singtij,No
singtya,No
singudp,No
singult,No
singurb,No
singurc,No
singurv,No
singvaa,No
singvam,No
singvib,No
singvif,No
Singwva,No
singyab,Yes
singyan,No
sinhaah,No
sinhaal,Yes
sinhamh,No
sinhans,No
sinhapo,No
Sinhapr,No
sinharf,No
sinhasm,No
sinhekt,No
sinjaaa,Yes
sinjaab,No
SinmarA,No
sinpaac,No
sinparf,No
sinpraa,No
sinprta,No
sinraae,No
sinraaf,No
sinrena,No
sinrenb,Yes
sinrtaa,No
sinsama,No
sinuraa,No
sinvara,No
sinvinb,No
sircars,No
siropka,No
sistud,No
sivagny,Yes
sivahic,Yes
sivakd,No
sivakv,No
sivamba,No
sivaraa,Yes
sivars,No
sivass,No
sivassn,No
SivisiV,No
SiwachM,No
skawhal,No
skbbf,Yes
skeltrs,No
skempp,No
skilled,No
slavoro,No
smartg,Yes
smidanb,No
smitgim,No
smithbd,Yes
Smithcn,No
smithkh,No
smithob,No
smithpb,No
smitjol,No
smitliw,No
smitmcg,No
smitpad,No
smitpsa,Yes
smitsbo,No
SmitscH,No
smitsde,No
smittae,Yes
smitwia,No
smulsks,No
soarest,No
sobczyr,No
sodhia,No
sofaadi,No
sokoloa,No
solaktk,No
solanrg,No
solopes,No
somana,No
somap,No
sommert,No
Sonabtr,No
sonehnu,No
sonia,No
soniks,No
sonirh,No
sonirk,No
sonirks,No
soodk,No
soodrs,No
soods,No
sopern,No
soundkd,No
sounk,No
souterc,No
sowbsha,No
sownm,No
spilm,No
spisnay,No
spitas,No
Spruces,No
squairs,No
srbbf,Yes
sridgwr,No
sriganm,No
srikasb,No
srinaru,No
Srinilp,No
srinirn,No
srinivh,No
srinmur,No
srinpra,No
srinren,No
sriramk,No
srisaka,Yes
srisana,No
srivabh,No
srivabq,No
srivaga,No
srivagc,No
srivait,No
srivakh,No
srivakv,No
srivask,No
srivavk,No
srivbhr,No
srivish,No
srivkay,Yes
srivm,No
srivnee,No
srivnil,No
srivnsh,No
srivrav,No
srivsbf,No
srivshb,No
srivudh,No
srokal,No
ssabb,No
ssdir,Yes
sspav,No
sspwq,Yes
stadema,Yes
stafs,Yes
stana,No
stanlan,No
stbbb,No
steadpa,Yes
steelka,No
stefvay,No
stephcd,No
stepyka,No
sterlit,No
stewaah,No
Stewagh,No
stewanf,No
stewapc,Yes
stoezar,No
stokemg,No
stoneez,No
stonemg,Yes
straszt,No
Strawi,No
strutaa,No
subarbt,No
subbana,No
subbiaj,No
subbn,No
subhn,No
subpkuv,No
subraag,No
Subragv,No
subramr,No
subrard,No
SUBRBLS,No
subrg,No
subrmkw,No
subrpry,No
subrsbh,No
subrthi,No
subrtky,No
subsaab,No
subvtha,No
suckm,No
sudhm,No
sueyes,No
suhaavi,No
sukhisa,No
sukhl,No
sukusry,No
suler,No
sumahsh,No
sumasaa,No
sumnera,Yes
sundan,No
sundarv,No
sundpus,No
sundsib,No
sundv,No
sunimss,Yes
sunpraa,No
surawsh,No
surehhj,No
suremar,No
suripa,No
suriysb,No
surylth,No
sused,No
sushmeh,No
sutarps,No
sutct,No
sutharb,No
suthilh,No
sutumat,No
suvrits,No
svacg,No
svanido,Yes
svc-algoci,No
svc-athena-dev,No
svc-athena-qa,No
svc-caf-dev,Yes
svc-candr-dts,No
svc-code-blueoptima,No
svc-cp_ci_dts,No
svc-cpbcrm-dts,No
svc-cpcli_ci_dts,Yes
svc-crowd-prod,No
svc-deltarates_dts,Yes
svc-devhummingbird,Yes
svc-dtsadmin,Yes
svc-fb-dev,No
svc-fluid,Yes
svc-fob-dts,No
svc-fss-ac_dts,No
svc-fx-exec-dev-dts,No
svc-fx-git-uat,No
svc-fx-systemx,No
svc-fxmp_dev,No
svc-hermes-dts,No
svc-iam-build,No
svc-mdxbuild,No
svc-microrates-dts,No
svc-mosaic-dts,No
svc-mplatformtools,No
svc-mt-dts,No
svc-obi,No
svc-pad2,No
SVC-Payment-Ms,No
svc-prism-build,No
svc-prism-build_dts,Yes
svc-rbsm-ui-dev,No
svc-rcr-dts,No
svc-regrisk-abc-dts,No
svc-riskbatchsvn,No
svc-riskexplorer,No
svc-riskitsvn,Yes
svc-rmpdev,No
svc-rsr-build,No
svc-rsubuild,No
svc-ruf-generic,No
svc-sso-build,No
svc-ssocollab-build,No
svc-stash,No
svc-stem-tools,No
svc-stptib,No
svc-teamcity_dts,Yes
svc-teststyle,No
svc-tmsbmc,No
svc-trillium-dts,No
svc-XMartBuild,Yes
svc-zptools,Yes
svcdrpr,No
svcprmp,No
swamivb,No
swamsad,No
swamv,No
swamvay,No
swanac,Yes
SWARRZX,No
sweenms,No
switalp,Yes
syedmos,No
sykesjc,No
szatkna,No
szatkon,No
szerk,Yes
SZMIGAA,No
szuka,No
szymmci,No
taakv,No
tadan,No
tadhm,No
tahilil,No
taitjt,No
tallaps,Yes
taltyg,Yes
TandrjN,No
tandsot,No
tanekwv,No
tangsut,No
tanjt,No
tannan,No
tanneon,No
tanwvks,No
tasheva,No
tasilav,No
taskj,No
tativ,No
Tatiyya,No
tatta,Yes
tatterk,No
taylade,No
taylone,No
taylosi,No
taylrtb,Yes
techuser,No
teczami,No
teegpra,No
tejjos,No
tewarih,No
tewarim,No
thajf,No
THAKABH,No
thakkdh,No
thakugb,No
thakukb,No
thakurv,No
thakusc,Yes
thakusl,No
thakwal,No
thammus,No
thana,No
thangp,No
thangsb,No
thanren,No
thansub,Yes
thanvny,No
thapliu,No
thars,No
thavun,No
thayc,Yes
thekc,No
thekkak,No
Thekkex,No
THEOPPA,Yes
Thewlig,No
thikkas,No
Thilsiv,Yes
thirrje,No
thiydee,Yes
thomabc,Yes
Thomacd,No
thomarb,No
thomatc,No
thombea,Yes
thombet,No
thomgre,No
thompb,No
thompwa,No
THOMRHA,No
thomrtc,No
thomshj,No
thomusa,No
thorntm,Yes
thosanc,No
Thotarj,No
thotsan,No
thoutho,No
thris,No
thummre,No
tickooa,No
tikhily,No
tilkor,Yes
timmimb,Yes
timmmtx,No
tindr,No
tinnini,No
tirujun,No
tirumaa,No
TIRUPSA,No
titutjj,No
tiwacaz,No
tiwanee,No
tiwanih,No
tiwarac,No
tiwarar,No
tiwarua,No
tiwaudb,No
tjyaa,No
togherj,Yes
tokapnw,No
tolanus,No
tomamar,No
tomaszm,No
tomaynu,No
tomlinn,Yes
tondonn,No
tongi,No
tonnema,Yes
topcvan,No
toryane,No
torye,No
toshnmu,No
townsjc,Yes
traca,No
trangh,Yes
tranlc,No
tripapd1,No
tripatm,Yes
tripkha,No
tripsad,Yes
Tripsas,No
trishca,No
trivabh,No
trivedj,No
Troups,No
troupt,No
tsankon,No
tssan,No
tugnand,No
tulalao,No
tupdr,No
tupmanc,No
turad,No
turndam,Yes
turnemc,No
Turnemm,No
turnocr,Yes
turric,No
turskiw,No
tutejam,No
twomeri,No
tyagaba,No
tyagalo,Yes
tyagigb,No
tyagimb,No
tyagirc,Yes
tyagisg,No
tyagisl,No
tyagivc,No
tyagivi,No
ubedoaq,No
ubmbb,Yes
udaygan,No
Ugbecmu,No
uhlimic,Yes
ulver,No
umesaqw,No
umogu,Yes
univar,No
upadhbc,No
upadhda,No
upadhmb,No
upadhpc,No
upadkti,No
upadmaa,Yes
UPILEJ,No
uppar,No
upparas,Yes
uppasch,Yes
uthas,No
vaddips,No
vaddpap,No
Vaddrxd,No
vadem,No
vadislk,No
vadives,Yes
vafegoo,No
vaidraj,No
vairavs,No
vaitv,No
vakheek,No
valah,No
valasah,No
valev,No
valthaa,No
valuk,Yes
vamsic,No
vanad,No
vancec,Yes
vandest,No
varadsb,No
varapm,No
varasan,No
varhara,No
varmasc,No
varsans,No
varshni,No
varshnk,Yes
varshva,No
varsl,No
varss,No
varunrb,No
vasaobi,No
vaseymv,No
vashhok,No
vashiag,No
vashisu,No
vashpan,No
vashrat,No
vasivan,No
vasudee,No
vasum,No
vasumad,No
vasunpd,No
vasuskt,Yes
vatssb,No
Vedams,Yes
veertri,No
veevvka,No
velas,No
veldldy,Yes
vellpin,No
velmn,No
velunak,No
velur,No
velusja,No
venganb,Yes
venjayb,No
venkabg,No
venkakc,No
venkapr,No
venkbha,No
venkmju,No
venkp,No
venkrmt,Yes
venkvty,Yes
venkvya,No
venmada,Yes
vennaa,No
vennam,No
vennica,No
vensata,No
vensura,No
verbiga,No
verche,No
VERGISA,No
verishb,No
VERMAA,No
vermame,Yes
Vermane,Yes
vermapj,Yes
vermarp,No
Vermavn,No
vermhus,No
Vermnda,No
vermnee,No
Vermprd,No
vermrah,Yes
vermrhl,No
vermrib,No
vermsaa,No
vermsbx,No
vermsir,No
vermywf,No
vetrg,No
vickatt,No
vidalf,No
vijaaki,No
Vijajyn,No
VIJAPRA,Yes
vijas,No
vijat,No
vijav,No
vijayav,No
Vijaygk,No
vijaygo,No
vijayn,No
Vijayse,No
vijsb,No
vijsc,No
villaan,No
villlor,No
VinersT,No
vinovta,No
vippp,No
virkv,No
vishash,No
vishnoh,No
vishvab,No
viswshx,Yes
vitalew,No
vitiska,No
VittvnY,No
viveadh,No
ViveG,No
vnrerdy,No
voladrs,Yes
volervi,No
vshes,No
vsinglm,No
vukoale,No
vumavbb,No
vvgwo,Yes
vvram,No
vvvsun,Yes
vyasavy,Yes
VyasR,No
vyasrc,No
waages,No
wadhima,No
wadhwdd,No
wadhwga,No
wadhwmb,No
wahid,No
Wailat,No
walders,No
walenah,No
waliasa,No
wallaa,No
wallajf,No
wallsb,No
wallsea,No
WalshcH,No
waltepc,No
wangbh,Yes
wangdk,No
wanghw,No
wardah,No
warnerc,No
warnm,No
Warrepb,No
warshv,No
waseeem,No
wasikpi,No
Watermb,No
watkita,No
wattsh,No
wattsjd,No
waugmlw,No
wawrm,No
weaklji,No
webbsq,Yes
weckedn,No
weeksti,No
weektim,No
WEIRE,No
Wellera,No
wellerd,No
westp,No
westu,No
weyhada,No
wheeltb,No
whilesp,No
whitlor,No
whyteaa,No
wiecbuk,No
wietrba,Yes
Wilkiex,No
wilkrew,No
willdbk,Yes
willicc,No
willicj,No
willidx,No
willrob,No
willsmb,No
willv,No
wilsoxq,No
wilspea,No
wilsswa,No
wisemc,No
witheyj,No
wittahs,No
wnuklip,Yes
wojcjia,No
wolfjon,No
wolvern,No
wonghh,Yes
Wooddaa,No
woodgh,No
woodrup,No
wormalt,No
woznib,Yes
wozniba,No
wraithc,No
wrattej,No
wrighsh,Yes
wrightq,No
wszet,No
wybodav,No
xavierm,Yes
yadaabf,No
yadaabs,No
yadamah,No
yadaral,Yes
yadarbh,No
yadavaw,No
yadavhd,Yes
yadavib,No
yadavjd,No
YadavK,No
yadavlb,No
yadavmp,No
yadavpc,No
yadavsh,No
yadavsz,No
yadavvf,No
yadayaa,No
yadmaha,Yes
yadsada,No
yadsanc,Yes
yajns,No
yapne,Yes
yasmssb,No
yazicik,No
yegoros,No
yelip,No
yemalad,No
yeruvas,No
yilmaza,No
yongxfz,Yes
Younglf,No
younlma,No
yousafm,No
yusufhm,Yes
zachgio,No
zaidiag,Yes
zaidir,No
zalouay,No
zamanem,No
zamka,No
zannins,No
zarevm,No
zargarm,No
zarkyka,No
zaysgor,No
zaytgor,No
zhangcc,Yes
zhanxxn,No
zhuangy,No
ziarnoa,No
zivkodu,No
zurawsm,No
