Groups,ProjectKey
mdtech-developers,AGORA_PLATFORM
rapp-bitb-cb-core-charges-group1-developers,CORFCB
rapp-bitb-eep-administrators,EEP:EEPDCI
rapp-bitb-eep-developers,EEP:EEPDCI
rapp-bitb-ewr-rcm-administrators,FRAA
rapp-bitb-ewr-rcm-developers,FRAA
rapp-bitb-fra-irb-administrators,FRAA
rapp-bitb-fra-irb-developers,FRAA
rapp-bitb-ft-fdm-administrators,FT-FDM
rapp-bitb-ft-fdm-developers,FT-FDM
rapp-bitb-ft-fdm-users,FT-FDM
rapp-bitb-futures-administrators,AMFUT:FB:FT
rapp-bitb-futures-developers,AMFUT:FB:FT
rapp-bitb-futures-users,AMFUT:FB:FT
rapp-bitb-fx-administrators,AGILE:AMAUTO:AMENABLEMENTS:AMEXECUTION:TRASH:AMEXTERNAL:AMFX:AMFXCO:AMFUT:AMSERVICESNET:AMPOSTTRADE:AMPRIME:CFTAUTO:CLARA:CSS:CPTSS:EFX:FXBM:FXMP:FXIT:FXL:FXOMS:FXP:FXT:FXUI:FXSAL:FF:FB:FT:GSS:KS:FXKDB:MF:NWG:PRIIPS:OPT:PBCLEAR:RBSM:SYSTEMX:XWEB
rapp-bitb-fx-algo-administrators,AGILE:EFX
rapp-bitb-fx-algo-developers,AGILE:EFX
rapp-bitb-fx-developers,AGILE:AMAUTO:AMENABLEMENTS:AMEXECUTION:TRASH:AMEXTERNAL:AMFX:AMFXCO:AMFUT:AMSERVICESNET:AMPOSTTRADE:AMPRIME:CFTAUTO:CLARA:CSS:CPTSS:EFX:FXBM:FXMP:FXIT:FXL:FXOMS:FXP:FXT:FXUI:FXSAL:FF:FB:FT:GSS:KS:FXKDB:MF:NWG:PRIIPS:OPT:PBCLEAR:RBSM:SYSTEMX:XWEB
rapp-bitb-fx-users,AGILE:AMAUTO:AMENABLEMENTS:AMEXECUTION:TRASH:AMEXTERNAL:AMFX:AMFXCO:AMFUT:AMSERVICESNET:AMPOSTTRADE:AMPRIME:CFTAUTO:CLARA:CSS:CPTSS:EFX:FXBM:FXMP:FXIT:FXL:FXOMS:FXP:FXT:FXUI:FXSAL:FF:FB:FT:GSS:KS:FXKDB:MF:NWG:PRIIPS:OPT:PBCLEAR:RBSM:SYSTEMX:XWEB
rapp-bitb-ich-ciq-administrators,ICH
rapp-bitb-ich-ciq-developers,ICH
rapp-bitb-ich-ciq-users,ICH
rapp-bitb-ignite-developers,IGNITE:SURF
rapp-bitb-ram-administrators,FRAA
rapp-bitb-ram-developers,FRAA
rapp-bitb-rhi-ram-administrators,FRAA
rapp-bitb-rhi-ram-developers,FRAA
rapp-bitb-rhi-ram-users,FRAA
rapp-bitb-risk-decision-analytics-administrators,FRAA
rapp-bitb-risk-decision-analytics-developers,FRAA
rapp-bitb-risk-decision-analytics-users,FRAA
rapp-bitb-risksol-rmp-administrators,RS
rapp-bitb-risksol-rmp-developers,RS
rapp-bitb-risksol-rmp-users,RS
rapp-bitb-sc-administrators,SC
rapp-bitb-sc-developers,SC
rapp-bitb-sc-users,SC
rapp-bitb-soda-cmt-administrators,DESK
rapp-bitb-soda-cmt-developers,DESK
rapp-bitb-srss-administrators,SRSS
rapp-bitb-srss-developers,SRSS
rapp-bitb-srss-users,SRSS
rapp-bitb-trmccr-administrators,TRMCCR
rapp-bitb-trmccr-developers,TRMCCR
rapp-bitb-trmccr-users,TRMCCR
rapp-bitb-un-administrators,UN
rapp-bitb-un-developers,UN
rapp-bitb-un-users,UN
rapp-bitb-win-engr-administrators,WINENG
rapp-bitb-win-engr-developers,WSC:WINENG
rapp-bitb-zambezi-platform-administrators,TNG
rapp-bitb-zambezi-platform-developers,TNG
rapp-bitb-zambezi-platform-users,TNG
