Groups,Reposlug
mdtech-developers,dict_test
rapp-bitb-cb-core-charges-group1-developers,
rapp-bitb-eep-administrators,
rapp-bitb-eep-developers,
rapp-bitb-ewr-rcm-administrators,
rapp-bitb-ewr-rcm-developers,
rapp-bitb-fra-irb-administrators,
rapp-bitb-fra-irb-developers,
rapp-bitb-ft-fdm-administrators,
rapp-bitb-ft-fdm-developers,
rapp-bitb-ft-fdm-users,
rapp-bitb-futures-administrators,
rapp-bitb-futures-developers,
rapp-bitb-futures-users,
rapp-bitb-fx-administrators,distribution
rapp-bitb-fx-algo-administrators,
rapp-bitb-fx-algo-developers,
rapp-bitb-fx-developers,fx.sandbox:fxorders:frameworks
rapp-bitb-fx-users,config-crontabs:distribution:frameworks
rapp-bitb-ich-ciq-administrators,
rapp-bitb-ich-ciq-developers,
rapp-bitb-ich-ciq-users,
rapp-bitb-ignite-developers,
rapp-bitb-ram-administrators,
rapp-bitb-ram-developers,
rapp-bitb-rhi-ram-administrators,
rapp-bitb-rhi-ram-developers,fra_aws_code_library
rapp-bitb-rhi-ram-users,
rapp-bitb-risk-decision-analytics-administrators,
rapp-bitb-risk-decision-analytics-developers,
rapp-bitb-risk-decision-analytics-users,
rapp-bitb-risksol-rmp-administrators,
rapp-bitb-risksol-rmp-developers,
rapp-bitb-risksol-rmp-users,
rapp-bitb-sc-administrators,
rapp-bitb-sc-developers,
rapp-bitb-sc-users,
rapp-bitb-soda-cmt-administrators,
rapp-bitb-soda-cmt-developers,
rapp-bitb-srss-administrators,
rapp-bitb-srss-developers,
rapp-bitb-srss-users,
rapp-bitb-trmccr-administrators,
rapp-bitb-trmccr-developers,
rapp-bitb-trmccr-users,
rapp-bitb-un-administrators,
rapp-bitb-un-developers,
rapp-bitb-un-users,
rapp-bitb-win-engr-administrators,
rapp-bitb-win-engr-developers,
rapp-bitb-zambezi-platform-administrators,
rapp-bitb-zambezi-platform-developers,
rapp-bitb-zambezi-platform-users,
