ProjectKey,Groups
FAH,2fa_helpdesk_stash_administrators:2fa_helpdesk_stash_developers
AAML,aaml-stash-administrators:aaml-stash-developers
ALB,big-data-stash-administrators:big-data-stash-developers
AIMLCOE,aiml-coe-stash-administrators:aiml-coe-stash-developers
AMDEMO,am-platform-stash-administrators:am-platform-stash-developers
AMPCF,am-pcf-stash-administrators:am-pcf-stash-developers
AMFIRSTRESEARCH,am-first-research-stash-administrators:am-first-research-stash-developers:am-first-research-stash-users
AA,bfat-stash-administrators:bfat-stash-developers
ASP,aml-sam8-stash-administrators:aml-sam8-stash-developers
AMLV5,aml-v5-stash-administrators:aml-v5-stash-developers:aml-v5-stash-users
AMLA,fs-aml-gk3-rpl-stash-administrators:fs-aml-gk3-rpl-stash-developers
SDP,sdp-stash-administrators:sdp-stash-developers
API,api-stash-administrators:api-stash-developers
APIENABLER,apienabler-stash-administrators:apienabler-stash-developers
APMAS,arch-emea-stash-administrators:arch-emea-stash-developers
APS,arch-emea-stash-administrators:arch-emea-stash-developers
ARC,arc-stash-administrators:arc-stash-developers
ARE,are-stash-administrators:are-stash-developers
AR,sec-fraud-sol-stash-administrators:sec-fraud-sol-stash-developers
ARRIA,arria-stash-administrators:arria-stash-developers
ASHVP,hs-as-hvp-stash-administrators:hs-as-hvp-stash-developers
AT,risk-sol-rp-stash-administrators:risk-sol-rp-stash-developers
ACES,pbb-atm-sol-stash-administrators:pbb-atm-sol-stash-developers
ATMT,atm-testboot-stash-administrators:atm-testboot-stash-developers
AWR,atm-work-recep-stash-administrators:atm-work-recep-stash-developers
ATS,ats-stash-administrators:ats-stash-developers
ATSFO,atsfo-stash-administrators:atsfo-stash-developers
AC,accelerator-stash-administrators:accelerator-stash-developers
ACSDT,cpb-access-direct-stash-administrators:cpb-access-direct-stash-developers
ADB,cb-core-account-db-stash-administrators:cb-core-account-db-stash-developers
CAI,cb-core-acc-init-stash-administrators:cb-core-acc-init-stash-developers
ACAP,nwm-acap-stash-administrators:nwm-acap-stash-developers
ABM,is-abm-stash-administrators:is-abm-stash-developers
AGILE,automated-trade-ctrl-stash-administrators:automated-trade-ctrl-stash-developers:efx-quants-algo-stash-administrators:efx-quants-algo-stash-developers:efx-quants-algo-stash-users:rapp-bitb-fx-administrators:rapp-bitb-fx-algo-administrators:rapp-bitb-fx-algo-developers:rapp-bitb-fx-developers:rapp-bitb-fx-users
AMAUTO,rapp-bitb-fx-administrators:rapp-bitb-fx-developers:rapp-bitb-fx-users
AMC,cal-stash-administrators:cal-stash-developers
AMCICDTEST,
AMCOB,cob-stash-administrators:cob-stash-developers:cob-stash-users
ZAPD,am-platform-stash-administrators:am-platform-stash-developers:zapd-stash-administrators:zapd-stash-developers
AMDESKSTRATEGY,am-desk-strategy-stash-administrators:am-desk-strategy-stash-developers:am-desk-strategy-stash-users
AMDISTRIBUTION,front-officebi-stash-administrators:front-officebi-stash-developers
AMENABLEMENTS,rapp-bitb-fx-administrators:rapp-bitb-fx-developers:rapp-bitb-fx-users
AMEXECUTION,am-tech-stash-administrators:am-tech-stash-developers:rapp-bitb-fx-administrators:rapp-bitb-fx-developers:rapp-bitb-fx-users
TRASH,fx-stash-administrators:fx-stash-developers:rapp-bitb-fx-administrators:rapp-bitb-fx-developers:rapp-bitb-fx-users
AMEXTERNAL,rapp-bitb-fx-administrators:rapp-bitb-fx-developers:rapp-bitb-fx-users
AMFX,rapp-bitb-fx-administrators:rapp-bitb-fx-developers:rapp-bitb-fx-users
AMFXCO,rapp-bitb-fx-administrators:rapp-bitb-fx-developers:rapp-bitb-fx-users
AMFUT,rapp-bitb-futures-administrators:rapp-bitb-futures-developers:rapp-bitb-futures-users:rapp-bitb-fx-administrators:rapp-bitb-fx-developers:rapp-bitb-fx-users
AMG,am-tech-stash-administrators:am-tech-stash-developers:am-tech-stash-users
AML,lombard-stash-administrators:lombard-stash-developers:lombard-stash-users
ZAP,am-platform-stash-administrators:am-platform-stash-developers:am-platform-stash-users
AMSERVICES,am-platsvcs-stash-administrators:am-platsvcs-stash-developers:am-platsvcs-stash-users
AMSERVICESNET,rapp-bitb-fx-administrators:rapp-bitb-fx-developers:rapp-bitb-fx-users
AMPOSTTRADE,rapp-bitb-fx-administrators:rapp-bitb-fx-developers:rapp-bitb-fx-users
AMPRIME,rapp-bitb-fx-administrators:rapp-bitb-fx-developers:rapp-bitb-fx-users
AMPT,am-tech-stash-administrators:am-tech-stash-developers:am-tech-stash-users
AMPUPPET,am-tech-stash-administrators:am-tech-stash-developers:am-tech-stash-users
AMQA,am-qa-stash-administrators:am-qa-stash-developers:am-qa-stash-users
AMR,
AMSAT,am-tech-stash-administrators:am-tech-stash-developers:am-tech-stash-users
AMTAT,am-tech-stash-administrators:am-tech-stash-developers:am-tech-stash-users
AMTOOLS,am-tech-stash-administrators:am-tech-stash-developers:am-tech-stash-users
AGORA_EXTERNALS,agora-ext-stash-administrators:agora-ext-stash-developers
AGORA_FEEDS,mdt-stash-administrators:mdt-stash-developers
AGORA_LEGACY,agora-legacy-stash-administrators:agora-legacy-stash-developers
AGORA_PLATFORM,agora-stash-administrators:agora-stash-developers:mdtech-developers
AGT,at-stash-administrators:at-stash-developers
AO,cbp-ao-stash-administrators:cbp-ao-stash-developers
AL,collateralit-stash-administrators:collateralit-stash-developers
ABC,raft-abc-stash-administrators:raft-abc-stash-developers
AP,cto-ctr-stash-administrators:cto-ctr-stash-developers
IOASI,it-ops-app-stash-administrators:it-ops-app-stash-developers:it-ops-app-stash-users
ARCHER,archer-stash-administrators:archer-stash-developers
ARFB,msgng-middleware-stash-administrators:msgng-middleware-stash-developers
AE,srt-un-stash-administrators:srt-un-stash-developers
ACA,cloud-adoption-stash-administrators:cloud-adoption-stash-developers
AUT,enterprisewide-onboarding-stash-administrators:enterprisewide-onboarding-stash-developers
ASPV,aspv-stash-administrators:aspv-stash-developers
ATC,automated-trade-ctrl-stash-administrators:automated-trade-ctrl-stash-developers
ACOE,auto-coe-stash-administrators:auto-coe-stash-developers
QACOE,
ADC,cp-acd-stash-administrators:cp-acd-stash-developers
BACS,bacs-platform-stash-administrators:bacs-platform-stash-developers
BU,core-payments-platform-stash-developers:payments-bacs-udl-stash-administrators
BACSSUE,bacs-sue-stash-administrators:bacs-sue-stash-developers
BASS,bass-stash-administrators:bass-stash-developers
BCM,pbb-edb-stash-administrators:pbb-edb-stash-developers
BFAT,bfat-stash-admininstrators:bfat-stash-developers
BSF,payments-swift-fa-stash-administrators:payments-swift-fa-stash-developers
BI,fin-off-host-stash-administrators:fin-off-host-stash-developers
EBPM,bpm-enabler-stash-administrators:bpm-enabler-stash-developers
BSL,cpb-ctm-stash-administrators:cpb-ctm-stash-developers
BPMTK,
BLA,bank-auto-stash-administrators:bank-auto-stash-developers
BAMR,credit-model-stash-administrators:credit-model-stash-developers:credit-model-stash-users:risk-bamr-stash-administrators:risk-bamr-stash-developers
BCS,risk-comms-stash-administrators:risk-comms-stash-developers
BVM,sce-vcg-stash-administrators:sce-vcg-stash-developers
BGD,big-data-stash-administrators:big-data-stash-developers
BDAS,bdas-stash-administrators:bdas-stash-developers
BIG,edwi-stash-administrators:edwi-stash-developers
FSSFS,sec-fraud-sol-stash-administrators:sec-fraud-sol-stash-developers
BB,dts-stash-administrators:dts-stash-developers
BSP,edc-payments-stash-administrators:edc-payments-stash-developers
BWRTR,bwr-testing-requests-stash-administrators:bwr-testing-requests-stash-developers
BROAD,nwm-bri-stash-administrators:nwm-bri-stash-developers
BBCRM,bb-crm-stash-administrators:bb-crm-stash-developers
BBTCOEC,pbb-bb-test-coe-central-stash-administrators:pbb-bb-test-coe-central-stash-developers
BPM,bpm-stash-administrators:bpm-stash-developers:bpm-stash-users
CAOMO,dcoe-stab-stash-administrator:dcoe-stab-stash-developers
CASS,cass-stash-administrators:cass-stash-developers
CFSL,cpb-solutions-lab-stash-administrators:cpb-solutions-lab-stash-developers
CAML,cbp-aml-stash-administrators:cbp-aml-stash-developers
CBDM,fin-tech-stash-administrators:fin-tech-stash-developers
CDDM,cdd-mig-stash-administrators:cdd-mig-stash-developers
CSA,cdd-strategic-stash-administrators:cdd-strategic-stash-developers
CT,cdd-strategic-stash-administrators:cdd-strategic-stash-developers
CDDPOET,cdd-strategic-stash-administrators:cdd-strategic-stash-developers
CR,rs-pbj-cder-stash-administrators:rs-pbj-cder-stash-developers
PDTC,pd-test-coe-stash-administrators:pd-test-coe-stash-developers
CDMKT,customer-contact-stash-administrators:customer-contact-stash-developers
CRCA,root-cal-stash-administrators:root-cal-stash-develoeprs
CDSP,cds-stash-administrators:cds-stash-developers
CE,are-stash-administrators:are-stash-developers
CEMCMT,cemtech-stash-administrators:cemtech-stash-developers
CFTAUTO,rapp-bitb-fx-administrators:rapp-bitb-fx-developers:rapp-bitb-fx-users
CHANNELS,channels-stash-administrators:channels-stash-developers:channels-stash-users
CTO,cio-technology-stash-administrators:cio-technology-stash-developers
CJMTOOLS,cjm-stash-administrators:cjm-stash-developers
CLARA,rapp-bitb-fx-administrators:rapp-bitb-fx-developers:rapp-bitb-fx-users
CLM,clm-stash-administrators:clm-stash-developers:clm-stash-users
CMG,mifid2-stash-administrator:mifid2-stash-developers
CNTDA,cntda-stash-administrators:cntda-stash-developers
COE,
COP,cop-stash-administrators:cop-stash-developers
CB,cpb-bp-stash-administrators:cpb-bp-stash-developers
CCB,cpb-cct-bankline-stash-administrators:cpb-cct-bankline-stash-developers
CPBCRM,cpb-crm-stash-administrators:cpb-crm-stash-developers
CDDS,cpb-ds-stash-administrators:cpb-ds-stash-developers:cpb-ds-stash-users
CPBDDCS,cpb-dd-cs-stash-administrators:cpb-dd-cs-stash-developers
CPBDM,da-cpb-dmh-stash-administrators:da-cpb-dmh-stash-developers
CDEB,da-debau-stash-administrators:da-debau-stash-developers
CPBDC,cpb-devops-stash-administrators:cpb-devops-stash-developers
CPBD,cpb-dgtl-stash-administrators:cpb-dgtl-stash-developers
CDBP,cpb-business-stash-administrators:cpb-business-stash-developers
CDT,cpb-dgtl-stash-administrators:cpb-dgtl-stash-developers
CFTM,cpb-feature-team-stash-administrators:cpb-feature-team-stash-developers
CPBF,cpb-fin-stash-administrators:cpb-fin-stash-developers
CI,cpb-dgtl-tech-innovation-stash-administrators:cpb-dgtl-tech-innovation-stash-developers:cpb-dgtl-tech-innovation-stash-users
CPBLP,cpb-lending-stash-administrators:cpb-lending-stash-developers
CPBNRP,cpb-nrp-stash-administrators:cpb-nrp-stash-developers
CPBOP,cpb-ocr-platform-stash-administrators:cpb-ocr-platform-stash-developers
ZEBRA,zebra-stash-administrators:zebra-stash-developers
CPBQA,cpb-tech-qa-stash-administrators:cpb-tech-qa-stash-developers
CPBTRPA,cpb-rpa-stash-administrators:cpb-rpa-stash-developers:cpb-rpa-stash-users
CPBBD,cpb-tech-bd-stash-administrators:cpb-tech-bd-stash-developers
CTD,cpb-tv-stash-administrators:cpb-tv-stash-developers
CPBDA,cpb-dgtl-stash-administrators:cpb-dgtl-stash-developers
CFCP,cps-fps-connex-stash-administrators:cps-fps-connex-stash-developers
CUP,crar-update-stash-administrators:crar-update-stash-developers
CREMANT,cremant-stash-administrators:cremant-stash-developers:cremant-stash-users
CRODA,croda-stash-administrators:croda-stash-developers
OFFAUTO,cst-offauto-stash-administrators:cst-offauto-stash-developers
CAL,calypso-stash-administrators:calypso-stash-developers:calypso-stash-users
CAP,caprice-stash-administrators:caprice-stash-developers
CBT,card-bis-stash-administrators:card-bis-stash-developers
CM,pbb-ops-tech-stash-administrators:pbb-ops-tech-stash-developers
CDX,cdx-stash-administrators:cdx-stash-developers
CNMS,cnms-stash-administrators:cnms-stash-developers
CCT,
CAMA,
CCR,central-credit-stash-administrators:central-credit-stash-developers:central-credit-stash-users
CER,dep-stash-administrators:dep-stash-developers
CDC,des-mango-db-engg-stash-administrators:des-mango-db-engg-stash-developers
CSL,pymt-srv-csl-stash-administrators:pymt-srv-csl-stash-developers
CHKMRX,
CITR,ep-citrix-srv-stash-administrators:ep-citrix-srv-stash-developers
CLAR,fin-tech-stash-administrators:fin-tech-stash-developers
CLEAR,comms-hub-stash-administrators:comms-hub-stash-developers
CLEARS,clear-stash-administrators:clear-stash-developers:clear-stash-users
CDD,bpm-enabler-stash-administrators:bpm-enabler-stash-developers
CMSM,client-mgt-stash-administrators:client-mgt-stash-developers:client-mgt-stash-users
CCTCMS,cct-cms-stash-administrators:cct-cms-stash-developers
CMST,cmst-stash-administrators:cmst-stash-developers
CLIENP,centralised-pricing-stash-administrators:centralised-pricing-stash-developers
CSS,rapp-bitb-fx-administrators:rapp-bitb-fx-developers:rapp-bitb-fx-users
NWMCTG,nwm-ct-guild-stash-administrators:nwm-ct-guild-stash-developers
CLIEN,centralised-pricing-stash-administrators:centralised-pricing-stash-developers
APL,apl-stash-administrators:apl-stash-developers
CD4PE,virtualisation-eng-stash-administrators:virtualisation-eng-stash-developers
CTOM,ctom-stash-administrators:ctom-stash-developers
CLOUD,fin-tech-stash-administrators:fin-tech-stash-developers
CSPR,apl-stash-administrators:apl-stash-developers:csp-reg-stash-administrators:csp-reg-stash-developers
COLMGN,collateral-margin-stash-administrators:collateral-margin-stash-developers
CBCR,cb-collection-recoveries-stash-administrators:cb-collection-recoveries-stash-developers
COM,cws-stash-administrators:cws-stash-developers
COMCP,centralised-pricing-stash-administrators:centralised-pricing-stash-developers
COMPLAINTS,cprd-stash-administrators:cprd-stash-developers
CD,cprd-stash-administrators:cprd-stash-developers
CL,loft-liq-stash-administrators:loft-liq-stash-developers:loft-liq-stash-users
CSV,cs-stash-administrators:cs-stash-developers
CSSGLOBAL,ccrp-stash-administrators:ccrp-stash-developers
CP,psda-npa-stash-administrators:psda-npa-stash-developers
CONCP,centralised-pricing-stash-administrators:centralised-pricing-stash-developers:centralised-pricing-stash-users
ENT,ent-stash-administrators:ent-stash-developers
CDP,fin-tech-stash-administrators:fin-tech-stash-developers
CF,cf-stash-administrators:cf-stash-developers
CTR,nwmt-rpa-stash-administrators:nwmt-rpa-stash-developers
CIE,des-cie-stash-administrators:des-cie-stash-developers
CORA,pbb-dgtl-stash-administrators:pbb-dgtl-stash-developers
CORE,cb-core-projects-delivery-stash-administrators:cb-core-projects-delivery-stash-developers
CBP,cb-core-bpp-stash-administrators:cb-core-bpp-stash-developers
CBAP,cbap-stash-administrators:cbap-stash-developers
CBCC,cb-core-charges-stash-administrators:cb-core-charges-stash-developers
CDBI,cdbi-stash-administrators:cdbi-stash-developers
CBCES,cb-core-engineering-service-stash-administrators:cb-core-engineering-service-stash-developers
CEX,fra-ce-stash-administrators:fra-ce-stash-developers
CMFCB,cmfcb-stash-administrators:cmfcb-stash-developers
CMFAPI,cm-fintech-api-stash-administrators:cm-fintech-api-stash-developers
CPP,core-payments-platform-stash-administrators:core-payments-platform-stash-developers
CWS,cpb-spe-stash-administrators:cpb-spe-stash-developers
CORFCB,core-charges-fcbmod-stash-administrators:core-charges-fcbmod-stash-developers:core-charges-fcbmod-stash-users:rapp-bitb-cb-core-charges-group1-developers
CORN,core-customer-stash-administrators:core-customer-stash-developers
CORERTS,rcr-stash-administrators:rcr-stash-developers
COR,cb-core-credit-stash-administrators:cb-core-credit-stash-developers
CRA,nwm-fnrs-cra-stash-administrators:nwm-fnrs-cra-stash-developers
CPSS,coutts-pass-stash-administrators:coutts-pass-stash-developers
CABP,cabpt-stash-administrators:cabpt-stash-developers
CIM,risk-anal-irb-stash-administrators:risk-anal-irb-stash-developers:risk-anal-irb-stash-users
CMR,credit-model-stash-administrators:credit-model-stash-project-managers:credit-model-stash-users
CRSTA,crs-ta-stash-administrators:crs-ta-stash-developers:crs-ta-stash-users
CPTSS,rapp-bitb-fx-administrators:rapp-bitb-fx-developers:rapp-bitb-fx-users
CUR,currencyfin-stash-administrators:currencyfin-stash-developers
CIT,cit-stash-administrators:cit-stash-developers:cit-stash-users
CAO,
CCTT,pbb-tech-cct-stash-administrators:pbb-tech-cct-stash-developers
PBCIQ,pb-ciq-stash-administrators:pb-ciq-stash-developers
CJMDATA,cjm-stash-administrators:cjm-stash-developers
CMS,cms-stash-administrators:cms-stash-developers:cms-stash-users
CPR,cp-stash-administrators:cp-stash-developers
CQM,bpm-enabler-stash-administrators:bpm-enabler-stash-developers
CA,sec-fraud-sol-stash-administrators:sec-fraud-sol-stash-developers
CYS,sec-fraud-sol-stash-administrators:sec-fraud-sol-stash-developers:sec-fraud-sol-stash-users
DIDEVOPS,di-devops-stash-administrators:di-devops-stash-developers
MIZEN,mizen-stash-administrators:mizen-stash-developers
DAFT,daft-stash-administrators:daft-stash-developers
DPCCF,da-pbb-ccf-stash-administrators:da-pbb-ccf-stash-developers
DPW,da-project-stash-administrators:da-project-stash-developers
DASB,central-credit-stash-administrators:central-credit-stash-developers
DC,centralised-pricing-stash-administrators:centralised-pricing-stash-developers
DD,centralised-pricing-stash-administrators:centralised-pricing-stash-developers
DART,dart-stash-administrators:dart-stash-developers
DATANS,ns-pdn-stash-administrators:ns-pdn-stash-developers:tech-serv-datanc-stash-administrators:tech-serv-datanc-stash-developers
DR,
DAFE,dbengineering-stash-administrators:dbengineering-stash-developers
DAF,dbengineering-stash-administrators:dbengineering-stash-developers
DENG,dbengineering-stash-administrators:dbengineering-stash-developers
DSSR,dbengineering-stash-administrators:dbengineering-stash-developers
DBSE,dbengineering-stash-administrators
DCR,dssse-stash-administrators:dssse-stash-developers
DESAPI,desapi-stash-administrators:desapi-stash-developers:desapi-stash-users
DT,dts-stash-developers
DWS,dws-stash-administrators:dws-stash-developers:dws-stash-users
DEST,des-tooling-stash-administrators:des-tooling-stash-developers
DES,dts-poc-stash-administrators:dts-poc-stash-developers:me-stash-administrators:me-stash-developers
DOBS,sec-fraud-sol-stash-administrators:sec-fraud-sol-stash-developers
DMH2,ss-dmh-stash-administrators:ss-dmh-stash-developers
DMS,dms-stash-administrators:dms-stash-developers
DPADESA,dpa-des-acc-stash-administrators:dpa-des-acc-stash-developers
DTS,dts-stash-administrators:dts-stash-developers:pvt-cloud-stash-administrators:pvt-cloud-stash-developers
DTSP,dts-stash-administrators:dts-stash-developers:dts-stash-users
DTSU,
TR,
DWCI,
DXAP,dx-apm-stash-administrators:dx-apm-stash-developers
DXP,fs-pbta-stash-administrators:fs-pbta-stash-developers
DALI,dali-stash-administrators:dali-stash-developers
DAASH,da-supp-hub-stash-administrators:da-supp-hub-stash-developers
DESD,dess-stash-administrators:dess-stash-developers
DAL,dal-stash-administrators:dal-stash-developers
DX,smd-stash-administrators:smd-stash-developers
DATAFB,datafb-stash-administrators:datafb-stash-developers
DI,di-stash-administrators:di-stash-developers
BDDAIE,cbis-stash-administrators:cbis-stash-developers:cbis-stash-users:dess-stash-developers:enterprise-data-hub-stash-developers
DMT,cbis-stash-administrators:cbis-stash-developers
DPROS,dps-replatform-stash-administrators:dps-replatform-stash-developers
DRTS,drts-stash-administrators:drts-stash-developers
DSC,da-innovation-stash-administrators:da-innovation-stash-developers
DSENGG,dsengg-stash-administrators:dsengg-stash-developers
DSR,da-innovation-stash-administrators:da-innovation-stash-developers
DSS,data-solutions-stash-administrators:data-solutions-stash-developers
DANDA,data-analytics-stash-administrators:data-analytics-stash-developers:data-analytics-stash-users
DATT,dtt-stash-administrators:dtt-stash-developers
DTM,db-two-team-stash-administrators:db-two-team-stash-developers
DP,gts-pipeline-stash-administrators:gts-pipeline-stash-developers
DCDP,dcdp-stash-administrators:dcdp-stash-developers
DMTP,pbb-dmtp-stash-administrators:pbb-dmtp-stash-developers
DMTPE,dmtpe-stash-administrators:dmtpe-stash-developers
DELV,ft-rtb-stash-administrators:ft-rtb-stash-developers
DH,
DEMO4,tbcrt-stash-administrators:tbcrt-stash-developers
DEMO1,
STASH,
DAT,dts-stash-administrators:dts-stash-developers
DOAM,devops-am-stash-administrators:devops-am-stash-developers
DOCOE,devops-coe-stash-administrators:devops-coe-stash-developers
CDIO,cdio-stash-administrators:cdio-stash-developers
DIARY,diary-stash-administrators:diary-stash-developers
EP,ecom-infraprj-stash-administrators:ecom-infraprj-stash-developers
DEC,ecom-infraprj-stash-administrators
DEP,ecom-infraprj-stash-administrators:ecom-infraprj-stash-developers:ecom-infraprj-stash-users
DEU,ecom-infraprj-stash-administrators:ecom-infraprj-stash-developers
DECA,digital-eca-stash-administrators:digital-eca-stash-developers
PBBDHB,pbb-dhb-stash-administrators:pbb-dhb-stash-developers:pbb-dhb-stash-users
DOM,digital-office-mob-stash-administrators:digital-office-mob-stash-developers
DET,ecom-infraprj-stash-administrators:ecom-infraprj-stash-developers
DSE,dse-stash-administrators:dse-stash-developers
DE,de-stash-administrators:de-stash-developers
DMH,dmh-stash-administrators:dmh-stash-developers
EASRAW,eas-raw-stash-administrators:eas-raw-stash-developers
EBARDOD,es-eba-rdod-stash-administrators:es-eba-rdod-stash-developers
ECDIT,bmit-ecdit-stash-administrators:bmit-ecdit-stash-developers
ECM,des-ecm-stash-administrators:des-ecm-stash-developers
ECMP,ecm-projects-stash-administrators:ecm-projects-stash-developers
ECMB,bpm-enabler-stash-administrators:bpm-enabler-stash-developers
ECRBA,db-ecr-stash-administrators:db-ecr-stash-developers
EC-UICON,
ECMOD,risk-sol-entrsk-stash-administrators:risk-sol-entrsk-stash-developers
ECF,edc-payments-stash-administrators:edc-payments-stash-developers
EPS,edc-payments-stash-administrators:edc-payments-stash-developers
EDAI,data-analytics-stash-administrators:data-analytics-stash-developers
CPBEDS,cpbeds-stash-administrators:cpbeds-stash-developers
DESCRM,bb-crm-stash-users:crm-stash-administrators:crm-stash-developers:crm-stash-users
ENGGCOE,dep-stash-administrators:dep-stash-developers
EXR,eexlrelease-stash-administrators:eexlrelease-stash-developers
EAS,eep-assignments-stash-administrators:eep-assignments-stash-developers
EFORMS,eforms-stash-administrators:eforms-stash-developers
EFX,automated-trade-ctrl-stash-administrators:automated-trade-ctrl-stash-developers:efx-quants-algo-stash-administrators:efx-quants-algo-stash-developers:efx-quants-algo-stash-users:rapp-bitb-fx-administrators:rapp-bitb-fx-algo-administrators:rapp-bitb-fx-algo-developers:rapp-bitb-fx-developers:rapp-bitb-fx-users
ERD,dep-stash-administrators:dep-stash-developers
EPEXVA,epe-stash-administrators:epe-stash-developers
EM,sgl-stash-administrators:sgl-stash-developers
DREM,drem-stash-administrators:drem-stash-developers:drem-stash-users
ESPENV,esp-env-stash-administrators:esp-env-stash-developers
ESTDW,estdw-stash-administrators:estdw-stash-developers
EWG,emiddle-tier-stash-administrators:emiddle-tier-stash-developers:emiddle-tier-stash-users
EFLEX,eflex-stash-administrators:eflex-stash-developers
EC,risk-sol-ds-stash-administrators:risk-sol-ds-stash-developers:risk-sol-ds-stash-users
ELK,ftt-stash-administrators:ftt-stash-developers
ES,endevor-supp-stash-administrators:endevor-supp-stash-developers
EN,eng-dp-ft1-stash-administrators:eng-dp-ft1-stash-developers
ENCP,centralised-pricing-stash-administrators:centralised-pricing-stash-developers
EAI,commercial-stash-administrators:commercial-stash-developers
EDHB,enterprise-data-hub-stash-administrators:enterprise-data-hub-stash-developers:enterprise-data-hub-stash-users
EEC,
EECC,ee-cc-stash-administrators:ee-cc-stash-developers
EEP,rapp-bitb-eep-administrators:rapp-bitb-eep-developers
EEPDCI,rapp-bitb-eep-administrators:rapp-bitb-eep-developers
EES,bpm-enabler-stash-administrators:bpm-enabler-stash-developers
EPM,pbcs-stash-administrators:pbcs-stash-developers
ESP,cb-integration-services-stash-administrators:cb-integration-services-stash-developers
ESM,esm-stash-administrators:esm-stash-developers:esm-stash-users
ESMENG,esm-eng-stash-administrators:esm-eng-stash-developers
EWR,
ESDML,esdml-stash-administrators:esdml-stash-developers
OBAO,enterprisewide-onboarding-stash-administrators:enterprisewide-onboarding-stash-developers
EDA,euro-debit-stash-administrators:euro-debit-stash-developers
EB,dii-stash-administrators:dii-stash-developers
EXITS,bpm-enabler-stash-administrators:bpm-enabler-stash-developers
FRSQ,nw-frs-quants-stash-administrators:nw-frs-quants-stash-developers
FSAB,fs-aml-bau-stash-administrators:fs-aml-bau-stash-developers
FAIRS,fin-off-host-stash-administrators:fin-off-host-stash-developers
FCA,fatca-crs-stash-administrators:fatca-crs-stash-developers
FTMT,ftm-tableau-stash-administrators:ftm-tableau-stash-developers
FCG,are-stash-administrators:are-stash-developers
FDM,fdm-stash-administrators:fdm-stash-developers
FEN,fenergo-stash-administrators:fenergo-stash-developers
FIDS,centralised-pricing-stash-administrators:centralised-pricing-stash-developers
FIDPLAT,fidplat-stash-administrators:fidplat-stash-developers:fidplat-stash-users
FITATT,fi-trad-att-stash-administrators:fi-trad-att-stash-developers
FIL,are-stash-administrators:are-stash-developers
FINAPPS,midj-stash-administrators:midj-stash-developers
FINTAB,ft-fst-stash-administrators:ft-fst-stash-developers
FORD,fxmm-operationsmi-stash-administrators:fxmm-operationsmi-stash-developers
FRAN,risk-sol-rcr-stash-developers:stash-users
FRTB,frtb-ima-stash-administrators:frtb-ima-stash-developers:frtb-stash-administrators:frtb-stash-developers
FRTL,risk-sol-frt-stash-administrators:risk-sol-frt-stash-developers
FSA,fs-axion-stash-administrators:fs-axion-stash-developers
FSAX,fin-tech-stash-administrators:fin-tech-stash-developers
FSAIR,fsairr-stash-administrators:fsairr-stash-developers
FSAPROJECT,fsa-stash-administrators:fsa-stash-developers
FSLED,fs-ledger-stash-administrators:fs-ledger-stash-developers
AWSTREAS,fin-tech-stash-administrators:fin-tech-stash-developers
FSAWT,fin-tech-stash-administrators:fin-tech-stash-developers
FSAW,fin-tech-stash-administrators:fin-tech-stash-developers
FS_ENGINEERING,tooling-stash-administrators:tooling-stash-developers
FTAOM,ftaom-stash-administrators:ftaom-stash-developers
FTM,ftm-stash-administrators:ftm-stash-developers:ftm-stash-users
FXBM,rapp-bitb-fx-administrators:rapp-bitb-fx-developers:rapp-bitb-fx-users
FXMP,rapp-bitb-fx-administrators:rapp-bitb-fx-developers:rapp-bitb-fx-users
OPTRTB-MIS,fx-em-stash-administrators:fx-em-stash-developers
FXIT,rapp-bitb-fx-administrators:rapp-bitb-fx-developers:rapp-bitb-fx-users
FXL,rapp-bitb-fx-administrators:rapp-bitb-fx-developers:rapp-bitb-fx-users
FXOMS,rapp-bitb-fx-administrators:rapp-bitb-fx-developers:rapp-bitb-fx-users
FXP,rapp-bitb-fx-administrators:rapp-bitb-fx-developers:rapp-bitb-fx-users
FXT,rapp-bitb-fx-administrators:rapp-bitb-fx-developers:rapp-bitb-fx-users
FXUI,rapp-bitb-fx-administrators:rapp-bitb-fx-developers:rapp-bitb-fx-users
FXCONNECT,fx-csa-stash-administrators:fx-csa-stash-developers
FXQUAN,fxquant-stash-administrators:fxquant-stash-developers
FXSAL,rapp-bitb-fx-administrators:rapp-bitb-fx-developers:rapp-bitb-fx-users
FFMR,mr-fnfmr-stash-administrators:mr-fnfmr-stash-developers
FINCA,fin-tech-stash-administrators:fin-tech-stash-developers
FINAUTO,fin-rpa-auto-stash-administrators:fin-rpa-auto-stash-developers
FP,fp-stash-administrators:fp-stash-developers
SDM,fin-tech-stash-administrators:fin-tech-stash-developers:sdm-bmpe-stash-administrators:sdm-bmpe-stash-developers
FSS,fin-tech-stash-administrators:fin-tech-stash-developers
FO,fin-tech-stash-administrators:fin-tech-stash-developers
FRA,fra-stash-administrators:fra-stash-developers
FRAA,fin-risk-anal-stash-administrators:fin-risk-anal-stash-developers:fin-risk-anal-stash-users:fin-risk-analytics-stash-developers:ram-wm-stash-developers:rapp-bitb-ewr-rcm-administrators:rapp-bitb-ewr-rcm-developers:rapp-bitb-fra-irb-administrators:rapp-bitb-fra-irb-developers:rapp-bitb-ram-administrators:rapp-bitb-ram-developers:rapp-bitb-rhi-ram-administrators:rapp-bitb-rhi-ram-developers:rapp-bitb-rhi-ram-users:rapp-bitb-risk-decision-analytics-administrators:rapp-bitb-risk-decision-analytics-developers:rapp-bitb-risk-decision-analytics-users:risk-anal-irb-stash-administrators:risk-anal-irb-stash-developers:risk-anal-irb-stash-project-managers:risk-anal-irb-stash-testers:risk-anal-irb-stash-users
FRAC,risk-anal-irb-stash-administrators:risk-anal-irb-stash-developers:risk-anal-irb-stash-users
FIRE,fire-stash-administrators:fire-stash-developers:fire-stash-users
FIR,
FLST,nwm-flst-stash-administrators:nwm-flst-stash-developers
NWMFISS,nwm-fiss-stash-administrators:nwm-fiss-stash-developers
FF,rapp-bitb-fx-administrators:rapp-bitb-fx-developers:rapp-bitb-fx-users
FSL,fsl-stash-administrators:fsl-stash-developers:fsl-stash-users
FLUID,fluid-stash-administrators
FNRS,xprdtech-stash-administrators:xprdtech-stash-developers
FRAUD,fraud-stash-administrators:fraud-stash-developers
FRONTIER,frontier-stash-administrators:frontier-stash-developers
FSAP,fsa-stash-administrators:fsa-stash-developers
FCM,future-cm-stash-administrators:future-cm-stash-developers
FB,rapp-bitb-futures-administrators:rapp-bitb-futures-developers:rapp-bitb-futures-users:rapp-bitb-fx-administrators:rapp-bitb-fx-developers:rapp-bitb-fx-users
FT,rapp-bitb-futures-administrators:rapp-bitb-futures-developers:rapp-bitb-futures-users:rapp-bitb-fx-administrators:rapp-bitb-fx-developers:rapp-bitb-fx-users
GAS,gas-stash-administrators:gas-stash-developers
GATE,
GRH,hifi-pfm-stash-administrators:hifi-pfm-stash-developers
GCAB,cpb-products-stash-administrators:cpb-products-stash-developers
CSMOWA,csm-stash-administrators:csm-stash-developers
GCT,gct-stash-administrators:gct-stash-developers
GHET,ghe-test-stash-administrators:ghe-test-stash-developers
GISEC,gisec-stash-administrators:gisec-stash-developers
GIT,
GD,midj-stash-administrators:midj-stash-developers
GLAD,glad-stash-administrators:glad-stash-developers
GLPOR,gl-port-stash-administrators:gl-port-stash-developers
GMS,gms-stash-administrators:gms-stash-developers
GMSAI,pbb-gms-ai-stash-administrators:pbb-gms-ai-stash-developers
ThekeyfunctionoftheGroupReferenceDataManagement(GRDM)systemistomaintainholdandmakeavailablethelistofLegalEntitieswhicharesignificanttoCorporatebusinessinRBS.,
GRDM,fin-tech-stash-administrators:fin-tech-stash-developers
GSS,rapp-bitb-fx-administrators:rapp-bitb-fx-developers:rapp-bitb-fx-users
GEN,arch-emea-stash-administrators:arch-emea-stash-developers
GB,am-platform-stash-administrators:am-platform-stash-developers
GLAC,creot-glacier-stash-administrators:creot-glacier-stash-developers
GCS,gcs-stash-administrators:gcs-stash-developers
GEI,gei-stash-administrators:gei-stash-developers
GMH,gmh-stash-administrators:gmh-stash-developers
GOLD,goldrsh-stash-administrators:goldrsh-stash-developers
GMSS,gms-core-stash-administrators:gms-core-stash-developers
GT,
HBOSP,pbb-hbo-sp-stash-administrators:pbb-hbo-sp-stash-developers
HFT,hft-stash-administrators:hft-stash-developers
HPC,hpc-stash-administrators:hpc-stash-developers
HPP,hr-projects-processes-stash-administrators:hr-projects-processes-stash-developers
HRTA,hrta-stash-administrators:hrta-stash-developers
HAT,hedge-acc-stash-administrators:hedge-acc-stash-developers
HED,centralised-pricing-stash-administrators:centralised-pricing-stash-developers
HGL,hgl-stash-administrators:hgl-stash-developers
HIR,cb-nab-stash-administrators:cb-nab-stash-developers
HD,homflx-dev-stash-administrators:homflx-dev-stash-developers
HOOZ,pbb-dgtl-horizon-stash-administrators:pbb-dgtl-horizon-stash-developers
FADT,fadt-stash-administrators:fadt-stash-developers
HYG,rcs-stash-administrators:rcs-stash-developers
IAD,es-iad-stash-administrators:es-iad-stash-developers
IAAS,virtualisation-eng-stash-administrators:virtualisation-eng-stash-developers
IVR,virtualisation-eng-iaas-stash-administrators:virtualisation-eng-iaas-stash-developers
RRS,risk-rob-sol-stash-administrators:risk-rob-sol-stash-developers
IADA,internal-audit-stash-administrators:internal-audit-stash-developers
SPED,cpb-spe-stash-administrators:cpb-spe-stash-developers:cpb-spe-stash-users:iam-stash-developers
ISP,cpb-spe-stash-administrators:cpb-spe-stash-developers:cpb-spe-stash-users:iam-stash-developers
ICE,creditmkttech-stash-administrators:creditmkttech-stash-developers
IFRS2,ctb-ifrs-stash-administrators:ctb-ifrs-stash-developers
IGNITE,rapp-bitb-ignite-developers:rates-services-stash-administrators:rates-services-stash-developers:rates-services-stash-users
IIBMQ,iibmq-project-stash-administrators:iibmq-project-stash-developers
ILMA,cdd-strategic-stash-administrators:cdd-strategic-stash-developers
IRC,
IRCPDC,ircp-dcrm-stash-administrators:ircp-dcrm-stash-developers
IRMGDPR,irm-gdpr-stash-administrators:irm-gdpr-stash-developers
ISS,infosec-stash-administrators:infosec-stash-developers
ISOL,isol-stash-administrators:isol-stash-developers
ISVP,isvp-stash-administrators:isvp-stash-developers
ITODPL,itoperations-devpl-stash-administrators:itoperations-devpl-stash-developers
URIDA,ur-icarus-da-stash-administrators:ur-icarus-da-stash-developers
IG,ignite-equities-stash-administrators:ignite-equities-stash-developers
ICH,rapp-bitb-ich-ciq-administrators:rapp-bitb-ich-ciq-developers:rapp-bitb-ich-ciq-users
ISV,
IIW,tops-stash-administrators:tops-stash-developers
IA,pbb-ul-stash-administrators:pbb-ul-stash-developers
IP,
ISRT,fs-isrt-stash-administrators:fs-isrt-stash-developers
ICC,csp-icc-stash-administrators:csp-icc-stash-developers
IAST,intellisuite-app-support-stash-administrators:intellisuite-app-support-stash-developers
INSE,
IRD,ird-stash-administrators:ird-stash-developers
IN,cb-international-stash-administrators:cb-international-stash-developers
JAP,optech-tokyo-stash-administrators:optech-tokyo-stash-developers
JAVMW,javmw-project-stash-administrators:javmw-project-stash-developers
JEDI,jedi-stash-administrators:jedi-stash-developers:jedi-stash-users
JET,jet9-stash-administrators:jet9-stash-developers:jet9-stash-users
TICKANALYTICS,kdb-stash-administrators:kdb-stash-developers:kdb-stash-users
KGFG,fin-off-host-stash-administrators:fin-off-host-stash-developers
KS,rapp-bitb-fx-administrators:rapp-bitb-fx-developers:rapp-bitb-fx-users
FXKDB,rapp-bitb-fx-administrators:rapp-bitb-fx-developers:rapp-bitb-fx-users
LTA,cto-ldcr-stash-administrators:cto-ldcr-stash-developers
LEN,cpb-ctm-stash-administrators:cpb-ctm-stash-developers
LAMINAR,service-transition-stash-administrators:service-transition-stash-developers
LTRG,
LEAR,lsp-stash-administrators:lsp-stash-developers
LENDING,cpb-ctm-stash-administrators:cpb-ctm-stash-developers:credit-stash-administrators:credit-stash-developers
LPC,lending-post-credit-stash-administrators:lending-post-credit-stash-developers
LMS,license-management-stash-administrators:license-management-stash-developers
LPS,lps-stash-administrators:lps-stash-developers
LRRSS,liq-stash-administrators:liq-stash-developers
FSLT,fs-liq-tab-stash-administrators:fs-liq-tab-stash-developers
ESLE,esle-stash-administrators:esle-stash-developers
LBAU,ssemt-stash-administrators:ssemt-stash-developers
LDA,lombard-stash-administrators:lombard-stash-developers
LIIS,
LPM,aift-lpm-stash-administrators:aift-lpm-stash-developers
LTN,ssemt-stash-administrators:ssemt-stash-developers
MPA,mpas-stash-administrators:mpas-stash-developers
MARS,mars-stash-administrators:mars-stash-developers
MART,mart-stash-administrators:mart-stash-developers
MCC,mcc-bpm-stash-administrators:mcc-bpm-stash-developers
MCSAC,pbb-dgtl-mcs-stash-administrators:pbb-dgtl-mcs-stash-developers
MDA,mda-stash-administrators:mda-stash-developers
MDS,mdapi-stash-administrators:mdapi-stash-developers
METS,mets-stash-administrators:mets-stash-developers
MIDJ,midj-stash-administrators:midj-stash-developers
MRC,mr-control-stash-administrators:mr-control-stash-developers
MRCADD,mrcadd-stash-administrators:mrcadd-stash-developers
MRS,forest-stash-administrators:forest-stash-developers
MRXPROD,mrx-prod-stash-administrators:mrx-prod-stash-developers:mrx-prod-stash-users
MAL,sec-fraud-sol-stash-administrators:sec-fraud-sol-stash-developers
MMD,pbb-mmd-stash-administrators:pbb-mmd-stash-developers:pbb-mmd-stash-users
MANMP,cpb-manmp-stash-administrators:cpb-manmp-stash-developers
MARG,pbb-dgtl-stash-administrators:pbb-dgtl-stash-developers
MCT,mct-stash-administrators:mct-stash-developers:mct-stash-users
FLOW,centralised-pricing-stash-developers:flow-stash-administrators:flow-stash-developers
MRX,mrx-stash-administrators:mrx-stash-developers:mrx-stash-users
FT-FDM,rapp-bitb-ft-fdm-administrators:rapp-bitb-ft-fdm-developers:rapp-bitb-ft-fdm-users
FTSGL,fin-tech-stash-administrators:fin-tech-stash-developers:fin-tech-stash-users
MAR,centralised-pricing-stash-administrators:centralised-pricing-stash-developers
MDILE,da-ile-stash-administrators:da-ile-stash-developers
MERCURY,centralised-pricing-stash-administrators:centralised-pricing-stash-developers:peak-stash-administrators:peak-stash-developers:wisdom-stash-administrators:wisdom-stash-developers
MESSAGING,msg-stash-administrators:msg-stash-developers
MET,mw-app-stash-administrators:mw-app-stash-developers
MIF,mi-franchise-stash-administrators:mi-franchise-stash-developers
MICRORATES,microrates-stash-administrators:microrates-stash-developers:microrates-stash-users
MSSDK,channels-stash-administrators:channels-stash-developers:internal-opensource-users
MID,msgng-middleware-mq-stash-administrators:msgng-middleware-mq-stash-developers
MIMO,pbb-mob-plat-mimo-stash-administrators:pbb-mob-plat-mimo-stash-developers
MIV,mival-stash-administrators:mival-stash-developers:mival-stash-users
MBST,mob-bank-stash-administrators:mob-bank-stash-developers
MOB,mobius-stash-administrators:mobius-stash-developers
MCVT,mcvt-stash-administrators:mcvt-stash-developers
DAMDBE,des-mango-db-engg-stash-administrators:des-mango-db-engg-stash-developers
MP,accelerator-stash-administrators:accelerator-stash-developers
MRAD,
MOSAIC,mosaic-stash-administrators:mosaic-stash-developers
PBBMCP,pbb-mcp-stash-administrators:pbb-mcp-stash-developers
MFA,identification-aan-stash-administrators:identification-aan-stash-developers
MF,rapp-bitb-fx-administrators:rapp-bitb-fx-developers:rapp-bitb-fx-users
MDP,mybank-stash-administrators:mybank-stash-developers:mybank-stash-users
MYBENV,internal-opensource-users:mybenv-stash-administrators:mybenv-stash-developers:mybenv-stash-users
MYS,
MYT,
NR,nfr-reporting-stash-administrators:nfr-reporting-stash-developers
NS,nfr-surveillance-stash-administrators:nfr-surveillance-stash-developers
NQ,clockwork-tools-stash-administrators:clockwork-tools-stash-developers
NSCSDN,tech-serv-sdn-stash-administrators:tech-serv-sdn-stash-developers
NSCSEC,tech-serv-sdn-stash-administrators:tech-serv-sec-stash-administrators:tech-serv-sec-stash-developers:tech-serv-sec-stash-users
NSCTMS,tech-serv-tms-stash-administrators:tech-serv-tms-stash-developers
NWS,sharepoint-stash-administrators:sharepoint-stash-developers
NWCOI,
NWMC,nwm-cloud-stash-administrators:nwm-cloud-stash-developers
NWMUI,frtb-ima-stash-administrators:frtb-ima-stash-developers
NWMH,nwm-hub-stash-administrators:nwm-hub-stash-developers
NWMI,nwm-interns-stash-administrators
NWMPE,nwm-plat-engg-stash-administrators:nwm-plat-engg-stash-developers
NRK,tbcrt-stash-administrators:tbcrt-stash-developers
NWMRPC,nwm-risk-stash-administrators:nwm-risk-stash-developers
NWMSHAR,fire-stash-developers:nwm-shared-stash-administrators:nwm-shared-stash-developers
NUFI,nwm-us-finance-stash-administrators:nwm-us-finance-stash-developers
NURP,rpau-stash-administrators:rpau-stash-developers:rpau-stash-users
NWMCOOV,euda-stash-administrators:euda-stash-developers
NWMDDT,nwm-dmo-data-stash-administrators:nwm-dmo-data-stash-developers
NWMAR,ent-arch-stash-administrators:ent-arch-stash-developers
NWMTECH,cr-stash-administrators:cr-stash-developers
NWMTRC,nwm-tech-risk-ctl-stash-administrators:nwm-tech-risk-ctl-stash-developers
NWG,rapp-bitb-fx-administrators:rapp-bitb-fx-developers:rapp-bitb-fx-users
NIEW,nm-emp-wb-stash-administrators:nm-emp-wb-stash-developers
PRIIPS,rapp-bitb-fx-administrators:rapp-bitb-fx-developers:rapp-bitb-fx-users
NC,nc-stash-administrators:nc-stash-developers
NSC,tech-serv-sdn-stash-administrators:tech-serv-sdn-stash-developers:tech-serv-sdn-stash-users
NSE,edc-payments-stash-administrators:edc-payments-stash-developers
NEX,nexus2-stash-administrators:nexus2-stash-developers
NPPMI,cpb-da-nppmi-stash-administrators:cpb-da-nppmi-stash-developers
OBI,obiee-stash-administrators:obiee-stash-developers
ODC,odc-stash-developers:odc-stash-users:odc-tdx-stash-administrators:odc-tdx-stash-developers
OTP,otp-stash-administrators:otp-stash-developers
OL,ocnp-stash-administrators:ocnp-stash-developers
OBCCC,obccc-stash-administrators:obccc-stash-developers:obccc-stash-users
OLAF,pbb-olaf-stash-administrators:pbb-olaf-stash-developers
OCC,aml-screening-stash-administrators:aml-screening-stash-developers
ODBB,edc-payments-stash-administrators:edc-payments-stash-developers
OB,ob-stash-administrators:ob-stash-developers:ob-stash-users
OOZ,cs-zss-stash-administrators:cs-zss-stash-developers
ORA,raft-orion-stash-administrators:raft-orion-stash-developers
OTPP,operational-tax-programme-stash-administrators:operational-tax-programme-stash-developers
OSS,oss-stash-administrators:oss-stash-developers
OPT,rapp-bitb-fx-administrators:rapp-bitb-fx-developers:rapp-bitb-fx-users
PAD,pad-stash-administrators:pad-stash-developers
PAR,fin-off-host-stash-administrators:fin-off-host-stash-developers
PBCLEAR,rapp-bitb-fx-administrators:rapp-bitb-fx-developers:rapp-bitb-fx-users
PFD,pbb-cde-ffd-stash-administrators:pbb-cde-ffd-stash-developers
PBBMSP,pbb-mort-sp-stash-administrators:pbb-mort-sp-stash-developers
PARN,
PBBCH,pbb-pat-stash-administrators:pbb-pat-stash-developers
PBBBR,pbb-br-stash-administrators:pbb-br-stash-developers
PBBWXP,pbb-wxp-stash-administrators:pbb-wxp-stash-developers
PBPM,pbb-bpm-stash-administrators:pbb-bpm-stash-developers
PBBCCP,pbb-cc-stash-administrators:pbb-cc-stash-developers
PDQ,pbb-data-quality-stash-administrators:pbb-data-quality-stash-developers
PDQR,pdqr-stash-administrators:pdqr-stash-developers
PDII,pbb-dii-stash-administrators:pbb-dii-stash-developers
PBBIA,pbb-intl-auto-rtb-stash-administrators:pbb-intl-auto-rtb-stash-developers:pbb-intl-auto-stash-administrators:pbb-intl-auto-stash-developers
PMB,pbb-mobile-stash-administrators:pbb-mobile-stash-developers
PBBMMM,pbb-mmm-stash-administrators:pbb-mmm-stash-developers
PBBOT,pbb-ops-tech-stash-administrators:pbb-ops-tech-stash-developers:pbb-ops-tech-stash-users
PBBPCS,pbb-pd-csa-serv-stash-administrators:pbb-pd-csa-serv-stash-developers
PRA,pbb-remediation-analytics-stash-administrators:pbb-remediation-analytics-stash-developers
SAOBPM,pbb-sao-bpm-stash-administrators:pbb-sao-bpm-stash-developers
PBBTO,pbb-techone-stash-administrators:pbb-techone-stash-developers
PTATM,pbb-atm-sol-stash-administrators:pbb-atm-sol-stash-developers
PBBTA,pbb-tech-ta-stash-administrators:pbb-tech-ta-stash-developers
PBBIVR,pbb-tele-ivr-stash-administrators:pbb-tele-ivr-stash-developers
PBBTBAU,pbb-telephony-stash-administrators:pbb-telephony-stash-developers
PBBSER,da-wm-stash-administrators:da-wm-stash-developers
PCFDEP,pcfdeploy-stash-administrators:pcfdeploy-stash-developer
CRSPC,crs-powercurve-stash-administrators:crs-powercurve-stash-developers
PEAK,peak-stash-administrators:peak-stash-developers:peak-stash-users:wisdom-stash-developers
PEAKRESEARCH,peak-research-stash-administrators:peak-research-stash-developers
BOPM,better-off-pfm-stash-administrators:better-off-pfm-stash-developers:better-off-pfm-stash-users
PIMMS,fs-ss-pimms-stash-administrators:fs-ss-pimms-stash-developers:fs-ss-pimms-stash-users
PPE,fin-tech-stash-administrators:fin-tech-stash-developers
PRD,ppi-remediation-d&a-stash-administrators:ppi-remediation-d&a-stash-developers
PRISM,prism-stash-developers:prs-stash-administrators:prs-stash-developers
PSPTA,fin-tech-stash-administrators:fin-tech-stash-developers
PTCDS,payments-data-stash-administrators:payments-data-stash-developers
PAYLAY,fsa-stash-administrators:fsa-stash-developers
PIMS,payments-pims-stash-administrators:payments-pims-stash-developers
PM,payment-ms-stash-administrators:payment-ms-stash-developers
PIE,payments-stash-administrators:payments-stash-developers:payments-stash-users
PMI,ptp-pmi-stash-administrators:ptp-pmi-stash-developers
PMP,
PTP,payments-ptp-stash-administrators:payments-ptp-stash-developers
NMPL,nm-pl-stash-administrators:nm-pl-stash-developers
PMSDD,pbb-mi-sdd-stash-administrators:pbb-mi-sdd-stash-developers
PBFT,rs-pbj-stash-administrators:rs-pbj-stash-developers
PBBPDD,pbb-pdd-stash-administrators:pbb-pdd-stash-developers
PDT,edc-payments-stash-administrators:edc-payments-stash-developers
PIC,picaddly-stash-administrators:picaddly-stash-developers
PPU,cpb-ppu-stash-administrators:cpb-ppu-stash-developers
PLAN,
PLVEPM,epm-stash-administrators:epm-stash-developers
PLFMGMT,hosting-stash-administrators:hosting-stash-developers
PLAT,ptp-sepa-instant-stash-administrators:ptp-sepa-instant-stash-developers
CBPPOL,cb-core-mod-stash-administrators:cb-core-mod-stash-developers
POM,tech-transform-its-stash-administrators:tech-transform-its-stash-developers
POT,potter-stash-administrators:potter-stash-developers
PCQA,pc-qa-stash-administrators:pc-qa-stash-developers
PRICEXEC,eqd-stash-administrators:eqd-stash-developers
PRIC,centralised-pricing-stash-administrators:centralised-pricing-stash-developers:centralised-pricing-stash-users
PEL,centralised-pricing-stash-developers:pel-stash-administrators:pel-stash-developers
PDRVW,enterprisewide-onboarding-stash-administrators:enterprisewide-onboarding-stash-developers
PB,ss-pb-stash-administrators:ss-pb-stash-developers
CBSPB,cbs-pbss-stash-administrators:cbs-pbss-stash-developers
PCDT,ssd-pcdt-stash-administrators:ssd-pcdt-stash-developers
PGUR,pgur-stash-administrators:pgur-stash-developers
PP,cpp-propa-stash-administrators:cpp-propa-stash-developers
PTS,fp-stash-administrators
PUP,virtualisation-eng-stash-administrators:virtualisation-eng-stash-developers
QATP,cpb-tech-qaps-stash-administrators:cpb-tech-qaps-stash-developers
QCOE,test-deployment-stash-administrators:test-deployment-stash-developers
SV,psv-stash-administrators:psv-stash-developers
QS,quarts-stash-administrators:quarts-stash-developers:quarts-stash-users
QUOT,centralised-pricing-stash-administrators:centralised-pricing-stash-developers
RAD,rad-stash-administrators:rad-stash-developers
RASR,rasr-stash-administrators:rasr-stash-developers
RATESINF,ratesinf-stash-administrators:ratesinf-stash-developers
RBAM,rbam-stash-administrators:rbam-stash-developers
RIE,rbs-international-epay-stash-administrators:rbs-international-epay-stash-developers
RIOBP,rio-bp-stash-administrators:rio-bp-stash-developers
RBSIOB,rbsi-open-banking-stash-administrators:rbsi-open-banking-stash-developers
EQ,eq-stash-administrators:eq-stash-developers:eq-stash-users
RBSMP,pymt-srv-csl-stash-administrators:pymt-srv-csl-stash-developers
RSC,
RTR,
RBSM,rapp-bitb-fx-administrators:rapp-bitb-fx-developers:rapp-bitb-fx-users
RBSCLOUD,pbb-telephony-stash-administrators:pbb-telephony-stash-developers
RDAR,rdar-stash-administrators:rdar-stash-developers
RV,smd-stash-administrators:smd-stash-developers
RRR,rfb-risk-rad-stash-administrators:rfb-risk-rad-stash-developers
RFX,rfx-stash-administrators:rfx-stash-developers:rfx-stash-users
RGL,first-stash-administrators:first-stash-developers
RGLDRM,drm-stash-administrators:drm-stash-developers
RB,fin-tech-stash-administrators:fin-tech-stash-developers
RT,marketrisk-stash-administrators:marketrisk-stash-developers
RMD,rmdesktop-stash-administrators:rmdesktop-stash-developers
RMA,prism-stash-administrators:prism-stash-developers
RMADE,tech-risk-rma-stash-administrators:tech-risk-rma-stash-developers
RMAT,rmat-stash-administrators:rmat-stash-developers
RMP,risk-sol-ws-stash-administrators:risk-sol-ws-stash-developers
RS,rapp-bitb-risksol-rmp-administrators:rapp-bitb-risksol-rmp-developers:rapp-bitb-risksol-rmp-users:risk-sol-ws-stash-administrators:risk-sol-ws-stash-developers
RMPMI,risk-sol-ws-stash-administrators:risk-sol-ws-stash-developers
RCRA,ts-rpa-stash-administrators:ts-rpa-stash-developers
RPAS,rpa-sec-stash-administrators:rpa-sec-stash-developers
RST,group-treasury-stash-administrators:group-treasury-stash-developers
RUF,
RATINFDEV,internal-opensource-users:rates-flow-stash-administrators:rates-flow-stash-developers
QM,
VT,rates-flow-stash-administrators:rates-flow-stash-developers
RTDC,es-rtdc-stash-administrators:es-rtdc-stash-developers
RTPFN,sfo-stash-administrators:sfo-stash-developers
TLMRECON,tlm-recon-stash-administrators:tlm-recon-stash-developers
RDP,ref-data-stash-administrators:ref-data-stash-developers
REFMAS,cets-referencemaster-stash-administrators:cets-referencemaster-stash-developers
RAPTR,mart-stash-administrators:mart-stash-developers
RMCE,fs-aas-stash-administrators:fs-aas-stash-developers:fs-wirm-stash-administrators:fs-wirm-stash-developers
RTD,fin-tech-rtd-stash-administrators:fin-tech-rtd-stash-developers
RMEL,ss-cpb-rmel-stash-administrators:ss-cpb-rmel-stash-developers
RIDA,prda-stash-administrators:prda-stash-developers
RCTP,st-rct-stash-administrators:st-rct-stash-developers
OBIEE,rpt-serv-stash-administrators:rpt-serv-stash-developers
RES,agile-stash-administrators:agile-stash-developers
GRGCH,grgch-raddev-stash-administrators:grgch-raddev-stash-developers
RPA,risk-sol-rp-stash-administrators:risk-sol-rp-stash-developers
RCT,retail-credit-stash-administrators:retail-credit-stash-developers
RCR,risk-sol-rp-stash-administrators:risk-sol-rp-stash-developers
RCRTOOLKIT,pbb-rcr-stash-administrators:pbb-rcr-stash-developers
RINF,centralised-pricing-stash-administrators:centralised-pricing-stash-developers:centralised-pricing-stash-users
RISK,centralised-pricing-stash-administrators:centralised-pricing-stash-developers
RFR,first-stash-administrators:first-stash-developers
RACR,fin-risk-anal-stash-administrators:fin-risk-anal-stash-developers:fin-risk-anal-stash-project-managers:fin-risk-anal-stash-testers:fin-risk-anal-stash-users:fin-risk-analytics-stash-administrators:fin-risk-analytics-stash-developers:fin-risk-analytics-stash-users
RCD,risk-change-stash-administrators:risk-change-stash-developers
RDAS,foundry-stash-administrators:foundry-stash-developers:foundry-stash-users
RDAS_DEVOPS,foundry-stash-administrators:foundry-stash-developers:foundry-stash-users
RMQ,rmq-stash-administrators:rmq-stash-developers
RIMD,risk-model-data-stash-administrators:risk-model-data-stash-developers
RISKMODELS,prism-cradle-stash-developers:prism-stash-administrators:prism-stash-developers
RMI,fra-rmi-stash-administrators:fra-rmi-stash-developers
RSCRR,risk-sol-rcr-stash-administrators:risk-sol-rcr-stash-developers
RSEC,risk-sol-entrsk-stash-administrators:risk-sol-entrsk-stash-developers
RSOPRSK,risk-sol-oprsk-stash-administrators:risk-sol-oprsk-stash-developers
RSST,stress-testing-stash-administrators:stress-testing-stash-developers
VAN,vantage-stash-administrators:vantage-stash-developers
RAL,larry-stash-administrators:larry-stash-developers
RE,ir-exotics-hybrids-stash-administrators:ir-exotics-hybrids-stash-developers
PBBRPA,pbb-tech-rpa-stash-administrators
RPAC,ts-rpa-stash-administrators:ts-rpa-stash-developers
NWMRPA,nwm-rpa-stash-administrators:nwm-rpa-stash-developers
ROD,rdp-stash-administrators:rdp-stash-developers
SAF,caf-stash-administrators:caf-stash-developers
SAOA,pbb-sao-stash-administrators:pbb-sao-stash-developers
SES,internal-opensource-users:mybank-stash-developers:mybenv-stash-administrators:mybenv-stash-developers
SASVA,fin-tech-stash-administrators:fin-tech-stash-developers:sasva-stash-administrators:sasva-stash-developers
SCRS,scrs-stash-administrators:scrs-stash-developers
SCSA,fsa-stash-administrators:fsa-stash-developers
SDOL,sdol-stash-administrators:sdol-stash-developers
SDPORT,
SDS,sds-stash-administrators:sds-stash-developers
SEPA,payments-sepa-stash-administrators:payments-sepa-stash-developers:payments-sepa-stash-users
SIG,sgi-stash-administrators:sgi-stash-developers
SIL,des-sqat-stash-administrators:des-sqat-stash-developers
SON,
SPOT,spotfire-stash-administrators:spotfire-stash-developers
SPS,pbil-stash-administrators:pbil-stash-developers
SRSS,rapp-bitb-srss-administrators:rapp-bitb-srss-developers:rapp-bitb-srss-users
SC,rapp-bitb-sc-administrators:rapp-bitb-sc-developers:rapp-bitb-sc-users
SSOECP,
SSG,nwm-stt-stash-administrators:nwm-stt-stash-developers
STYLE,style-stash-administrators:style-stash-developers:style-stash-users
ESSTCRM,ss-ess-tcrm-stash-administrators:ss-ess-tcrm-stash-developers
SAO,sao-stash-administrators:sao-stash-developers
SAND,
SANDBOX,sandbox-stash-administrators:sandbox-stash-developers:sandbox-stash-users
SAT,savings-activation-stash-administrators:savings-activation-stash-developers
SH,savings-activation-stash-administrators:savings-activation-stash-developers
PBBSI,pbb-ul-stash-administrators:pbb-ul-stash-developers
SS,sec-serv-stash-administrators:sec-serv-stash-developers
SEL,enterprise-data-hub-stash-administrators:enterprise-data-hub-stash-developers
SENDM,cpb-sm-stash-administrators:cpb-sm-stash-developers
SA,sepa-automation-stash-administrators:sepa-automation-stash-developers
SLXDV,slx-stash-administrators:slx-stash-developers
SP,servicing-stash-administrators:servicing-stash-developers
SAMM,samm-stash-administrators:samm-stash-developers
SAS,sas-stash-administrators:sas-stash-developers
SSCT,
SSKA,fs-hr-stash-administrators:fs-hr-stash-developers
SHAR,sste-stash-administrators:sste-stash-developers
SSO,sso-stash-administrators:sso-stash-developers
SSOC,sso-collaboration-stash-administrators:sso-collaboration-stash-developers
DESK,caf-stash-administrators:caf-stash-developers:rapp-bitb-soda-cmt-administrators:rapp-bitb-soda-cmt-developers
QUANT,caf-stash-administrators:caf-stash-developers:caf-stash-users:peak-stash-developers
EBSMB,eb-smb-stash-administrators:eb-smb-stash-developers
SF,solution-finder-stash-administrators:solution-finder-stash-developers:solution-finder-stash-users
SPEED,speed-stash-administrators:speed-stash-developers
SSS,splunk-shared-service-stash-administrators:splunk-shared-service-stash-developers
STARC,starc-stash-administrators:starc-stash-developers
STASHAPITESTING,am-tech-stash-administrators:am-tech-stash-developers
STEEL,fin-tech-stash-administrators:fin-tech-stash-developers
SBET,hs-sbe-stash-administrators:hs-sbe-stash-developers
SAOC,mybank-stash-administrators:mybank-stash-developers:mybank-stash-users
SAOS,mybank-stash-administrators:mybank-stash-developers:mybank-stash-users
SPFP,sec-fraud-sol-stash-administrators:sec-fraud-sol-stash-developers
STA,
STS,raft-tradesurveillance-stash-administrators:raft-tradesurveillance-stash-developers
STR,str-stash-administrators:str-stash-developers:str-stash-users
SUAM,fs-src-stash-administrators:fs-src-stash-developers
SWPDWR,crm-stash-administrators:crm-stash-developers
STFN,stress-testing-non-credit-stash-administrators:stress-testing-non-credit-stash-developers
RSSS,rs-ss-stash-administrators:rs-ss-stash-developers
SCF,scf-stash-administrators:scf-stash-developers
SURF,frontier-stash-administrators:fsl-stash-administrators:fsl-stash-developers:fsl-stash-users:rapp-bitb-ignite-developers:surface-stash-administrators:surface-stash-developers
SYNDICATE,bond-syndicate-stash-administrators:bond-syndicate-stash-developers
SCS,scs-stash-administrators:scs-stash-developers
SYSTEMX,rapp-bitb-fx-administrators:rapp-bitb-fx-developers:rapp-bitb-fx-users
TPE,cpb-tdpe-stash-administrators:cpb-tdpe-stash-developers
TACDEV,ir-exotics-hybrids-stash-administrators:ir-exotics-hybrids-stash-developers
TT,tara-stash-administrators:tara-stash-developers
TAR,tardis-stash-administrators:tardis-stash-developers
TDXSCHEM,datafb-stash-administrators:odc-stash-administrators:odc-tdx-stash-administrators:tdx-schema-stash-administrators
CFHUB,tech-serv-stash-administrators:tech-serv-stash-developers
TFXRS,fxh-stash-administrators:fxh-stash-developers:fxh-stash-users
TFXUIC,tfxrs-stash-administrators:tfxrs-stash-developers
TLMAUT,sstlm-stash-administrators:sstlm-stash-developers
TCM,col-marg-stash-administrators:col-marg-stash-developers
TMOS,
TNG,rapp-bitb-zambezi-platform-administrators:rapp-bitb-zambezi-platform-developers:rapp-bitb-zambezi-platform-users
TNTR,str-stash-administrators:str-stash-developers:ttr-project-stash-administrators:ttr-project-stash-developers:ttr-project-stash-users
TRS,treasury-stash-administrators:treasury-stash-developers:treasury-stash-users
TRFIN,
TRRS,fs-trs-stash-administrators:fs-trs-stash-developers
TSEP,tse-stash-administrators:tse-stash-developers
TXNMON,nwm-txnmon-stash-administrators:nwm-txnmon-stash-developers
TAB,tableau-stash-administrators:tableau-stash-developers
TCP,tableau-control-pack-stash-administrators:tableau-control-pack-stash-developers
TAX,taxops-tora-stash-administrators:taxops-tora-stash-developers
TS,
TES,
CPTND,test-deployment-stash-administrators:test-deployment-stash-developers
TI,ti-stash-administrators:ti-stash-developers
TCT,tct-stash-administrators:tct-stash-developers
TDX,odc-stash-administrators:odc-stash-developers
TDW,fin-tech-stash-administrators:tdw-stash-administrators:tdw-stash-developers
TRADEFINANCE,tech-serv-stash-administrators:tech-serv-stash-developers
TMW,tmw-stash-administrators:tmw-stash-developers:tmw-stash-users
TRADM,centralised-pricing-stash-administrators:centralised-pricing-stash-developers
TRAD,
TRMCCR,rapp-bitb-trmccr-administrators:rapp-bitb-trmccr-developers:rapp-bitb-trmccr-users
TRAIN,
TRAIN19,
TMG,stopit-stash-administrators:stopit-stash-developers:stopit-stash-users
TFDS,tf-ds-stash-administrators:tf-ds-stash-developers
TMS,fst-tms-stash-administrators:fst-tms-stash-developers
TRBL,gt-stash-administrators:gt-stash-developers
TRIL,tmo-trillium-stash-administrators:tmo-trillium-stash-developers
TDS,tds-stash-administrators:tds-stash-developers
TDE,tungsten-stash-administrators:tungsten-stash-developers
DESTPI,des-da-tpi-stash-administrators:des-da-tpi-stash-developers
TWOF,twof-stash-administrators:twof-stash-developers
UBIN,ub-innovation-stash-administrators:ub-innovation-stash-developers
UC,ubmi-cmc-stash-administrators:ubmi-cmc-stash-developers
UCD,test-deployment-stash-administrators:test-deployment-stash-developers
UXPJ,unix-proj-stash-administrators:unix-proj-stash-developers
US,centralised-pricing-stash-administrators:centralised-pricing-stash-developers:centralised-pricing-stash-users
UR,marketrisk-na-stash-administrators:marketrisk-na-stash-developers
UDT,
UB,lombard-p162-stash-administrators:lombard-p162-stash-developers:ulster-bank-stash-administrators:ulster-bank-stash-developers:ulster-bank-stash-users
UBCEP,ubcep-stash-administrators:ubcep-stash-developers
UDPB,da-pb-stash-administrators:da-pb-stash-developers
URP,ulster-rpa-stash-administrators:ulster-rpa-stash-developers
USA,da-uba-stash-administrators:da-uba-stash-developers
UT,fs-ulster-euda-stash-administrators:fs-ulster-euda-stash-developers
UL,ultra-ptt-stash-administrators:ultra-ptt-stash-developers
UNIVAR,marketrisk-stash-administrators:marketrisk-stash-developers:marketrisk-stash-users
UNIXENG,unixeng-stash-administrators:unixeng-stash-developers
UN,rapp-bitb-un-administrators:rapp-bitb-un-developers:rapp-bitb-un-users
VCG,ss-vcg-stash-administrators:ss-vcg-stash-developers
VES,ves-stash-administrators:ves-stash-developers
VM,pbb-vicmobile-stash-administrators:pbb-vicmobile-stash-developers
VID,branch-customer-exp-stash-administrators:branch-customer-exp-stash-developers
VH,cpb-dgtl-vanquish-stash-administrators:cpb-dgtl-vanquish-stash-developers
VEN,tbcrt-stash-administrators:tbcrt-stash-developers
VAG,ven-agg-stash-administrators:ven-agg-stash-developers:ven-agg-stash-users
PBVB,pb-vb-stash-administrators:pb-vb-stash-developers
VCV,da-voc-stash-administrators:da-voc-stash-developers
VOIC,voicesurv-stash-administrators:voicesurv-stash-developers
VMDAMT,mktops-stash-administrators:mktops-stash-developers
WSR,wss-rb-stash-administrators:wss-rb-stash-developers
WCTS,cpb-peachtree-stash-administrators:cpb-peachtree-stash-developers:cpb-wc-ts-stash-administrators:cpb-wc-ts-stash-developers
WMIR,mir-stash-administrators:mir-stash-developers
RSRAVEN,es-cr-npb-stash-administrators:es-cr-npb-stash-developers:service-transition-stash-developers
WSSREM,fx-wall-street-stash-administrators:fx-wall-street-stash-developers
WSG,fx-wall-street-stash-administrators:fx-wall-street-stash-developers
MRWR,mr-wr-stash-administrators:mr-wr-stash-developers
WS,hs-ws-stash-administrators:hs-ws-stash-developers:ws-stash-administrators:ws-stash-developers
WEBCON,web-conc-stash-administrators:web-conc-stash-developers:web-conc-stash-users
WDPD,dpd-stash-administrators:dpd-stash-developers
WMIT,rfs-wcr-mi-transform-stash-administrators:rfs-wcr-mi-transform-stash-developers
RAMWM,
WSC,rapp-bitb-win-engr-developers:win-ser-comm-stash-administrators:win-ser-comm-stash-developers
WINENG,rapp-bitb-win-engr-administrators:rapp-bitb-win-engr-developers
HSWS,windows-services-stash-administrators:windows-services-stash-developers
WISEXEC,centralised-pricing-stash-administrators:centralised-pricing-stash-developers:wisdom-stash-administrators:wisdom-stash-developers:wisdom-stash-users
WOWMM,wowmm-stash-administrators:wowmm-stash-developers
ESHRWD,es-hr-workday-stash-administrators:es-hr-workday-stash-developers
WCA,wca-stash-administrators:wca-stash-developers
WSCBI,workplace-sc-bi-stash-administrators:workplace-sc-bi-stash-developers
XRT,eexlrelease-stash-administrators:eexlrelease-stash-developers
XLRELEASETEST,
XMART,front-officebi-stash-administrators:front-officebi-stash-developers:front-officebi-stash-users
XWEB,rapp-bitb-fx-administrators:rapp-bitb-fx-developers:rapp-bitb-fx-users
YOUR,your-safe-stash-administrators:your-safe-stash-developers
ZAM,zambezi-stash-administrators:zambezi-stash-developers:zambezi-stash-users
CO,
WEBSDK,websdk-stash-administrators:websdk-stash-developers:websdk-stash-users
ACTA,acta-stash-administrators:acta-stash-developers
ANVIL,fct-anvil-stash-administrators:fct-anvil-stash-developers
CERI,cerberus-stash-administrators:cerberus-stash-developers
CMSPOC,client-mgt-stash-users:client-mgt-system-stash-administrators:client-mgt-system-stash-developers:client-mgt-system-stash-users
CMT,commoditytech-stash-administrators:commoditytech-stash-developers
DIW,diwg-stash-administrators:diwg-stash-developers:diwg-stash-users
DPON,dep-stash-administrators:dep-stash-developers
EBANK,pbb-digital-ebanking-stash-administrators:pbb-digital-ebanking-stash-developers
EI,cpb-tio-stash-administrators:cpb-tio-stash-developers
EFXQ,nwm-efxq-stash-administrators:nwm-efxq-stash-developers
EFA,eforward-auto-stash-administrators:eforward-auto-stash-developers
EOB,eobao-stash-administrators:eobao-stash-developers
ESIGN,esign-coe-stash-administrators:esign-coe-stash-developers
ENA,nwm-ea-stash-administrators:nwm-ea-stash-developers
FIX,centralised-pricing-stash-administrators:centralised-pricing-stash-developers
FRONARCHIVE,frontier-stash-administrators
GEL,gel-stash-administrators:gel-stash-developers
ICV,ival-cmc-stash-administrators:ival-cmc-stash-developers
MYB,mybank-stash-administrators:mybank-stash-developers:mybank-stash-users
MS,mybank-stash-administrators:mybank-stash-developers:mybank-stash-users
QRTSARCHIVED,dts-stash-administrators
RM,rmdesktop-stash-administrators:rmdesktop-stash-developers
TEST11,
TP,
TPFR,
ULTRA,trtechcc-stash-administrators:trtechcc-stash-developers
