ProjectKey,users
FAH,balakj:baskp:chanpds:jagaa:jayapsb:kalyyka:koppsum:peruraz:sunimss:venganb
AAML,nallamn
ALB,
AIMLCOE,sengs:shuklat:solana:sriry
AMDEMO,arifmd:narangn:sharrak:singhmj
AMPCF,
AMFIRSTRESEARCH,
AA,
ASP,
AMLV5,Annamvj:jindree
AMLA,
SDP,bartonr:bhadura:boses:boydmf:chikj:chilt:dasoarr:daykb:devaesm:dhanav:dylda:evanstg:foreo:frasamk:ghoshrb:guptsas:haydent:jagakke:janaraj:johngjb:kartm:konuadm:krisddk:krisnvz:kumaalj
API,
APIENABLER,
APMAS,gasseda:pancpra:sumnera
APS,arorakh
ARC,
ARE,aryain:kumanes
AR,baskp:bochuv:chintl:jayapsb:moorg:sdbbl
ARRIA,
ASHVP,
AT,
ACES,selvgna
ATMT,sahookb:sharshv
AWR,dhinris
ATS,clemeag:tanetap
ATSFO,
AC,
ACSDT,kalrdpk
ADB,
CAI,
ACAP,
ABM,
AGILE,baldinc:gwinngj:jarmanr:junijar:svanido:yongxfz
AMAUTO,agarsag:katarsh:kaurdep:varshnk
AMC,
AMCICDTEST,app-zambezici
AMCOB,
ZAPD,
AMDESKSTRATEGY,
AMDISTRIBUTION,relleb
AMENABLEMENTS,gangwga:thakusc:trangh:zaidiag
AMEXECUTION,clarjce:gangwga:meadcoa:nichnfi:rushfol:Service-Dp-Cicd:thakusc:zaidiag
TRASH,
AMEXTERNAL,clarjce:rushfol:trangh
AMFX,clarjce:gangwga:rushfol:Service-Dp-Cicd:sharvun:trangh
AMFXCO,arorraj:clarjce:gangwga:kummojb:lambav:rushfol:trangh:zaidiag
AMFUT,balacha:goyaldb:gupvara:ShadeeB
AMG,murrpea
AML,ramarcr
ZAP,montgbl
AMSERVICES,
AMSERVICESNET,clarjce:rushfol:trangh
AMPOSTTRADE,clarjce:jindali:rushfol:trangh:zaidiag
AMPRIME,ShadeeB
AMPT,
AMPUPPET,
AMQA,
AMR,
AMSAT,for-teamcity
AMTAT,
AMTOOLS,
AGORA_EXTERNALS,bonched:davispe:KhanmaA:matdana:simomos:wangdaa
AGORA_FEEDS,bonched:davispe:feganaa:KhanmaA:matdana:simomos:thoumic:wangdaa
AGORA_LEGACY,
AGORA_PLATFORM,ahujsti:ArorhuO:baranwg:feganaa:fieldmi:garvija:KhanmaA:lynnc:matdana:matinas:mdsbuild:mishlok:nichold1:RATAKOK:thoumic:WASSJ
AGT,
AO,arorsbt:talejan
AL,
ABC,Annamvj:kumaaqn:mahatn:pantrb:yesur
AP,
IOASI,Macleai
ARCHER,
ARFB,
AE,BEDIJA:gangp:hitchl:MEHTKGA:nguyegb:pahujam:rogersi:steinks:vannsam
ACA,Birnikb:kuchhaa:sahapd
AUT,
ASPV,Ajibada
ATC,balsub:dhinris:kumksab
ACOE,
QACOE,
ADC,colemh:culib:Graysg:janasm:kanci:kellymq:matuj:matuj2:pobom:rippojc:Service-Teamcity_Tfe:strom:zagrm
BACS,
BU,
BACSSUE,joshshr:korlark:muthjay:rangvjy:ravinis
BASS,diksrah:radhm:sainpdm
BCM,sankr
BFAT,dhinris
BSF,dhyrc:jothg:kumsuzb
BI,kumapkx
EBPM,anantmh:gaikws:seetssz:Service-Dp-Cicd
BSL,deenkav:Service-Lnd
BPMTK,AggartU:cullepc:gigong:hainaaa:huntjam:johntia:philpra:RamavsR:schuttp:seethas:sisoddi
BLA,GOELAJ:rattrah
BAMR,
BCS,bhatiax
BVM,sandhab:selvgnb
BGD,bairdha:butletd:cummine:galard:Hayra:mackiia:Narayas:Oharamb:pahwasa:sachdev:shuklns:tzanngs:weirrb
BDAS,
BIG,kumaali
FSSFS,sadas:sivagny
BB,
BSP,
BWRTR,ekkuswq
BROAD,app-us-git:cataroc
BBCRM,shanjaa
BBTCOEC,
BPM,
CAOMO,
CASS,
CFSL,
CAML,
CBDM,agarwrm:aggaadi:arorsay:bansalv:banssar:barpans:berryj:bhutari:chatras:chaukpl:dreyfup:fanet:goelsha:jainisa:JainxyR:Khoslrl:kumadbv:kumasua:paldar:paltaan:panderd:rockdr:sachdsh:saraskb:satpatm
CDDM,corcok:vines
CSA,
CT,
CDDPOET,
CR,mazharn
PDTC,ekkuswq
CDMKT,
CRCA,hagymar:khwajak:raymosd
CDSP,bairdha
CE,aryain:katyala:kumanes:sharcbd
CEMCMT,aryasb
CFTAUTO,AnshkpL:sharmua:shavvka
CHANNELS,bharpan:ravisan
CTO,
CJMTOOLS,smittae
CLARA,karayee:smithbd:srisaka
CLM,app-zambezici
CMG,bhativa:dhawanv:jangrat:yadavhd
CNTDA,balakk
COE,
COP,
CB,
CCB,service-bankl
CPBCRM,
CDDS,
CPBDDCS,arrka:broojbb:doncv:gargsub:hardjac:kmaray:kmarayb:mishyno:ramansn:service-cpbd-dev:sesha:stepb:vandd:vottai:voznp
CPBDM,
CDEB,
CPBDC,
CPBD,aylakpr:Barclca:mohasbg:nagam:narrukk:prancej:ramkir:velahkk:vermrah:yiankkn
CDBP,wilsojl
CDT,mohasbg
CFTM,
CPBF,arenta:BAUMGAS:MICHAKA:Stolarp
CI,mcbbb:nathtaa:Service-Usp
CPBLP,Ravisun:sandhab:sinanub
CPBNRP,rupss:sabhk
CPBOP,
ZEBRA,
CPBQA,
CPBTRPA,dayapra:kumarir:Obriemh:perecda:singjyz
CPBBD,sandhab
CTD,bhardmm:farvfaa:jayablj:KUBERPB:kva:RanapE:rathikc:sengk:tillotd
CPBDA,
CFCP,
CUP,
CREMANT,
CRODA,
OFFAUTO,kamawan
CAL,goelne:kumamal:sharlaa:sharmra:singhcq:sinhaal
CAP,GuptyaA:hiranka:krasvik:kummaab:kumrmha:maimblu:meacoen:nelsomi:rastimi:svc-caprice_dts:webbsq
CBT,dhinris
CM,Chaplip:divak
CDX,jainni
CNMS,
CCT,
CAMA,
CCR,swanac
CER,
CDC,prajar
CSL,dasbc:julkaal:tripaa
CHKMRX,
CITR,mazharn:NagarpA
CLAR,
CLEAR,bhombha:chandgc:gnanaja:jayakun
CLEARS,dubeyvd
CDD,gajas:gnanv:Jaina:mittapg:seetssz
CMSM,ANANTVA:chinika:georgsk:gunasnb:ksbbj:leesad:michv:natassv:ragappa:raipc:vadives:veerman:yusufhm
CCTCMS,chhiv:gururak:kosevk:kumarrw:mittatt:padars:sandhab:vsbbf:whitlr
CMST,dubeyvd:haighg:lykok:Service-Cmsteamcity
CLIENP,
CSS,clarjce:rushfol
NWMCTG,agaramr:agarhim:ahujama:kumaags:KUMAAME:rastovc:ridgera:upadmaa
CLIEN,
APL,atkit:bridgd:browr:CAMPBRE:colemh:culib:feeneyb:frasjaa:hillam:kulawmk:larinl:levanb:malleyk:maloym:mccorqm:mcmillj:nisbetm:phelapb:piuse:rippojc:Service-Teamcity_Tfe:svc-teamcity_dts:thoxdta
CD4PE,burnssz:grahajd:jonemml:martijq:RossX:sandild:Service-Puppet-Cd4pe
CTOM,shovelm
CLOUD,SinbhaA
CSPR,Graysg
COLMGN,
CBCR,baladrg:ezhiv:kanasat:kushall
COM,apoohak:arorac:LAMBADA:naramiq:sinjaaa
COMCP,hopcrom
COMPLAINTS,ananssl:ekkuswq:kuralvw:redddva
CD,ekkuswq:Praknbr
CL,dhulp:gulahim:guptdpk:johnpej:kativyk:kaurgz:lambav:nppaa:ramalij
CSV,
CSSGLOBAL,agrawch:bhatiax:mishrav:sahuneh
CP,Service-Dp-Cicd
CONCP,dadhhar:jainjsi:kumarsz:shareep
ENT,
CDP,shanjaa
CF,
CTR,
CIE,
CORA,balasnc:baskj:kaliykn:kanagr:mahend:Manaams:mcavj:Moothsj:mudalp:murthbc:priyasm:rajdac:shansan:srbbf:tanges:thirusd
CORE,
CBP,kansdee:kumaakc
CBAP,natarnd:tlbbc
CBCC,balasyp:mazharn:nallhha:paulgs:raghbhu:vsinsvy
CDBI,dhinris:gairosa
CBCES,
CEX,avatrav
CMFCB,
CMFAPI,
CPP,tatta
CWS,
CORFCB,Mylrthi:natavid
CORN,dhandhx
CORERTS,ansai:malijtm:NATARSB:pills:sharanf:tabbb:thakukc
COR,agarhry:akhtamc:arorper:chitm:dasbc:devasr:deviusn:dhans:farinst:gggay:janag:kaurjbg:kumrvnc:muthkkg:natavid:ramadma:ravivaa:singahu:venkvij:vishbsh
CRA,
CPSS,
CABP,
CIM,
CMR,
CRSTA,Aggrata:ahias:bhargap:bhatnak:Birnikb:bloolis:browdaf:cerris:hollinc:hughrgy:monguda:ogunyob:presspm:rajyac:russtmx:sharncg:singvet
CPTSS,deedwan:nagalai
CUR,
CIT,clemeag:gojedal:hainesb:joyclex:papaana:svc-atsprism-dts:svc-dsp_dts:svc-zptools:walcaam
CAO,badhwar
CCTT,ambbc:bansapj:chudm:hansdab:hasanad:hawlejb:Kannasg:khatrsc:mulqd:odedov:oojbb:shahiqs:surekou:sureshy:timsonp:vvvsun
PBCIQ,
CJMDATA,
CMS,
CPR,
CQM,
CA,
CYS,badhwar
DIDEVOPS,Kirkskb:kumasrl:taylctb
MIZEN,selej
DAFT,
DPCCF,
DPW,
DASB,sharahr
DC,philray:sharrsa:zhangcc
DD,
DART,
DATANS,JarvisS:kingsjg:mateb:siddikm
DR,nairsap
DAFE,
DAF,martijq
DENG,pazikaa
DSSR,
DBSE,
DCR,
DESAPI,
DT,alsalma:coganp:dasoarr:oatedmx
DWS,arvavas:coganp:dasdaa:flavela:oatedmx
DEST,coganp:oatedmx:pattenn:rivev
DES,aryaxyr:badhwar:chankah:guptaqf:odc_dev
DOBS,Farrowa:Foxt:kumapkx:levym:scottd
DMH2,srininf
DMS,kumaanx:svc-devhummingbird
DPADESA,
DTS,coganp:khuraaa:oatedmx
DTSP,
DTSU,alsalma
TR,dhinris:jaiswaa
DWCI,abrians:gigong:gorala:WILSONI
DXAP,
DXP,Service-Fxrates
DALI,
DAASH,shanjaa
DESD,adhikp:Pournad:upparas
DAL,
DX,arnodap:eldriea
DATAFB,svc-prd-datafabric
DI,ahmeabc:anandbh:annapab:bakeraj:bardosc:basal:batluki:bonhabm:bradw:chriskb:duisj:gajdulj:galard:greencz:hamilta:hendrsy:hilldg:hopkisc:ismaisa:iyerl:Khasbab:khraisr:langab:letevab:mcbln
BDDAIE,brasia:cruicgc:finlchr:Hayra:kumagbh:lawreig:ravalmb:weaniel
DMT,mckenrm
DPROS,
DRTS,
DSC,robercf:vestm
DSENGG,aslammj:biswask:finlari:goyaans:ismaisa:kadirim:langab:rafigz:ramamp:sangas:sankakb:singrtk:wardad
DSR,
DSS,
DANDA,dattcsd:dukhxsd:jayavs:kogutm:LIMEA:pournas:robeska:sethsar:tilkor:voladrs
DATT,
DTM,
DP,
DCDP,agarscd:grovesq:kumakza
DMTP,gulatdf
DMTPE,bhagana:Krissva
DELV,anandm:constau
DH,crookr:hornsbm:morriro:odcdev:pezesfa:wyethb
DEMO4,
DEMO1,badhwar
STASH,kumaspr:naramiq
DAT,chattaa:gigong:wangj:webbgb
DOAM,app-us-git
DOCOE,
CDIO,
DIARY,Gidugsv:shanmua
EP,arorraj:aspins:coganp:gentilp:hainaaa:lambav:leconte:sabatoc:uhlimic:wonghh
DEC,duncaai:peardpa:pezesfa:tiwarag
DEP,arorraj:elfamda:hammoac:kaurhbc:kellydm:langjf:mahmomj:sudvb:wilspzl
DEU,dhinris
DECA,dhinris
PBBDHB,
DOM,
DET,dasoarr:kangba:pathaab:ramseyl:smittae:wangbh:wrighsh:xavierm
DSE,cocha:farozza:finlanb:ganesea:goodit:kasheak:Kissocc:kumsenf:Lohts:lyonscf:Mcgregd:mohiask:muirj:nugentb:patten:Potteac:ramaaab:rathjkk:samanns:saseesv:shouem:thansub:umogu
DE,gigong
DMH,badhwar
EASRAW,
EBARDOD,nagaraz:raghuvb:sivahic
ECDIT,svc-ecdbuildapp
ECM,jacksjp:muniyv:nandr
ECMP,badhwar
ECMB,
ECRBA,
EC-UICON,singyab
ECMOD,
ECF,Kanagyt:kanasat:ponnm
EPS,Kanagyt
EDAI,adamsjc:aslammj:czecha:dattcsd:dobrok:ivanoac:kasem:piechp:ramadp:rotolgb:russeib:singjch:vdbbd:voronaa:woznib
CPBEDS,arrka:broojbb:greebar:kumancw:Lambedp:Manaams:RAMANAN:ramansn:ranjana:Rogerma:service-cpbd-dev:Service-lmbd-digital:singgvz:somasud:sophiae:stafs:taltyg:thanabt:towersc:valuk:vandanz:venmada
DESCRM,bhayp:jaingb:jainkas:KALAV:kumarjr:nagargc:negigb:PALLGTA:sawarnr:shaaadb:singadw:tanwraa:viggas
ENGGCOE,
EXR,
EAS,
EFORMS,
EFX,chenvad:collama:delandj:forstet:fx_build:gjonris:gochdob:kumasfq:ligua
ERD,wilspzl
EPEXVA,
EM,
DREM,mathmoh:shanjaa
ESPENV,
ESTDW,
EWG,
EFLEX,kumapgd:rajarvb:RAJENSV
EC,alinaf:guptanj:jaiswne:royran:yadasil
ELK,pathaab
ES,
EN,awass
ENCP,
EAI,
EDHB,hayac
EEC,gargm:guptaqw:naramiq
EECC,
EEP,leggeaa
EEPDCI,pathaab
EES,laidlm:seetssz
EPM,pareesb:suggarp
ESP,
ESM,WintonK
ESMENG,badhwar:CAMERRE:culligs:culligx:goodcr:Mackiae:pancpra:pullanm:WintonK
EWR,
ESDML,
OBAO,chandua:polakat
EDA,anumila:mukhesz:sarkasn:uppasch
EB,
EXITS,seetssz:Service-Dp-Cicd
FRSQ,
FSAB,poojer
FAIRS,kumapkx
FCA,dhinris:thiydee
FTMT,
FCG,aryain:kumanes
FDM,guptrck:jhasag:omkarb:pemmash
FEN,
FIDS,beldham:svc-cpcli_ci_dts:svc-teamcity_dts
FIDPLAT,agrawnd:ateeqas:bailenf:gulatis:guptsur:jamiemb:kainhim:kukrh:quarjos:ShahyaM:sharnin:svc-fluid:timmimb
FITATT,
FIL,khanlb:sachdky:soodaox
FINAPPS,amarr:chaurrb:guptmcc:johshia:khanlb:singhaz:soodaox
FINTAB,
FORD,
FRAN,
FRTB,
FRTL,
FSA,
FSAX,cannora:mcnaidb:montjmx:prasasr:rajarzk
FSAIR,badhwar:kumamrt:Mishrdk
FSAPROJECT,chaocha:chauhph:dowiej:GRANOST
FSLED,
AWSTREAS,app-TT-CiBuild:jhamaa:lebeaum:willdbk
FSAWT,app-tsp-terraform:lebeaum:willdbk
FSAW,lebeaum:willdbk
FS_ENGINEERING,anchdvy:castroo:KishorP
FTAOM,arorscg:badhwar:eastab:guptpct:guptvbw:Khurkah:Service-Starsc:singhaz
FTM,
FXBM,jarmanr:sheikno
FXMP,lambeka:saxengs
OPTRTB-MIS,
FXIT,bykoand:haggaro:hamlins:karayee:smithbd
FXL,bykoand:hamlins:karayee
FXOMS,jarmanr:turnocr:yongxfz
FXP,gabasag:gupasaa:kumavod:mcbaina:pandyso:srisaka
FXT,prataaa:stonemg
FXUI,crosss:lanngj:rews:stonemg
FXCONNECT,
FXQUAN,
FXSAL,deedwan:fx_build:nayayee
FFMR,
FINCA,ratewar:tiwarag
FINAUTO,kumasps:nagrsaa:sukums
FP,
SDM,bansasq:finchka:jainde:Service-Refdata-Tc:sglbuild
FSS,johshia
FO,batramc:bhatiax:perrinm
FRA,berndaa:etherip:ewingl:saunric:svc-caf-dev
FRAA,adamsdj:agrawnd:allcroj:balasue:berne:bhargap:bharu:Birnikb:BOWLSTE:cerris:chughpb:DEVALVK:dhanrsm:ellimng:englaex:FELIXR:gallamc:georgng:gonzalz:goodea:grovedc:gulyagc:houlej:hughrgy:iavap
FRAC,koukouc
FIRE,bakerhb:matheme:patedia:rilebry
FIR,arumadh:choubhi
FLST,tiernep
NWMFISS,
FF,crosss:lanngj
FSL,ateeqas:fryrab:izydmar:sinhu:svc-cpcli_ci_dts
FLUID,
FNRS,
FRAUD,raiaj
FRONTIER,
FSAP,banssbq
FCM,asths:Barneda:bhombha:chandgc:garggif:Harrimk:kannahb:paraskr:sac:sachnju:vijayan
FB,goyaldb:gupvara
FT,gabasag:goyaldb:gupvara:ramakpr:smitpsa
GAS,
GATE,
GRH,agararp:agrawab:mazharn
GCAB,ramseak
CSMOWA,
GCT,
GHET,
GISEC,augusje:bielasa:dhinris
GIT,naramiq
GD,kalrad:kejrh:narulva:rohils:sarafs:sharmpd
GLAD,dhinris
GLPOR,
GMS,
GMSAI,sandhab
ThekeyfunctionoftheGroupReferenceDataManagement(GRDM)systemistomaintainholdandmakeavailablethelistofLegalEntitieswhicharesignificanttoCorporatebusinessinRBS.,
GRDM,aggarnl:iswarys:kantn:khattm:kishv:rajadc:rathstn:sahookb:thayc:Yalavnh
GSS,dhillse:sinrenb:yadavdc
GEN,
GB,ahujish:cotol:klosinj:stadema
GLAC,svc-glacierci
GCS,anaon:gajulsg:guptsch:kumaarz:yadsanc
GEI,KishorP:sharsdf
GMH,
GOLD,naramiq:singanh
GMSS,chrixgc:connagc:dharsvx:fensomc:karugou:laksvee:leesad:mccannm:Mcconwn:mishsaa:rajussy:Sebinag:VIJAPRA:virmash:younjjk
GT,
HBOSP,ksbbj:peril:tripsad
HFT,
HPC,gigong
HPP,franshs:girdroy:smartg:tonnema
HRTA,
HAV,
HAT,dhinris:rastovc:sethkb
HED,shanjaa
HGL,
HIR,
HD,
HOOZ,
FADT,janaraj:joshisx:krikkkb:ravkarc:sibijfr:sivargl:srivadh:subbuk
HYG,
IAD,
IAAS,Ajibada:arorscg:burnssz:Cartetj:claytog:Dentj:findcma:grahajd:grewasc:guinanp:hairs:jainch:jonemml:kongf:lewekhj:martijq:mccrosp:mikutap:NagarpA:pakkhoo:pandias:powells:pratpdp:RossX:rughaa
IVR,mazharn:service-vracstream
RRS,banerah:chughi:jacksaq:kumahbh:modiggm:pramr:sharrbw:shifsff:singahs:singlab:Vermane
IADA,sharahr
SPED,
ISP,annakas:avadv:chimps:elfamda:jesurj:kamad:kirilea:kodidha:kothaa:krismbb:krisnbb:kumsati:kuncc:mahmasi:mohaabh:nagarkh:nagarsl:nayakph:palanmg:radhd:ramesbb:raviaf:sents:shaidil:sivasuq
ICE,jovanon:masono:ohagann:patedaa:svc-icedts_dts:tripatm
IFRS2,
IGNITE,ajmaniv:ateeqas:bhavser:busolad:gargas:RANRULA:rastoae:roberkh:shikhak:sinsdaa
IIBMQ,
ILMA,baxtedf:BODYSA:goyalr:greencz:Hayra:herrij:labol:laidlm:mckenrm:mittapg:raissa:unnim
IRC,munjaga
IRCPDC,
IRMGDPR,
ISS,
ISOL,
ISVP,andipan:boyap:Gannis:Kesavkn:Kumarna:mabbf:madanch:Parmarr:rangraj:ravisv:santsrp:sellpbs:ssdir
ITODPL,borks:panci
URIDA,
IG,
ICH,burnnbx:kalln:Kesavkn:korlark:Narapur
ISV,muthurs:Narapur
IIW,
IA,elliscc:keyed
IP,naramiq
ISRT,mazharn
ICC,BURNSIS:cordjzp:macrd
IAST,kumacbj
INSE,
IRD,
IN,
JAP,
JAVMW,shanjaa
JEDI,jedibuil:kashslx:panwars:raghavm:sharrth:singjib:spencjb:tittoa
JET,
TICKANALYTICS,kapadaa:RajgeiL:wonglex
KGFG,kumapkx
KS,lanngj:rews
FXKDB,rews:stonemg
LTA,
LEN,elangop:ganed
LAMINAR,
LTRG,
LEAR,
LENDING,akbarr:app-zambezici:dayapra:deina:exleyk:gaurakb:gilljh:jaskw:kumarir:kumasqf:munia:Obriemh:saxenur:venkapm:venkvty
LPC,dhinris
LMS,singhma
LPS,
LRRSS,guptkva:mussmee:rawataj
FSLT,
ESLE,bhatipf:chaudea:guptals:guptapx:patheek:sindg:sindsha:svc-LiquidityEngine
LBAU,
LDA,balaman:begunkk:dixiaxk:kozhm:muniyv:pancpra:Patram:service-cpbd-dev:Stanlpk:sukhevk:valuk:wolimlw
LIIS,
LPM,
LTN,ganekgk:sabhk
MPA,kumapkx
MARS,phillik
MART,badhwar:malikjb:SingjfX:yadavhd
MCC,kantguk
MCSAC,balasya:dhinris:Gidugsv:venkrmt
MDA,badhwar
MDS,aryasb:lynnc:wrightw
METS,
MIDJ,jaintya:johshia:saxshab
MRC,
MRCADD,
MRS,bhatpyh
MRXPROD,
MAL,
MMD,debem:wilsjbf
MANMP,
MARG,mazharn
MCT,
FLOW,kumaadd:tomlinn
MRX,kumasah
FTFDM,
FTSGL,ahluv:DEEPMRA:guptres:jainaav:kandpmk:kohligc:kumapgl:madam:mohapai:reddyrg:sharncf:shuklaw:srivrat:sumansf:veldldy
MAR,rorked
MDILE,ddvvd:kumahbd:kumamja
MERCURY,
MESSAGING,
MET,
MIF,
MICRORATES,
MSSDK,app-zambezici:ravisan
MID,
MIMO,
MIV,ipvddev
MBST,ahujped:chign:guptsgs:kumaskh:satungg:sinmanh
MOB,
MCVT,
DAMDBE,
MP,gigong
MRAD,
MOSAIC,Guptaa:svc-zptools
PBBMCP,sandhab
MFA,
MF,lanngj:stonemg
MDP,
MYBENV,balakk:birrje:borusbk:chandrd:Craikld:cunnacx:hamiaas:kalisbk:kumanpa:Macleai:mccormr:mmtha:mulir:panxb:sadrddk:tulloce:vvgwo
MYS,
MYT,aryasb:svc-dtsadmin:svc-teamcity_dts
NR,
NS,
NQ,
NSCSDN,
NSCSEC,siddisp
NSCTMS,
NWS,
NWCOI,chanpds:nairsap
NWMC,sandhab
NWMUI,svc-rdas-dts
NWMH,agalgrv:hewitiv:mageacr:murama:odettia:rilebry:saunric:teixec
NWMI,
NWMPE,goringp
NRK,
NWMRPC,
NWMSHAR,aitcane:arnanik:bakerhb:bogdbgy:busolad:butchrr:davimel:fernang:fitzdaa:fulkemf:hemnkar:kaptmaz:lewirib:rilebry:svc-fire:townsjc
NUFI,
NURP,app-us-git:bonintj:catalrc:filhor:sriraar
NWMCOOV,
NWMDDT,
NWMAR,mazharn
NWMTECH,bhardad:gularav:kantguk:mehtadi:palczek:sinnavb
NWMTRC,singdar
NWG,gorkemb:hathhcs:sagimos:sekajaa
NIEW,sandhab
PRIIPS,
NC,
NSC,
NSE,kanasat
NEX,
NPPMI,
OBI,
ODC,
OTP,
OL,andersd:Ferriag:MORRIPT
OBCCC,svc-zptools
OLAF,mabbj
OCC,majumac:MEHRAAF:singhij:singstk
ODBB,
OB,app-zambezici:banerju:devaesm:guptatg:rajputg:Service-Dp-Cicd:svc-zptools:vishv
OOZ,
ORA,arorapm:kanchan:kapooaz:meenj:muthbgv:royaah
OTPP,chhinav
OSS,karua:ravisv:skbbf
OPT,khanejg:kumshib:rateepa:sethik
PAD,csaji:perama:vaithis
PAR,kumapkx
PBCLEAR,jonegwa:masondd
PFD,kumahpx:mahena:muriraj:prabhsi:sophiae
PBBMSP,beenaa:pgbbc:sandhab:vasuskt
PARN,
PBBCH,
PBBBR,aitkekc:mathc:nandaba:patepat:tayldty
PBBWXP,adhikm:baboot:dhanarf:jayarb:kanasat:kumahpx:kumashb:kuralvw:morbena:radhasl:SENTNAV:sundsbc:Tempeaa:ubmbb:victslu
PBPM,yadaral
PBBCCP,balaldg:kierans:partp:prabssh:viswshx
PDQ,harrild:porteom:reilldb
PDQR,
PDII,
PBBIA,
PMB,bhatiax
PBBMMM,duttavi:farinel:karugou:Kaushaa:kumascd:leesad:mahassr:mohajkt:mukhesr:pannkkl:radhy:sandhab:tallaps:tyagirc
PBBOT,sandhab
PBBPCS,Gidugsv:Kanagyt
PRA,
SAOBPM,aruljga:balasya:cunnacx:paramoh:rahmaab:ramagsh:Robersg:venkrmt
PBBTO,
PTATM,sandhab
PBBTA,sandhab
PBBIVR,hodgsnb:senguas:singeez
PBBTBAU,
PBBSER,
PCFDEP,
CRSPC,boses:mitthmx:sandhab:satyp:tiwaabf:tripaap
PEAK,
PEAKRESEARCH,
BOPM,kumaald
PIMMS,
PPE,sharahr:upparas
PRD,
PRISM,guptabs:khandv:ranag:yadmaha
PSPTA,
PTCDS,galha:gargmp:shaizws:sharbbb:shivrm
PAYLAY,agapraa:ahmeabc:anandbh:bajajvc:chawama:chawlas:cowang:Gizinsl:goelhb:khraisr:kumaskx:sahuabh:trout:wardad
PIMS,chaumdu:guptmbk:stephn
PM,alexaab:botlar:nohwara:singhxw:SRINIV
PIE,
PMI,
PMP,
PTP,sandhab
NMPL,guptaqf
PMSDD,agarwrk:Ballt:batramc:bhargae:bossutr:boylej:buddm:Carropd:dukhxsd:Hoggfl:kashyae:kogutm:kumandh:kumasps:mairmxm:Marshak:narulaa:Scotta:smitabc:szerk:tomanyt
PBFT,
PBBPDD,sandhab
PDT,cheggaa:Kanagyt:kumahpx:mahena:Praknbr:sophiae:sundsbc
PIC,badhwar:sinania
PPU,
PLAN,
PLVEPM,
PLFMGMT,smithcf:woodsg
PLAT,mazharn:ramabat
CBPPOL,Jaina:Robbigm:vasuxnv
POM,
POT,
PCQA,
PRICEXEC,
PRIC,darakcd
PEL,beldham:fryrab:izydmar:kumaadd:lig:svc-fluid
PDRVW,
PB,belals:blumekb:campbva:mclaf
CBSPB,achue:kiraksn:srivsbm:yadavdf
PCDT,
PGUR,
PP,agraswa
PTS,naramiq
PUP,burnssz:douggdx:grahajd:jainch:lewekhj:martijq:mccrosp:mikutap:powells:RossX:sainisg:samanns:sandild:THEOPPA:togherj
QATP,
QCOE,
SV,sharson
QS,jonesdh
QUOT,
RAD,dhinris:LEESJA
RASR,
RATESINF,
RBAM,kumnjaa
RIE,
RIOBP,
RBSIOB,app-zambezici:chouyot:haighca:morgadh:mughalk:rochaf:Service-Dp-Cicd:steadpa
EQ,
RBSMP,
RSC,
RTR,alidum:gigong:gulatan:jaintb:KINGLEA:konsalv:parashr:stopfob
RBSM,
RBSCLOUD,
RDAR,
RV,mirosor
RRR,
RFX,kumasvl:mullead
RGL,sharahr
RGLDRM,
RB,shanjaa
RT,
RMD,hussaib:Service-Rmd-Teamcity
RMA,chawsum:jainafq:jainub:kumarqz:mahajsp:nayaksu:shahdev:sharpcz:singcbh:vermame
RMADE,
RMAT,
RMP,jaiswne:ponnavv:priythy:sharmvt
RS,
RMPMI,Shashva:thaprad
RCRA,bhutias:kansaab:radhb:yumnama
RPAS,Ramacmc
RST,goulgpr:sharjay
RUF,gigong
RATINFDEV,
QM,meyermm:mrosest
VT,buckleh:kwanvin:roberkh:svc-deltarates_dts
RTDC,
RTPFN,
TLMRECON,kumadda:Service-Starsc
RDP,
REFMAS,bansgaa:singrpr
RAPTR,gambhaa:kainhim:malikjb:tyagalo:yadavhd
RMCE,
RTD,
RMEL,carlind:marsdli
RIDA,brins:guhamd:guptmbr:henrycd:khannks:mackiia:mclact:mclaf:nichssa:pennycl
RCTP,
OBIEE,
RES,
GRGCH,
RPA,
RCT,
RCR,
RCRTOOLKIT,
RINF,
RISK,krasvik:meacoen:rorked
RFR,clarrob
RACR,Birnikb
RCD,dhinris
RDAS,
RDAS_DEVOPS,pasarak
RMQ,huanogy
RIMD,kumaald
RISKMODELS,chhabrn:for-teamcity:goeluta:keumars:khodthb:svc-prism-build_dts:vermame
RMI,
RSM,
RSCRR,Service-Starsc:singhaz
RSEC,lakshma
RSOPRSK,dhinris:palrrdv
RSST,
VAN,
RAL,magojzk
RE,fryrab
PBBRPA,
RPAC,bhutias:higgp:katatrh:kumabbt:MCCAMGG:okrep:PLAINNA:raszb:taylocj
NWMRPA,bhatjee
ROD,
SAF,
SAOA,
SES,
SASVA,aryasb:carligc:daripas:yapne
SCRS,radhvet:Vedams
SCSA,
SDOL,Service-Dp-Cicd
SDPORT,Service-Dws-Bb-Prd
SDS,bhartnz:sca-net:shasala:svc-checkpoint:svc-riskitsvn
SEPA,mathurq
SIG,
SIL,
SON,
SPOT,
SPS,borkoag:switalp:wnuklip
SRSS,
SC,
SSOECP,
SSG,
STYLE,
ESSTCRM,
SAO,packrbb
SAND,busolad:fitzdaa:gigong:pezesfa:svc-ci-sand:wyethb
SANDBOX,diepant:svc-zptools
SAT,
SH,
PBBSI,
SS,
SEL,balamuz:dattcsd:gedelaq:kasem:nagabh:ramadp:rotolgb:vdbbd:voronaa
SENDM,
SA,
SLXDV,
SP,mcbbb:Service-Sp-Tc
SAMM,
SAS,reddsdp
SSCT,
SSKA,kannams
SHAR,sgbbg
SSO,
SSOC,
DESK,adamsgb:arunmr:blowver:browjoa:chapsct:cooprua:faulkmc:GaleG:gendrsa:hallilm:jarvard:jonejar:kleimas:korusoe:mcneebr:meyermm:nassnas:pecksb:schmils:thombea:wietrba
QUANT,bettera:chantls:dujocol:etherip:folapor:gorala:gujrjas:hewitiv:hinesra:honjon:jarvard:kaliken:kasajan:lyallmd:meacoen:merigos:saunric:schmils:stewapc:thombea:waltwns
EBSMB,bhupan:grovesn:indop:Jaina:jainazl:kauseps:mathesl:mewadas:ragmr:vijaydd
SF,duavab:NAVANEM:niralac:nirmaab
SPEED,adhikpb:guptpcs:hegerkb:magollt:mahmv:manesc:sriddil:tsiapet:vasejcs
SSS,agarwtb:anoora:campjyf:culligs:culligx:Dowiere:ficekbf:janil:lacollt:mallhwy:nathsc:puncua:reddysw:subrsbd:umapmgd:wastb
STARC,
STASHAPITESTING,
STEEL,bharkar:chaudea:guptapx:hughjo:jainph:patheek:ranavb:saxenha:sindg:sindsha:svc-LiquidityEngine
SBET,
SAOC,
SAOS,
SPFP,chintl:chunr:lawraj:sahamjj:sasid:sivaraa:thomabc
STA,
STS,
STR,
SUAM,balakri:raston:sivaraa:vermapj
SWPDWR,
STFN,kumaald
RSSS,
SCF,
SURF,bansaan:dikshra:fryrab:kumaadd:lig
SYNDICATE,AHLUWPA:arortom:bannigc:dorsjon:guptcna:guptsee:higginag:kaglnan:palsitr:ShahyaM:sharlat:srivara:thorntm:turndam
SCS,
SYSTEMX,bykoand:cainsta:haggaro:karayee:khankk:mcbaina
TPE,
TACDEV,buehlej:folapor:krasvik:rorked:shrestr:sinbala:webbsq
TT,jaintya:johshia:saxshab
TAR,Courtni:thoxdta
TDXSCHEM,
CFHUB,CHAUDUA:kohlarm
TFXRS,
TFXUIC,naramiq
TLMAUT,gargpc
TCM,agarsaz:babuls:bhardae:goelne:goyahii:jainpii:jindapa:kumajye
TMOS,
TNG,for-teamcity:hainaaa:murrpea:svc-zptools
TNTR,ramakpr:shikhak:singjot:svc-gtrdts
TRS,keses:malisbf:tyagksh
TRFIN,
TRRS,nagevap
TSEP,
TXNMON,MEHRAAF
TAB,
TCP,
TAX,
TS,
TES,alsalma:bansamp:coganp:kaponal:sharstu
CPTND,service-cicducd
TI,kabib:pacmana:Thilsiv
TCT,
TDX,
TDW,agarwaf:bansasq:bhartdb:gargna:guptmcc:guptsfj:kejrh:KishorP:kumaamt:kumaasb:mishrdj:mukart:patramb:satpatm:sglbuild:sonissn
TRADEFINANCE,
TMW,gupamaa:hainaaa:shardvn
TRADM,gargas:sundaai
TRAD,sharjal
TRMCCR,
TRAIN,naramiq
TRAIN19,naramiq
TMG,bhativa:sinakac
TFDS,
TMS,
TRBL,sethsab:Shaiksg:vohrapr
TRIL,
TDS,shanvij
TDE,taylrtb
DESTPI,singjcd
TWOF,
UBIN,dhinris:omallab
UC,
UCD,shavvka
UXPJ,
US,bickitb:brijwap:shanjaa:zouxa
UR,
UDT,
UB,dasoarr:kangba
UBCEP,
UDPB,
URP,
USA,
UT,
UL,ahujsti:bachiyd:baranwg:kumaasl:mishlok:naeevid:shanjaa
UNIVAR,
UNIXENG,jonemml
UN,
VCG,
VES,asths:chandgc:kannahb:sac:vijayan
VM,
VID,agrawax:bansapj:dandas:Gidugsv:Kannasg:khatrsc:mmjbb:odedov:patonbc:ponnm:Praknbr:ramacch:sahookb:shardbs:sundsbc
VH,alagem:ANARGHL:arrka:badhwar:bansamp:Charihn:kannsbc:kmarayb:mirsirk:mishyno:Service-Bdd-Digital:service-cpbd-dev:Service-lmbd-digital:shris:singkch:stepb:vandd:voznp
VEN,bommver:vyasavy
VAG,
PBVB,
VCA,
VCV,
VOIC,inanhee:vermagc
VMDAMT,
WSR,
WCTS,doppm
WMIR,
RSRAVEN,svc-zptools
WSSREM,
WSG,ahmedwc:dwivedv:guptnns:sharmtn:singgoa:svc-wssci
MRWR,
WS,ashos:Babuja:badhwar:Bainaj:govib:Joneses:Kanagns:Krishsv:rrrss:sathgnh:Scottgs:smithxq:sspwq
WEBCON,
WDPD,khandv:khankmk:poddaad:srivsbj:yadmaha
WMIT,guptmct:mantm:Mishrrc:raosg:solak
RAMWM,
WSC,mazharn
WINENG,douggdx:KumashO:Mullesb:pakkhoo:samanns
HSWS,TseW
WISEXEC,
WOWMM,grintm:sahasj:vanrj
ESHRWD,
WCA,
WSCBI,sandhab
XRT,
XLRELEASETEST,app-zambezici
XMART,svc-XMartBuild
XWEB,karayee:ramkaa:vancec
YOUR,gopia:Kanagyt:paulpre
ZAM,gentilp
CO,
WEBSDK,app-zambezici
ACTA,
ANVIL,
CERI,arorraj:chiucb:ivanovp:kaurhbc:khannvg:kumakbi:kumarqv:malijtm:mcinng:sethsar:siedd:sivarrk:stubpbb:zajacm
CMSPOC,bollad:elankav:ksbbj:ragappa:sangwan:sekars:Veeramt
CMT,
DIW,
DPON,
EBANK,
EI,
EFXQ,
EFA,
EOB,badhwar
ESIGN,awass
ENA,
FIX,
FRONARCHIVE,
GEL,
ICV,svc-tlmcol
MYB,
MS,Gnanant:kaliykn:kanasat
QRTSARCHIVED,
RM,bhatiax
TEST11,
TP,
TPFR,dhinris
ULTRA,bachiyd:baranwg:srivavb:srivkay
