project group, present in global permissions
aaml-stash-administrators,Yes
aaml-stash-developers,Yes
accelerator-stash-administrators,Yes
accelerator-stash-developers,Yes
acta-stash-administrators,No
acta-stash-developers,No
agile-stash-administrators,No
agile-stash-developers,No
agora-ext-stash-administrators,Yes
agora-ext-stash-developers,Yes
agora-legacy-stash-administrators,Yes
agora-legacy-stash-developers,Yes
agora-stash-administrators,Yes
agora-stash-developers,Yes
aift-lpm-stash-administrators,Yes
aift-lpm-stash-developers,Yes
aiml-coe-stash-administrators,Yes
aiml-coe-stash-developers,Yes
am-desk-strategy-stash-administrators,Yes
am-desk-strategy-stash-developers,Yes
am-desk-strategy-stash-users,Yes
am-first-research-stash-administrators,Yes
am-first-research-stash-developers,Yes
am-first-research-stash-users,Yes
aml-sam8-stash-administrators,Yes
aml-sam8-stash-developers,Yes
aml-screening-stash-administrators,Yes
aml-screening-stash-developers,Yes
aml-v5-stash-administrators,No
aml-v5-stash-developers,No
aml-v5-stash-users,No
am-pcf-stash-administrators,Yes
am-pcf-stash-developers,Yes
am-platform-stash-administrators,Yes
am-platform-stash-developers,Yes
am-platform-stash-users,Yes
am-platsvcs-stash-administrators,Yes
am-platsvcs-stash-developers,Yes
am-platsvcs-stash-users,Yes
am-qa-stash-administrators,Yes
am-qa-stash-developers,Yes
am-qa-stash-users,Yes
am-tech-stash-administrators,Yes
am-tech-stash-developers,Yes
am-tech-stash-users,Yes
apienabler-stash-administrators,Yes
apienabler-stash-developers,Yes
api-stash-administrators,No
api-stash-developers,No
apl-stash-administrators,Yes
apl-stash-developers,Yes
arch-emea-stash-administrators,Yes
arch-emea-stash-developers,Yes
archer-stash-administrators,Yes
archer-stash-developers,Yes
arc-stash-administrators,Yes
arc-stash-developers,Yes
are-stash-administrators,Yes
are-stash-developers,Yes
arria-stash-administrators,Yes
arria-stash-developers,Yes
aspv-stash-administrators,No
aspv-stash-developers,No
atm-testboot-stash-administrators,Yes
atm-testboot-stash-developers,Yes
atm-work-recep-stash-administrators,No
atm-work-recep-stash-developers,No
atsfo-stash-administrators,No
atsfo-stash-developers,No
ats-stash-administrators,No
ats-stash-developers,No
at-stash-administrators,Yes
at-stash-developers,Yes
auto-coe-stash-administrators,Yes
auto-coe-stash-developers,Yes
automated-trade-ctrl-stash-administrators,No
automated-trade-ctrl-stash-developers,No
bacs-platform-stash-administrators,No
bacs-platform-stash-developers,No
bacs-sue-stash-administrators,Yes
bacs-sue-stash-developers,Yes
bank-auto-stash-administrators,No
bank-auto-stash-developers,No
bass-stash-administrators,Yes
bass-stash-developers,Yes
bb-crm-stash-administrators,No
bb-crm-stash-developers,No
bb-crm-stash-users,No
bdas-stash-administrators,No
bdas-stash-developers,No
better-off-pfm-stash-administrators,Yes
better-off-pfm-stash-developers,Yes
better-off-pfm-stash-users,No
bfat-stash-admininstrators,Yes
bfat-stash-administrators,Yes
bfat-stash-developers,Yes
big-data-stash-administrators,Yes
big-data-stash-developers,Yes
bmit-ecdit-stash-administrators,Yes
bmit-ecdit-stash-developers,Yes
bond-syndicate-stash-administrators,Yes
bond-syndicate-stash-developers,Yes
bpm-enabler-stash-administrators,Yes
bpm-enabler-stash-developers,Yes
bpm-stash-administrators,Yes
bpm-stash-developers,Yes
bpm-stash-users,Yes
branch-customer-exp-stash-administrators,No
branch-customer-exp-stash-developers,No
bwr-testing-requests-stash-administrators,Yes
bwr-testing-requests-stash-developers,Yes
cabpt-stash-administrators,Yes
cabpt-stash-developers,Yes
caf-stash-administrators,Yes
caf-stash-developers,Yes
caf-stash-users,No
cal-stash-administrators,No
cal-stash-developers,No
calypso-stash-administrators,Yes
calypso-stash-developers,Yes
calypso-stash-users,Yes
caprice-stash-administrators,Yes
caprice-stash-developers,Yes
card-bis-stash-administrators,No
card-bis-stash-developers,No
cass-stash-administrators,Yes
cass-stash-developers,Yes
cbap-stash-administrators,No
cbap-stash-developers,No
cb-collection-recoveries-stash-administrators,Yes
cb-collection-recoveries-stash-developers,Yes
cb-core-acc-init-stash-administrators,Yes
cb-core-acc-init-stash-developers,Yes
cb-core-account-db-stash-administrators,No
cb-core-account-db-stash-developers,No
cb-core-bpp-stash-administrators,Yes
cb-core-bpp-stash-developers,Yes
cb-core-charges-stash-administrators,Yes
cb-core-charges-stash-developers,Yes
cb-core-credit-stash-administrators,No
cb-core-credit-stash-developers,No
cb-core-engineering-service-stash-administrators,Yes
cb-core-engineering-service-stash-developers,Yes
cb-core-mod-stash-administrators,Yes
cb-core-mod-stash-developers,Yes
cb-core-projects-delivery-stash-administrators,No
cb-core-projects-delivery-stash-developers,No
cb-integration-services-stash-administrators,Yes
cb-integration-services-stash-developers,Yes
cb-international-stash-administrators,No
cb-international-stash-developers,No
cbis-stash-administrators,Yes
cbis-stash-developers,Yes
cbis-stash-users,No
cb-nab-stash-administrators,No
cb-nab-stash-developers,No
cbp-aml-stash-administrators,Yes
cbp-aml-stash-developers,Yes
cbp-ao-stash-administrators,Yes
cbp-ao-stash-developers,Yes
cbs-pbss-stash-administrators,Yes
cbs-pbss-stash-developers,Yes
ccrp-stash-administrators,Yes
ccrp-stash-developers,Yes
cct-cms-stash-administrators,Yes
cct-cms-stash-developers,Yes
cdbi-stash-administrators,Yes
cdbi-stash-developers,Yes
cdd-mig-stash-administrators,No
cdd-mig-stash-developers,No
cdd-strategic-stash-administrators,Yes
cdd-strategic-stash-developers,Yes
cdio-stash-administrators,Yes
cdio-stash-developers,Yes
cds-stash-administrators,No
cds-stash-developers,No
cdx-stash-administrators,Yes
cdx-stash-developers,Yes
cemtech-stash-administrators,Yes
cemtech-stash-developers,Yes
central-credit-stash-administrators,Yes
central-credit-stash-developers,Yes
central-credit-stash-users,Yes
centralised-pricing-stash-administrators,Yes
centralised-pricing-stash-developers,Yes
centralised-pricing-stash-users,No
cerberus-stash-administrators,Yes
cerberus-stash-developers,Yes
cets-referencemaster-stash-administrators,Yes
cets-referencemaster-stash-developers,Yes
cf-stash-administrators,Yes
cf-stash-developers,Yes
channels-stash-administrators,Yes
channels-stash-developers,Yes
channels-stash-users,Yes
cio-technology-stash-administrators,Yes
cio-technology-stash-developers,Yes
cit-stash-administrators,Yes
cit-stash-developers,Yes
cit-stash-users,Yes
cjm-stash-administrators,Yes
cjm-stash-developers,Yes
clear-stash-administrators,Yes
clear-stash-developers,Yes
clear-stash-users,No
client-mgt-stash-administrators,Yes
client-mgt-stash-developers,Yes
client-mgt-stash-users,No
client-mgt-system-stash-administrators,No
client-mgt-system-stash-developers,No
client-mgt-system-stash-users,No
clm-stash-administrators,Yes
clm-stash-developers,Yes
clm-stash-users,Yes
clockwork-tools-stash-administrators,No
clockwork-tools-stash-developers,No
cloud-adoption-stash-administrators,Yes
cloud-adoption-stash-developers,Yes
cmfcb-stash-administrators,Yes
cmfcb-stash-developers,Yes
cm-fintech-api-stash-administrators,Yes
cm-fintech-api-stash-developers,Yes
cms-stash-administrators,Yes
cms-stash-developers,Yes
cms-stash-users,No
cmst-stash-administrators,Yes
cmst-stash-developers,Yes
cnms-stash-administrators,Yes
cnms-stash-developers,Yes
cntda-stash-administrators,Yes
cntda-stash-developers,Yes
cob-stash-administrators,Yes
cob-stash-developers,Yes
cob-stash-users,Yes
collateralit-stash-administrators,No
collateralit-stash-developers,No
collateral-margin-stash-administrators,Yes
collateral-margin-stash-developers,Yes
col-marg-stash-administrators,Yes
col-marg-stash-developers,Yes
commercial-stash-administrators,No
commercial-stash-developers,No
commoditytech-stash-administrators,No
commoditytech-stash-developers,No
comms-hub-stash-administrators,Yes
comms-hub-stash-developers,Yes
cop-stash-administrators,Yes
cop-stash-developers,Yes
core-charges-fcbmod-stash-administrators,Yes
core-charges-fcbmod-stash-developers,Yes
core-charges-fcbmod-stash-users,No
core-customer-stash-administrators,Yes
core-customer-stash-developers,Yes
core-payments-platform-stash-administrators,Yes
core-payments-platform-stash-developers,Yes
coutts-pass-stash-administrators,Yes
coutts-pass-stash-developers,Yes
cp-acd-stash-administrators,Yes
cp-acd-stash-developers,Yes
cpb-access-direct-stash-administrators,No
cpb-access-direct-stash-developers,No
cpb-bp-stash-administrators,Yes
cpb-bp-stash-developers,Yes
cpb-business-stash-administrators,No
cpb-business-stash-developers,No
cpb-cct-bankline-stash-administrators,Yes
cpb-cct-bankline-stash-developers,Yes
cpb-crm-stash-administrators,Yes
cpb-crm-stash-developers,Yes
cpb-ctm-stash-administrators,Yes
cpb-ctm-stash-developers,Yes
cpb-da-nppmi-stash-administrators,Yes
cpb-da-nppmi-stash-developers,Yes
cpb-dd-cs-stash-administrators,Yes
cpb-dd-cs-stash-developers,Yes
cpb-devops-stash-administrators,No
cpb-devops-stash-developers,No
cpb-dgtl-stash-administrators,Yes
cpb-dgtl-stash-developers,Yes
cpb-dgtl-tech-innovation-stash-administrators,Yes
cpb-dgtl-tech-innovation-stash-developers,Yes
cpb-dgtl-tech-innovation-stash-users,No
cpb-dgtl-vanquish-stash-administrators,Yes
cpb-dgtl-vanquish-stash-developers,Yes
cpb-ds-stash-administrators,Yes
cpb-ds-stash-developers,Yes
cpbeds-stash-administrators,Yes
cpbeds-stash-developers,Yes
cpb-feature-team-stash-administrators,No
cpb-feature-team-stash-developers,No
cpb-fin-stash-administrators,No
cpb-fin-stash-developers,No
cpb-lending-stash-administrators,Yes
cpb-lending-stash-developers,Yes
cpb-manmp-stash-administrators,Yes
cpb-manmp-stash-developers,Yes
cpb-nrp-stash-administrators,Yes
cpb-nrp-stash-developers,Yes
cpb-ocr-platform-stash-administrators,Yes
cpb-ocr-platform-stash-developers,Yes
cpb-peachtree-stash-administrators,Yes
cpb-peachtree-stash-developers,Yes
cpb-ppu-stash-administrators,Yes
cpb-ppu-stash-developers,Yes
cpb-products-stash-administrators,Yes
cpb-products-stash-developers,Yes
cpb-rpa-stash-administrators,Yes
cpb-rpa-stash-developers,Yes
cpb-rpa-stash-users,No
cpb-sm-stash-administrators,Yes
cpb-sm-stash-developers,Yes
cpb-solutions-lab-stash-administrators,No
cpb-solutions-lab-stash-developers,No
cpb-spe-stash-administrators,Yes
cpb-spe-stash-developers,Yes
cpb-spe-stash-users,No
cpb-tdpe-stash-administrators,Yes
cpb-tdpe-stash-developers,Yes
cpb-tech-bd-stash-administrators,Yes
cpb-tech-bd-stash-developers,Yes
cpb-tech-qaps-stash-administrators,Yes
cpb-tech-qaps-stash-developers,Yes
cpb-tech-qa-stash-administrators,Yes
cpb-tech-qa-stash-developers,Yes
cpb-tio-stash-administrators,Yes
cpb-tio-stash-developers,Yes
cpb-tv-stash-administrators,Yes
cpb-tv-stash-developers,Yes
cpb-wc-ts-stash-administrators,Yes
cpb-wc-ts-stash-developers,Yes
cpp-propa-stash-administrators,Yes
cpp-propa-stash-developers,Yes
cprd-stash-administrators,Yes
cprd-stash-developers,Yes
cps-fps-connex-stash-administrators,Yes
cps-fps-connex-stash-developers,Yes
cp-stash-administrators,Yes
cp-stash-developers,Yes
crar-update-stash-administrators,Yes
crar-update-stash-developers,Yes
creditmkttech-stash-administrators,Yes
creditmkttech-stash-developers,Yes
credit-model-stash-administrators,Yes
credit-model-stash-developers,Yes
credit-model-stash-project-managers,No
credit-model-stash-users,No
credit-stash-administrators,Yes
credit-stash-developers,Yes
cremant-stash-administrators,Yes
cremant-stash-developers,Yes
cremant-stash-users,No
creot-glacier-stash-administrators,Yes
creot-glacier-stash-developers,Yes
crm-stash-administrators,Yes
crm-stash-developers,Yes
crm-stash-users,No
croda-stash-administrators,Yes
croda-stash-developers,Yes
crs-powercurve-stash-administrators,Yes
crs-powercurve-stash-developers,Yes
cr-stash-administrators,Yes
cr-stash-developers,Yes
crs-ta-stash-administrators,Yes
crs-ta-stash-developers,Yes
crs-ta-stash-users,No
csm-stash-administrators,Yes
csm-stash-developers,Yes
csp-icc-stash-administrators,No
csp-icc-stash-developers,No
csp-reg-stash-administrators,No
csp-reg-stash-developers,No
cs-stash-administrators,Yes
cs-stash-developers,Yes
cst-offauto-stash-administrators,Yes
cst-offauto-stash-developers,Yes
ctb-ifrs-stash-administrators,Yes
ctb-ifrs-stash-developers,Yes
cto-ctr-stash-administrators,Yes
cto-ctr-stash-developers,Yes
cto-ldcr-stash-administrators,Yes
cto-ldcr-stash-developers,Yes
ctom-stash-administrators,No
ctom-stash-developers,No
currencyfin-stash-administrators,Yes
currencyfin-stash-developers,Yes
customer-contact-stash-administrators,Yes
customer-contact-stash-developers,Yes
cws-stash-administrators,No
cws-stash-developers,No
da-cpb-dmh-stash-administrators,Yes
da-cpb-dmh-stash-developers,Yes
da-debau-stash-administrators,Yes
da-debau-stash-developers,Yes
daft-stash-administrators,Yes
daft-stash-developers,Yes
da-ile-stash-administrators,No
da-ile-stash-developers,No
da-innovation-stash-administrators,No
da-innovation-stash-developers,No
dali-stash-administrators,Yes
dali-stash-developers,Yes
dal-stash-administrators,Yes
dal-stash-developers,Yes
da-pbb-ccf-stash-administrators,Yes
da-pbb-ccf-stash-developers,Yes
da-pb-stash-administrators,Yes
da-pb-stash-developers,Yes
da-project-stash-administrators,Yes
da-project-stash-developers,Yes
dart-stash-administrators,No
dart-stash-developers,No
da-supp-hub-stash-administrators,No
da-supp-hub-stash-developers,No
data-analytics-stash-administrators,Yes
data-analytics-stash-developers,Yes
data-analytics-stash-users,Yes
datafb-stash-administrators,Yes
datafb-stash-developers,Yes
data-solutions-stash-administrators,Yes
data-solutions-stash-developers,Yes
da-uba-stash-administrators,Yes
da-uba-stash-developers,Yes
da-voc-stash-administrators,Yes
da-voc-stash-developers,Yes
da-wm-stash-administrators,No
da-wm-stash-developers,No
db-ecr-stash-administrators,No
db-ecr-stash-developers,No
dbengineering-stash-administrators,Yes
dbengineering-stash-developers,Yes
db-two-team-stash-administrators,Yes
db-two-team-stash-developers,Yes
dcdp-stash-administrators,Yes
dcdp-stash-developers,Yes
dcoe-stab-stash-administrator,Yes
dcoe-stab-stash-developers,Yes
dep-stash-administrators,Yes
dep-stash-developers,Yes
desapi-stash-administrators,Yes
desapi-stash-developers,Yes
desapi-stash-users,Yes
des-cie-stash-administrators,Yes
des-cie-stash-developers,Yes
des-da-tpi-stash-administrators,Yes
des-da-tpi-stash-developers,Yes
des-ecm-stash-administrators,Yes
des-ecm-stash-developers,Yes
des-mango-db-engg-stash-administrators,Yes
des-mango-db-engg-stash-developers,Yes
des-sqat-stash-administrators,Yes
des-sqat-stash-developers,Yes
dess-stash-administrators,Yes
dess-stash-developers,Yes
de-stash-administrators,Yes
de-stash-developers,Yes
des-tooling-stash-administrators,Yes
des-tooling-stash-developers,Yes
devops-am-stash-administrators,Yes
devops-am-stash-developers,Yes
devops-coe-stash-administrators,Yes
devops-coe-stash-developers,Yes
diary-stash-administrators,Yes
diary-stash-developers,Yes
di-devops-stash-administrators,Yes
di-devops-stash-developers,Yes
digital-eca-stash-administrators,Yes
digital-eca-stash-developers,Yes
digital-office-mob-stash-administrators,Yes
digital-office-mob-stash-developers,Yes
dii-stash-administrators,No
dii-stash-developers,No
di-stash-administrators,Yes
di-stash-developers,Yes
diwg-stash-administrators,Yes
diwg-stash-developers,Yes
diwg-stash-users,No
dmh-stash-administrators,Yes
dmh-stash-developers,Yes
dms-stash-administrators,Yes
dms-stash-developers,Yes
dmtpe-stash-administrators,Yes
dmtpe-stash-developers,Yes
dpa-des-acc-stash-administrators,Yes
dpa-des-acc-stash-developers,Yes
dpd-stash-administrators,Yes
dpd-stash-developers,Yes
dps-replatform-stash-administrators,Yes
dps-replatform-stash-developers,Yes
drem-stash-administrators,Yes
drem-stash-developers,Yes
drem-stash-users,Yes
drm-stash-administrators,Yes
drm-stash-developers,Yes
drts-stash-administrators,Yes
drts-stash-developers,Yes
dsengg-stash-administrators,Yes
dsengg-stash-developers,Yes
dse-stash-administrators,No
dse-stash-developers,Yes
dssse-stash-administrators,Yes
dssse-stash-developers,Yes
dts-poc-stash-administrators,Yes
dts-poc-stash-developers,Yes
dts-stash-administrators,No
dts-stash-developers,Yes
dts-stash-users,Yes
dtt-stash-administrators,No
dtt-stash-developers,No
dws-stash-administrators,Yes
dws-stash-developers,Yes
dws-stash-users,No
dx-apm-stash-administrators,No
dx-apm-stash-developers,No
eas-raw-stash-administrators,No
eas-raw-stash-developers,No
eb-smb-stash-administrators,Yes
eb-smb-stash-developers,Yes
ecm-projects-stash-administrators,Yes
ecm-projects-stash-developers,Yes
ecom-infraprj-stash-administrators,Yes
ecom-infraprj-stash-developers,Yes
ecom-infraprj-stash-users,Yes
edc-payments-stash-administrators,Yes
edc-payments-stash-developers,Yes
edwi-stash-administrators,Yes
edwi-stash-developers,Yes
ee-cc-stash-administrators,Yes
ee-cc-stash-developers,Yes
eep-assignments-stash-administrators,Yes
eep-assignments-stash-developers,Yes
eexlrelease-stash-administrators,Yes
eexlrelease-stash-developers,Yes
eflex-stash-administrators,Yes
eflex-stash-developers,Yes
eforms-stash-administrators,Yes
eforms-stash-developers,Yes
eforward-auto-stash-administrators,Yes
eforward-auto-stash-developers,Yes
efx-quants-algo-stash-administrators,No
efx-quants-algo-stash-developers,No
efx-quants-algo-stash-users,No
emiddle-tier-stash-administrators,Yes
emiddle-tier-stash-developers,Yes
emiddle-tier-stash-users,Yes
endevor-supp-stash-administrators,No
endevor-supp-stash-developers,No
eng-dp-ft1-stash-administrators,No
eng-dp-ft1-stash-developers,No
ent-arch-stash-administrators,Yes
ent-arch-stash-developers,Yes
enterprise-data-hub-stash-administrators,Yes
enterprise-data-hub-stash-developers,Yes
enterprise-data-hub-stash-users,Yes
enterprisewide-onboarding-stash-administrators,Yes
enterprisewide-onboarding-stash-developers,Yes
ent-stash-administrators,Yes
ent-stash-developers,Yes
eobao-stash-administrators,No
eobao-stash-developers,No
ep-citrix-srv-stash-administrators,Yes
ep-citrix-srv-stash-developers,Yes
epe-stash-administrators,No
epe-stash-developers,No
epm-stash-administrators,Yes
epm-stash-developers,No
eqd-stash-administrators,No
eqd-stash-developers,No
eq-stash-administrators,Yes
eq-stash-developers,Yes
eq-stash-users,Yes
es-cr-npb-stash-administrators,Yes
es-cr-npb-stash-developers,Yes
esdml-stash-administrators,Yes
esdml-stash-developers,Yes
es-eba-rdod-stash-administrators,Yes
es-eba-rdod-stash-developers,Yes
es-hr-workday-stash-administrators,Yes
es-hr-workday-stash-developers,Yes
es-iad-stash-administrators,Yes
es-iad-stash-developers,Yes
esign-coe-stash-administrators,No
esign-coe-stash-developers,No
esle-stash-administrators,Yes
esle-stash-developers,Yes
esm-eng-stash-administrators,No
esm-eng-stash-developers,No
esm-stash-administrators,Yes
esm-stash-developers,Yes
esm-stash-users,No
esp-env-stash-administrators,No
esp-env-stash-developers,No
es-rtdc-stash-administrators,No
es-rtdc-stash-developers,No
estdw-stash-administrators,Yes
estdw-stash-developers,Yes
euda-stash-administrators,Yes
euda-stash-developers,Yes
euro-debit-stash-administrators,Yes
euro-debit-stash-developers,Yes
fadt-stash-administrators,Yes
fadt-stash-developers,Yes
fatca-crs-stash-administrators,No
fatca-crs-stash-developers,No
fct-anvil-stash-administrators,No
fct-anvil-stash-developers,No
fdm-stash-administrators,Yes
fdm-stash-developers,Yes
fenergo-stash-administrators,Yes
fenergo-stash-developers,Yes
fidplat-stash-administrators,Yes
fidplat-stash-developers,Yes
fidplat-stash-users,No
fin-off-host-stash-administrators,Yes
fin-off-host-stash-developers,Yes
fin-risk-anal-stash-administrators,Yes
fin-risk-anal-stash-developers,Yes
fin-risk-anal-stash-project-managers,No
fin-risk-anal-stash-testers,No
fin-risk-anal-stash-users,No
fin-risk-analytics-stash-administrators,Yes
fin-risk-analytics-stash-developers,Yes
fin-risk-analytics-stash-users,No
fin-rpa-auto-stash-administrators,Yes
fin-rpa-auto-stash-developers,Yes
fin-tech-rtd-stash-administrators,Yes
fin-tech-rtd-stash-developers,Yes
fin-tech-stash-administrators,Yes
fin-tech-stash-developers,Yes
fin-tech-stash-users,No
fire-stash-administrators,Yes
fire-stash-developers,Yes
fire-stash-users,No
first-stash-administrators,Yes
first-stash-developers,Yes
fi-trad-att-stash-administrators,Yes
fi-trad-att-stash-developers,Yes
flow-stash-administrators,No
flow-stash-developers,No
fluid-stash-administrators,Yes
forest-stash-administrators,Yes
forest-stash-developers,Yes
foundry-stash-administrators,Yes
foundry-stash-developers,Yes
foundry-stash-users,No
fp-stash-administrators,Yes
fp-stash-developers,Yes
fra-ce-stash-administrators,Yes
fra-ce-stash-developers,Yes
fra-rmi-stash-administrators,Yes
fra-rmi-stash-developers,Yes
fra-stash-administrators,Yes
fra-stash-developers,Yes
fraud-stash-administrators,No
fraud-stash-developers,No
frontier-stash-administrators,Yes
frontier-stash-developers,Yes
front-officebi-stash-administrators,Yes
front-officebi-stash-developers,Yes
front-officebi-stash-users,No
frtb-ima-stash-administrators,Yes
frtb-ima-stash-developers,Yes
frtb-stash-administrators,No
frtb-stash-developers,No
fs-aas-stash-administrators,Yes
fs-aas-stash-developers,Yes
fsairr-stash-administrators,No
fsairr-stash-developers,No
fs-aml-bau-stash-administrators,No
fs-aml-bau-stash-developers,Yes
fs-aml-gk3-rpl-stash-administrators,Yes
fs-aml-gk3-rpl-stash-developers,Yes
fsa-stash-administrators,Yes
fsa-stash-developers,Yes
fs-axion-stash-administrators,No
fs-axion-stash-developers,No
fs-hr-stash-administrators,No
fs-hr-stash-developers,No
fs-isrt-stash-administrators,Yes
fs-isrt-stash-developers,Yes
fs-ledger-stash-administrators,Yes
fs-ledger-stash-developers,Yes
fs-liq-tab-stash-administrators,Yes
fs-liq-tab-stash-developers,Yes
fsl-stash-administrators,No
fsl-stash-developers,No
fsl-stash-users,No
fs-pbta-stash-administrators,No
fs-pbta-stash-developers,No
fs-src-stash-administrators,Yes
fs-src-stash-developers,Yes
fs-ss-pimms-stash-administrators,Yes
fs-ss-pimms-stash-developers,Yes
fs-ss-pimms-stash-users,No
fs-trs-stash-administrators,Yes
fs-trs-stash-developers,Yes
fst-tms-stash-administrators,Yes
fst-tms-stash-developers,Yes
fs-ulster-euda-stash-administrators,Yes
fs-ulster-euda-stash-developers,Yes
fs-wirm-stash-administrators,Yes
fs-wirm-stash-developers,Yes
ftaom-stash-administrators,Yes
ftaom-stash-developers,Yes
ft-fst-stash-administrators,Yes
ft-fst-stash-developers,Yes
ftm-stash-administrators,Yes
ftm-stash-developers,Yes
ftm-stash-users,Yes
ftm-tableau-stash-administrators,Yes
ftm-tableau-stash-developers,Yes
ft-rtb-stash-administrators,Yes
ft-rtb-stash-developers,Yes
ftt-stash-administrators,Yes
ftt-stash-developers,Yes
future-cm-stash-administrators,Yes
future-cm-stash-developers,Yes
fx-csa-stash-administrators,Yes
fx-csa-stash-developers,Yes
fx-em-stash-administrators,No
fx-em-stash-developers,No
fxh-stash-administrators,Yes
fxh-stash-developers,Yes
fxh-stash-users,No
fxmm-operationsmi-stash-administrators,Yes
fxmm-operationsmi-stash-developers,Yes
fxquant-stash-administrators,Yes
fxquant-stash-developers,Yes
fx-stash-administrators,Yes
fx-stash-developers,Yes
fx-wall-street-stash-administrators,Yes
fx-wall-street-stash-developers,Yes
gas-stash-administrators,Yes
gas-stash-developers,Yes
gcs-stash-administrators,Yes
gcs-stash-developers,Yes
gct-stash-administrators,Yes
gct-stash-developers,Yes
gei-stash-administrators,No
gei-stash-developers,No
gel-stash-administrators,No
gel-stash-developers,No
ghe-test-stash-administrators,Yes
ghe-test-stash-developers,Yes
gisec-stash-administrators,Yes
gisec-stash-developers,Yes
glad-stash-administrators,Yes
glad-stash-developers,Yes
gl-port-stash-administrators,Yes
gl-port-stash-developers,Yes
gmh-stash-administrators,Yes
gmh-stash-developers,Yes
gms-core-stash-administrators,Yes
gms-core-stash-developers,Yes
gms-stash-administrators,Yes
gms-stash-developers,Yes
goldrsh-stash-administrators,Yes
goldrsh-stash-developers,Yes
grgch-raddev-stash-administrators,Yes
grgch-raddev-stash-developers,Yes
group-treasury-stash-administrators,Yes
group-treasury-stash-developers,Yes
gts-pipeline-stash-administrators,No
gts-pipeline-stash-developers,No
gt-stash-administrators,No
gt-stash-developers,No
hedge-acc-stash-administrators,Yes
hedge-acc-stash-developers,Yes
hft-stash-administrators,Yes
hft-stash-developers,Yes
hgl-stash-administrators,Yes
hgl-stash-developers,Yes
hifi-pfm-stash-administrators,No
hifi-pfm-stash-developers,No
homflx-dev-stash-administrators,Yes
homflx-dev-stash-developers,Yes
hosting-stash-administrators,Yes
hosting-stash-developers,Yes
hpc-stash-administrators,Yes
hpc-stash-developers,Yes
hr-projects-processes-stash-administrators,No
hr-projects-processes-stash-developers,No
hrta-stash-administrators,Yes
hrta-stash-developers,Yes
hs-as-hvp-stash-administrators,No
hs-as-hvp-stash-developers,No
hs-sbe-stash-administrators,Yes
hs-sbe-stash-developers,Yes
hs-ws-stash-administrators,No
hs-ws-stash-developers,No
iam-stash-developers,Yes
identification-aan-stash-administrators,Yes
identification-aan-stash-developers,Yes
ignite-developers,No
ignite-equities-stash-administrators,Yes
ignite-equities-stash-developers,Yes
iibmq-project-stash-administrators,No
iibmq-project-stash-developers,No
infosec-stash-administrators,No
infosec-stash-developers,No
intellisuite-app-support-stash-administrators,Yes
intellisuite-app-support-stash-developers,Yes
internal-audit-stash-administrators,Yes
internal-audit-stash-developers,Yes
internal-opensource-users,Yes
ircp-dcrm-stash-administrators,Yes
ircp-dcrm-stash-developers,Yes
ird-stash-administrators,Yes
ird-stash-developers,Yes
ir-exotics-hybrids-stash-administrators,No
ir-exotics-hybrids-stash-developers,No
irm-gdpr-stash-administrators,No
irm-gdpr-stash-developers,No
is-abm-stash-administrators,Yes
is-abm-stash-developers,Yes
isol-stash-administrators,Yes
isol-stash-developers,Yes
isvp-stash-administrators,Yes
isvp-stash-developers,Yes
itoperations-devpl-stash-administrators,No
itoperations-devpl-stash-developers,No
it-ops-app-stash-administrators,No
it-ops-app-stash-developers,No
it-ops-app-stash-users,No
ival-cmc-stash-administrators,Yes
ival-cmc-stash-developers,Yes
javmw-project-stash-administrators,Yes
javmw-project-stash-developers,Yes
jedi-stash-administrators,Yes
jedi-stash-developers,Yes
jedi-stash-users,Yes
jet9-stash-administrators,Yes
jet9-stash-developers,Yes
jet9-stash-users,Yes
kdb-stash-administrators,No
kdb-stash-developers,No
kdb-stash-users,No
larry-stash-administrators,Yes
larry-stash-developers,Yes
lending-post-credit-stash-administrators,Yes
lending-post-credit-stash-developers,Yes
license-management-stash-administrators,Yes
license-management-stash-developers,Yes
liq-stash-administrators,Yes
liq-stash-developers,Yes
loft-liq-stash-administrators,Yes
loft-liq-stash-developers,Yes
loft-liq-stash-users,Yes
lombard-p162-stash-administrators,Yes
lombard-p162-stash-developers,Yes
lombard-stash-administrators,Yes
lombard-stash-developers,Yes
lombard-stash-users,Yes
lps-stash-administrators,Yes
lps-stash-developers,Yes
lsp-stash-administrators,Yes
lsp-stash-developers,Yes
marketrisk-na-stash-administrators,No
marketrisk-na-stash-developers,No
marketrisk-stash-administrators,Yes
marketrisk-stash-developers,Yes
marketrisk-stash-users,No
mars-stash-administrators,No
mars-stash-developers,No
mart-stash-administrators,No
mart-stash-developers,No
mcc-bpm-stash-administrators,Yes
mcc-bpm-stash-developers,Yes
mct-stash-administrators,Yes
mct-stash-developers,Yes
mct-stash-users,Yes
mcvt-stash-administrators,Yes
mcvt-stash-developers,Yes
mdapi-stash-administrators,Yes
mdapi-stash-developers,Yes
mda-stash-administrators,No
mda-stash-developers,No
mdt-stash-administrators,Yes
mdt-stash-developers,Yes
me-stash-administrators,No
me-stash-developers,No
mets-stash-administrators,Yes
mets-stash-developers,Yes
microrates-stash-administrators,Yes
microrates-stash-developers,Yes
microrates-stash-users,Yes
midj-stash-administrators,Yes
midj-stash-developers,Yes
mifid2-stash-administrator,No
mifid2-stash-developers,No
mi-franchise-stash-administrators,Yes
mi-franchise-stash-developers,Yes
mir-stash-administrators,Yes
mir-stash-developers,Yes
mival-stash-administrators,Yes
mival-stash-developers,Yes
mival-stash-users,Yes
mizen-stash-administrators,Yes
mizen-stash-developers,Yes
mktops-stash-administrators,Yes
mktops-stash-developers,Yes
mob-bank-stash-administrators,Yes
mob-bank-stash-developers,Yes
mobius-stash-administrators,Yes
mobius-stash-developers,Yes
mosaic-stash-administrators,Yes
mosaic-stash-developers,Yes
mpas-stash-administrators,Yes
mpas-stash-developers,Yes
mrcadd-stash-administrators,Yes
mrcadd-stash-developers,Yes
mr-control-stash-administrators,No
mr-control-stash-developers,No
mr-fnfmr-stash-administrators,No
mr-fnfmr-stash-developers,No
mr-wr-stash-administrators,Yes
mr-wr-stash-developers,Yes
mrx-prod-stash-administrators,Yes
mrx-prod-stash-developers,Yes
mrx-prod-stash-users,No
mrx-stash-administrators,Yes
mrx-stash-developers,Yes
mrx-stash-users,No
msgng-middleware-mq-stash-administrators,Yes
msgng-middleware-mq-stash-developers,Yes
msgng-middleware-stash-administrators,Yes
msgng-middleware-stash-developers,Yes
msg-stash-administrators,Yes
msg-stash-developers,Yes
mw-app-stash-administrators,No
mw-app-stash-developers,No
mybank-stash-administrators,Yes
mybank-stash-developers,Yes
mybank-stash-users,Yes
mybenv-stash-administrators,Yes
mybenv-stash-developers,Yes
mybenv-stash-users,Yes
nc-stash-administrators,No
nc-stash-developers,No
nexus2-stash-administrators,Yes
nexus2-stash-developers,Yes
nfr-reporting-stash-administrators,Yes
nfr-reporting-stash-developers,Yes
nfr-surveillance-stash-administrators,Yes
nfr-surveillance-stash-developers,Yes
nm-emp-wb-stash-administrators,Yes
nm-emp-wb-stash-developers,Yes
nm-pl-stash-administrators,Yes
nm-pl-stash-developers,Yes
ns-pdn-stash-administrators,Yes
ns-pdn-stash-developers,Yes
nw-frs-quants-stash-administrators,Yes
nw-frs-quants-stash-developers,Yes
nwm-acap-stash-administrators,Yes
nwm-acap-stash-developers,Yes
nwm-bri-stash-administrators,Yes
nwm-bri-stash-developers,Yes
nwm-cloud-stash-administrators,Yes
nwm-cloud-stash-developers,Yes
nwm-ct-guild-stash-administrators,Yes
nwm-ct-guild-stash-developers,Yes
nwm-dmo-data-stash-administrators,Yes
nwm-dmo-data-stash-developers,Yes
nwm-ea-developers,No
nwm-ea-stash-administrators,No
nwm-efxq-stash-administrators,Yes
nwm-efxq-stash-developers,Yes
nwm-fiss-stash-administrators,Yes
nwm-fiss-stash-developers,No
nwm-flst-stash-administrators,Yes
nwm-flst-stash-developers,Yes
nwm-fnrs-cra-stash-administrators,Yes
nwm-fnrs-cra-stash-developers,Yes
nwm-hub-stash-administrators,Yes
nwm-hub-stash-developers,Yes
nwm-interns-stash-administrators,Yes
nwm-plat-engg-stash-administrators,Yes
nwm-plat-engg-stash-developers,Yes
nwm-risk-stash-administrators,Yes
nwm-risk-stash-developers,Yes
nwm-rpa-stash-administrators,Yes
nwm-rpa-stash-developers,Yes
nwm-shared-stash-administrators,No
nwm-shared-stash-developers,No
nwm-stt-stash-administrators,Yes
nwm-stt-stash-developers,Yes
nwm-tech-risk-ctl-stash-administrators,Yes
nwm-tech-risk-ctl-stash-developers,Yes
nwmt-rpa-stash-administrators,Yes
nwmt-rpa-stash-developers,Yes
nwm-txnmon-stash-administrators,Yes
nwm-txnmon-stash-developers,Yes
nwm-us-finance-stash-administrators,Yes
nwm-us-finance-stash-developers,Yes
obccc-stash-administrators,Yes
obccc-stash-developers,Yes
obccc-stash-users,Yes
obiee-stash-administrators,Yes
obiee-stash-developers,Yes
ob-stash-administrators,Yes
ob-stash-developers,Yes
ob-stash-users,Yes
ocnp-stash-administrators,Yes
ocnp-stash-developers,Yes
odc-stash-administrators,Yes
odc-stash-developers,Yes
odc-stash-users,No
odc-tdx-stash-administrators,Yes
odc-tdx-stash-developers,Yes
operational-tax-programme-stash-administrators,No
operational-tax-programme-stash-developers,No
optech-tokyo-stash-administrators,Yes
optech-tokyo-stash-developers,No
oss-stash-administrators,No
oss-stash-developers,No
otp-stash-administrators,No
otp-stash-developers,No
pad-stash-administrators,Yes
pad-stash-developers,Yes
payment-ms-stash-administrators,Yes
payment-ms-stash-developers,Yes
payments-bacs-udl-stash-administrators,Yes
payments-data-stash-administrators,Yes
payments-data-stash-developers,Yes
payments-pims-stash-administrators,Yes
payments-pims-stash-developers,Yes
payments-ptp-stash-administrators,Yes
payments-ptp-stash-developers,Yes
payments-sepa-stash-administrators,Yes
payments-sepa-stash-developers,Yes
payments-sepa-stash-users,No
payments-stash-administrators,Yes
payments-stash-developers,Yes
payments-stash-users,Yes
payments-swift-fa-stash-administrators,No
payments-swift-fa-stash-developers,No
pbb-atm-sol-stash-administrators,Yes
pbb-atm-sol-stash-developers,Yes
pbb-bb-test-coe-central-stash-administrators,Yes
pbb-bb-test-coe-central-stash-developers,Yes
pbb-bpm-stash-administrators,Yes
pbb-bpm-stash-developers,Yes
pbb-br-stash-administrators,Yes
pbb-br-stash-developers,Yes
pbb-cc-stash-administrators,Yes
pbb-cc-stash-developers,Yes
pbb-cde-ffd-stash-administrators,No
pbb-cde-ffd-stash-developers,No
pbb-data-quality-stash-administrators,Yes
pbb-data-quality-stash-developers,Yes
pbb-dgtl-horizon-stash-administrators,Yes
pbb-dgtl-horizon-stash-developers,Yes
pbb-dgtl-mcs-stash-administrators,No
pbb-dgtl-mcs-stash-developers,No
pbb-dgtl-stash-administrators,Yes
pbb-dgtl-stash-developers,Yes
pbb-dhb-stash-administrators,Yes
pbb-dhb-stash-developers,Yes
pbb-dhb-stash-users,Yes
pbb-digital-ebanking-stash-administrators,Yes
pbb-digital-ebanking-stash-developers,Yes
pbb-dii-stash-administrators,Yes
pbb-dii-stash-developers,Yes
pbb-dmtp-stash-administrators,Yes
pbb-dmtp-stash-developers,Yes
pbb-edb-stash-administrators,Yes
pbb-edb-stash-developers,Yes
pbb-gms-ai-stash-administrators,Yes
pbb-gms-ai-stash-developers,Yes
pbb-hbo-sp-stash-administrators,Yes
pbb-hbo-sp-stash-developers,Yes
pbb-intl-auto-rtb-stash-administrators,No
pbb-intl-auto-rtb-stash-developers,No
pbb-intl-auto-stash-administrators,Yes
pbb-intl-auto-stash-developers,Yes
pbb-mcp-stash-administrators,No
pbb-mcp-stash-developers,No
pbb-mi-sdd-stash-administrators,No
pbb-mi-sdd-stash-developers,No
pbb-mmd-stash-administrators,Yes
pbb-mmd-stash-developers,Yes
pbb-mmd-stash-users,No
pbb-mmm-stash-administrators,Yes
pbb-mmm-stash-developers,Yes
pbb-mobile-stash-administrators,Yes
pbb-mobile-stash-developers,Yes
pbb-mob-plat-mimo-stash-administrators,Yes
pbb-mob-plat-mimo-stash-developers,Yes
pbb-mort-sp-stash-administrators,Yes
pbb-mort-sp-stash-developers,Yes
pbb-olaf-stash-administrators,Yes
pbb-olaf-stash-developers,Yes
pbb-ops-tech-stash-administrators,Yes
pbb-ops-tech-stash-developers,Yes
pbb-ops-tech-stash-users,No
pbb-pat-stash-administrators,Yes
pbb-pat-stash-developers,Yes
pbb-pd-csa-serv-stash-administrators,No
pbb-pd-csa-serv-stash-developers,No
pbb-pdd-stash-administrators,Yes
pbb-pdd-stash-developers,Yes
pbb-rcr-stash-administrators,Yes
pbb-rcr-stash-developers,Yes
pbb-remediation-analytics-stash-administrators,Yes
pbb-remediation-analytics-stash-developers,Yes
pbb-sao-bpm-stash-administrators,Yes
pbb-sao-bpm-stash-developers,Yes
pbb-sao-stash-administrators,Yes
pbb-sao-stash-developers,Yes
pbb-tech-cct-stash-administrators,Yes
pbb-tech-cct-stash-developers,Yes
pbb-techone-stash-administrators,Yes
pbb-techone-stash-developers,Yes
pbb-tech-rpa-stash-administrators,Yes
pbb-tech-ta-stash-administrators,Yes
pbb-tech-ta-stash-developers,Yes
pbb-tele-ivr-stash-administrators,Yes
pbb-tele-ivr-stash-developers,Yes
pbb-telephony-stash-administrators,Yes
pbb-telephony-stash-developers,Yes
pbb-ul-stash-administrators,Yes
pbb-ul-stash-developers,No
pbb-vicmobile-stash-administrators,Yes
pbb-vicmobile-stash-developers,Yes
pbb-wxp-stash-administrators,Yes
pbb-wxp-stash-developers,Yes
pb-ciq-stash-administrators,Yes
pb-ciq-stash-developers,Yes
pbcs-stash-administrators,Yes
pbcs-stash-developers,Yes
pbil-stash-administrators,Yes
pbil-stash-developers,Yes
pb-vb-stash-administrators,Yes
pb-vb-stash-developers,Yes
pcfdeploy-stash-administrators,No
pcfdeploy-stash-developer,No
pc-qa-stash-administrators,No
pc-qa-stash-developers,No
pdqr-stash-administrators,No
pdqr-stash-developers,No
pd-test-coe-stash-administrators,No
pd-test-coe-stash-developers,No
peak-research-stash-administrators,Yes
peak-research-stash-developers,Yes
peak-stash-administrators,Yes
peak-stash-developers,Yes
peak-stash-users,No
pel-stash-administrators,No
pel-stash-developers,No
pgur-stash-administrators,Yes
pgur-stash-developers,Yes
picaddly-stash-administrators,Yes
picaddly-stash-developers,Yes
potter-stash-administrators,Yes
potter-stash-developers,Yes
ppi-remediation-d&a-stash-administrators,Yes
ppi-remediation-d&a-stash-developers,Yes
prda-stash-administrators,Yes
prda-stash-developers,Yes
prism-cradle-stash-developers,No
prism-stash-administrators,Yes
prism-stash-developers,Yes
prs-stash-administrators,Yes
prs-stash-developers,Yes
psda-npa-stash-administrators,No
psda-npa-stash-developers,No
psv-stash-administrators,No
psv-stash-developers,No
ptp-pmi-stash-administrators,Yes
ptp-pmi-stash-developers,Yes
ptp-sepa-instant-stash-administrators,Yes
ptp-sepa-instant-stash-developers,Yes
pvt-cloud-stash-administrators,No
pvt-cloud-stash-developers,No
pymt-srv-csl-stash-administrators,No
pymt-srv-csl-stash-developers,No
quarts-stash-administrators,Yes
quarts-stash-developers,Yes
quarts-stash-users,Yes
rad-stash-administrators,Yes
rad-stash-developers,Yes
raft-abc-stash-administrators,Yes
raft-abc-stash-developers,Yes
raft-orion-stash-administrators,No
raft-orion-stash-developers,No
raft-tradesurveillance-stash-administrators,No
raft-tradesurveillance-stash-developers,No
ram-wm-stash-developers,Yes
rapp-bitb-cb-core-charges-group1-developers,No
rapp-bitb-eep-administrators,Yes
rapp-bitb-eep-developers,Yes
rapp-bitb-ewr-rcm-administrators,Yes
rapp-bitb-ewr-rcm-developers,Yes
rapp-bitb-fra-irb-administrators,Yes
rapp-bitb-fra-irb-developers,Yes
rapp-bitb-ft-fdm-administrators,Yes
rapp-bitb-ft-fdm-developers,Yes
rapp-bitb-ft-fdm-users,Yes
rapp-bitb-futures-administrators,Yes
rapp-bitb-futures-developers,Yes
rapp-bitb-futures-users,Yes
rapp-bitb-fx-administrators,No
rapp-bitb-fx-algo-administrators,No
rapp-bitb-fx-algo-developers,No
rapp-bitb-fx-developers,No
rapp-bitb-fx-users,No
rapp-bitb-ich-ciq-administrators,Yes
rapp-bitb-ich-ciq-developers,Yes
rapp-bitb-ich-ciq-users,Yes
rapp-bitb-ram-administrators,Yes
rapp-bitb-ram-developers,Yes
rapp-bitb-rhi-ram-administrators,Yes
rapp-bitb-rhi-ram-developers,Yes
rapp-bitb-rhi-ram-users,Yes
rapp-bitb-risksol-rmp-administrators,Yes
rapp-bitb-risksol-rmp-developers,Yes
rapp-bitb-risksol-rmp-users,Yes
rapp-bitb-sc-administrators,Yes
rapp-bitb-sc-developers,Yes
rapp-bitb-sc-users,Yes
rapp-bitb-soda-cmt-administrators,Yes
rapp-bitb-soda-cmt-developers,Yes
rapp-bitb-trmccr-administrators,Yes
rapp-bitb-trmccr-developers,Yes
rapp-bitb-trmccr-users,Yes
rapp-bitb-un-administrators,Yes
rapp-bitb-un-developers,Yes
rapp-bitb-un-users,Yes
rapp-bitb-win-engr-administrators,Yes
rapp-bitb-win-engr-developers,Yes
rapp-bitb-zambezi-platform-administrators,Yes
rapp-bitb-zambezi-platform-developers,Yes
rapp-bitb-zambezi-platform-users,Yes
rasr-stash-administrators,Yes
rasr-stash-developers,Yes
rates-flow-stash-administrators,No
rates-flow-stash-developers,Yes
ratesinf-stash-administrators,Yes
ratesinf-stash-developers,Yes
rates-services-stash-administrators,Yes
rates-services-stash-developers,Yes
rates-services-stash-users,No
rbam-stash-administrators,Yes
rbam-stash-developers,Yes
rbs-international-epay-stash-administrators,Yes
rbs-international-epay-stash-developers,Yes
rbsi-open-banking-stash-administrators,Yes
rbsi-open-banking-stash-developers,Yes
rcr-stash-administrators,No
rcr-stash-developers,No
rcs-stash-administrators,Yes
rcs-stash-developers,Yes
rdar-stash-administrators,No
rdar-stash-developers,No
rdp-stash-administrators,No
rdp-stash-developers,No
ref-data-stash-administrators,Yes
ref-data-stash-developers,Yes
retail-credit-stash-administrators,Yes
retail-credit-stash-developers,Yes
rfb-risk-rad-stash-administrators,Yes
rfb-risk-rad-stash-developers,Yes
rfs-wcr-mi-transform-stash-administrators,Yes
rfs-wcr-mi-transform-stash-developers,Yes
rfx-stash-administrators,Yes
rfx-stash-developers,Yes
rfx-stash-users,No
rio-bp-stash-administrators,No
rio-bp-stash-developers,No
risk-anal-irb-stash-administrators,Yes
risk-anal-irb-stash-developers,Yes
risk-anal-irb-stash-project-managers,No
risk-anal-irb-stash-testers,No
risk-anal-irb-stash-users,No
risk-bamr-stash-administrators,Yes
risk-bamr-stash-developers,Yes
risk-change-stash-administrators,No
risk-change-stash-developers,No
risk-comms-stash-administrators,No
risk-comms-stash-developers,No
risk-decision-analytics-administrators,No
risk-decision-analytics-developers,No
risk-decision-analytics-project-managers,No
risk-model-data-stash-administrators,Yes
risk-model-data-stash-developers,Yes
risk-rob-sol-stash-administrators,Yes
risk-rob-sol-stash-developers,Yes
risk-sol-ds-stash-administrators,Yes
risk-sol-ds-stash-developers,Yes
risk-sol-ds-stash-users,Yes
risk-sol-entrsk-stash-administrators,Yes
risk-sol-entrsk-stash-developers,Yes
risk-sol-frt-stash-administrators,Yes
risk-sol-frt-stash-developers,Yes
risk-sol-oprsk-stash-administrators,Yes
risk-sol-oprsk-stash-developers,Yes
risk-sol-rcr-stash-administrators,Yes
risk-sol-rcr-stash-developers,Yes
risk-sol-rp-stash-administrators,Yes
risk-sol-rp-stash-developers,Yes
risk-sol-ws-stash-administrators,Yes
risk-sol-ws-stash-developers,Yes
rmat-stash-administrators,Yes
rmat-stash-developers,Yes
rmdesktop-stash-administrators,No
rmdesktop-stash-developers,No
rmq-stash-administrators,Yes
rmq-stash-developers,Yes
root-cal-stash-administrators,No
root-cal-stash-develoeprs,No
rpa-sec-stash-administrators,Yes
rpa-sec-stash-developers,Yes
rpau-stash-administrators,Yes
rpau-stash-developers,Yes
rpau-stash-users,No
rpt-serv-stash-administrators,Yes
rpt-serv-stash-developers,Yes
rs-pbj-cder-stash-administrators,Yes
rs-pbj-cder-stash-developers,Yes
rs-pbj-stash-administrators,Yes
rs-pbj-stash-developers,Yes
rs-ss-stash-administrators,Yes
rs-ss-stash-developers,Yes
samm-stash-administrators,Yes
samm-stash-developers,Yes
sandbox-stash-administrators,No
sandbox-stash-developers,No
sandbox-stash-users,Yes
sao-stash-administrators,Yes
sao-stash-developers,Yes
sas-stash-administrators,Yes
sas-stash-developers,Yes
sasva-stash-administrators,Yes
sasva-stash-developers,No
savings-activation-stash-administrators,Yes
savings-activation-stash-developers,Yes
sce-vcg-stash-administrators,Yes
sce-vcg-stash-developers,Yes
scf-stash-administrators,Yes
scf-stash-developers,Yes
scrs-stash-administrators,No
scrs-stash-developers,No
scs-stash-administrators,Yes
scs-stash-developers,Yes
sdm-bmpe-stash-administrators,Yes
sdm-bmpe-stash-developers,Yes
sdol-stash-administrators,No
sdol-stash-developers,No
sdp-stash-administrators,Yes
sdp-stash-developers,Yes
sds-stash-administrators,Yes
sds-stash-developers,Yes
sec-fraud-sol-stash-administrators,Yes
sec-fraud-sol-stash-developers,Yes
sec-fraud-sol-stash-users,No
sec-serv-stash-administrators,No
sec-serv-stash-developers,No
sepa-automation-stash-administrators,Yes
sepa-automation-stash-developers,Yes
service-transition-stash-administrators,Yes
service-transition-stash-developers,Yes
servicing-stash-administrators,No
servicing-stash-developers,No
sfo-stash-administrators,No
sfo-stash-developers,No
sgi-stash-administrators,Yes
sgi-stash-developers,Yes
sgl-stash-administrators,No
sgl-stash-developers,No
sharepoint-stash-administrators,No
sharepoint-stash-developers,No
slx-stash-administrators,No
slx-stash-developers,No
smd-stash-administrators,Yes
smd-stash-developers,Yes
solution-finder-stash-administrators,Yes
solution-finder-stash-developers,Yes
solution-finder-stash-users,No
speed-stash-administrators,No
speed-stash-developers,No
splunk-shared-service-stash-administrators,Yes
splunk-shared-service-stash-developers,Yes
spotfire-stash-administrators,Yes
spotfire-stash-developers,Yes
srt-un-stash-administrators,No
srt-un-stash-developers,No
ss-cpb-rmel-stash-administrators,Yes
ss-cpb-rmel-stash-developers,Yes
ss-dmh-stash-administrators,Yes
ss-dmh-stash-developers,Yes
ssd-pcdt-stash-administrators,Yes
ssd-pcdt-stash-developers,Yes
ssemt-stash-administrators,Yes
ssemt-stash-developers,Yes
ss-ess-tcrm-stash-administrators,Yes
ss-ess-tcrm-stash-developers,Yes
sso-collaboration-stash-administrators,No
sso-collaboration-stash-developers,No
sso-stash-administrators,Yes
sso-stash-developers,Yes
ss-pb-stash-administrators,Yes
ss-pb-stash-developers,Yes
sste-stash-administrators,No
sste-stash-developers,No
sstlm-stash-administrators,Yes
sstlm-stash-developers,Yes
ss-vcg-stash-administrators,Yes
ss-vcg-stash-developers,Yes
starc-stash-administrators,Yes
starc-stash-developers,Yes
stash-users,No
stopit-stash-administrators,Yes
stopit-stash-developers,Yes
stopit-stash-users,Yes
st-rct-stash-administrators,Yes
st-rct-stash-developers,Yes
stress-testing-non-credit-stash-administrators,No
stress-testing-non-credit-stash-developers,Yes
stress-testing-stash-administrators,Yes
stress-testing-stash-developers,Yes
str-stash-administrators,Yes
str-stash-developers,Yes
str-stash-users,Yes
style-stash-administrators,Yes
style-stash-developers,Yes
style-stash-users,Yes
surface-stash-administrators,No
surface-stash-developers,No
tableau-control-pack-stash-administrators,Yes
tableau-control-pack-stash-developers,Yes
tableau-stash-administrators,Yes
tableau-stash-developers,Yes
tara-stash-administrators,No
tara-stash-developers,No
tardis-stash-administrators,Yes
tardis-stash-developers,Yes
taxops-tora-stash-administrators,Yes
taxops-tora-stash-developers,Yes
tbcrt-stash-administrators,Yes
tbcrt-stash-developers,Yes
tct-stash-administrators,Yes
tct-stash-developers,Yes
tds-stash-administrators,Yes
tds-stash-developers,Yes
tdw-stash-administrators,No
tdw-stash-developers,No
tdx-schema-stash-administrators,No
tech-risk-rma-stash-administrators,Yes
tech-risk-rma-stash-developers,Yes
tech-serv-datanc-stash-administrators,Yes
tech-serv-datanc-stash-developers,Yes
tech-serv-sdn-stash-administrators,Yes
tech-serv-sdn-stash-developers,Yes
tech-serv-sdn-stash-users,No
tech-serv-sec-stash-administrators,Yes
tech-serv-sec-stash-developers,Yes
tech-serv-sec-stash-users,No
tech-serv-stash-administrators,No
tech-serv-stash-developers,Yes
tech-serv-tms-stash-administrators,Yes
tech-serv-tms-stash-developers,Yes
tech-transform-its-stash-administrators,Yes
tech-transform-its-stash-developers,Yes
test-deployment-stash-administrators,Yes
test-deployment-stash-developers,Yes
tf-ds-stash-administrators,No
tf-ds-stash-developers,No
tfxrs-stash-administrators,No
tfxrs-stash-developers,No
ti-stash-administrators,No
ti-stash-developers,No
tlm-recon-stash-administrators,Yes
tlm-recon-stash-developers,Yes
tmo-trillium-stash-administrators,Yes
tmo-trillium-stash-developers,Yes
tmw-stash-administrators,Yes
tmw-stash-developers,Yes
tmw-stash-users,Yes
tooling-stash-administrators,Yes
tooling-stash-developers,Yes
tops-stash-administrators,Yes
tops-stash-developers,Yes
treasury-stash-administrators,Yes
treasury-stash-developers,Yes
treasury-stash-users,No
trtechcc-stash-administrators,Yes
trtechcc-stash-developers,Yes
tse-stash-administrators,Yes
tse-stash-developers,Yes
ts-rpa-stash-administrators,Yes
ts-rpa-stash-developers,Yes
ttr-project-stash-administrators,Yes
ttr-project-stash-developers,Yes
ttr-project-stash-users,No
tungsten-stash-administrators,Yes
tungsten-stash-developers,Yes
twof-stash-administrators,No
twof-stash-developers,No
ubcep-stash-administrators,Yes
ubcep-stash-developers,Yes
ub-innovation-stash-administrators,No
ub-innovation-stash-developers,No
ubmi-cmc-stash-administrators,Yes
ubmi-cmc-stash-developers,Yes
ulster-bank-stash-administrators,Yes
ulster-bank-stash-developers,Yes
ulster-bank-stash-users,Yes
ulster-rpa-stash-administrators,Yes
ulster-rpa-stash-developers,Yes
ultra-ptt-stash-administrators,No
ultra-ptt-stash-developers,No
unixeng-stash-administrators,Yes
unixeng-stash-developers,Yes
unix-proj-stash-administrators,Yes
unix-proj-stash-developers,Yes
ur-icarus-da-stash-administrators,Yes
ur-icarus-da-stash-developers,Yes
vantage-stash-administrators,Yes
vantage-stash-developers,Yes
ven-agg-stash-administrators,Yes
ven-agg-stash-developers,Yes
ven-agg-stash-users,Yes
ves-stash-administrators,No
ves-stash-developers,No
virtualisation-eng-iaas-stash-administrators,Yes
virtualisation-eng-iaas-stash-developers,Yes
virtualisation-eng-stash-administrators,Yes
virtualisation-eng-stash-developers,Yes
voicesurv-stash-administrators,Yes
voicesurv-stash-developers,Yes
wca-stash-administrators,No
wca-stash-developers,No
web-conc-stash-administrators,Yes
web-conc-stash-developers,Yes
web-conc-stash-users,Yes
websdk-stash-administrators,Yes
websdk-stash-developers,Yes
websdk-stash-users,Yes
windows-services-stash-administrators,Yes
windows-services-stash-developers,Yes
win-ser-comm-stash-administrators,Yes
win-ser-comm-stash-developers,Yes
wisdom-stash-administrators,Yes
wisdom-stash-developers,Yes
wisdom-stash-users,No
workplace-sc-bi-stash-administrators,Yes
workplace-sc-bi-stash-developers,Yes
wowmm-stash-administrators,Yes
wowmm-stash-developers,Yes
wss-rb-stash-administrators,Yes
wss-rb-stash-developers,Yes
ws-stash-administrators,No
ws-stash-developers,No
xprdtech-stash-administrators,Yes
xprdtech-stash-developers,Yes
your-safe-stash-administrators,Yes
your-safe-stash-developers,Yes
zambezi-stash-administrators,Yes
zambezi-stash-developers,Yes
zambezi-stash-users,Yes
zapd-stash-administrators,No
zapd-stash-developers,No
zebra-stash-administrators,Yes
zebra-stash-developers,Yes
2fa_helpdesk_stash_administrators,No
2fa_helpdesk_stash_developers,No
