project users, present in global permissions
abrians,Yes
achue,No
adamsdj,No
adamsgb,Yes
adamsjc,No
adhikm,No
adhikp,No
adhikpb,No
agalgrv,No
agapraa,No
agaramr,No
agararp,No
agarhim,Yes
agarhry,No
agarsag,Yes
agarsaz,No
agarscd,No
agarwaf,No
agarwrk,No
agarwrm,Yes
agarwtb,No
aggaadi,No
aggarnl,No
AggartU,No
Aggrata,No
agraswa,No
agrawab,Yes
agrawax,No
agrawch,No
agrawnd,Yes
ahias,No
ahluv,No
AHLUWPA,Yes
ahmeabc,No
ahmedwc,Yes
ahujama,No
ahujish,No
ahujped,No
ahujsti,Yes
aitcane,No
aitkekc,No
Ajibada,No
ajmaniv,No
akbarr,Yes
akhtamc,No
alagem,No
alexaab,No
alidum,No
alinaf,No
allcroj,No
alsalma,Yes
amarr,Yes
ambbc,No
anandbh,Yes
anandm,No
ananssl,Yes
anantmh,Yes
ANANTVA,Yes
anaon,No
ANARGHL,Yes
anchdvy,No
andersd,No
andipan,Yes
annakas,No
Annamvj,Yes
annapab,No
anoora,Yes
ansai,No
AnshkpL,Yes
anumila,No
apoohak,No
app-tsp-terraform,Yes
app-TT-CiBuild,Yes
app-us-git,No
app-zambezici,Yes
arenta,No
arifmd,Yes
arnanik,Yes
arnodap,No
arorac,Yes
arorakh,Yes
arorapm,Yes
ArorhuO,Yes
arorper,No
arorraj,No
arorsay,Yes
arorsbt,No
arorscg,No
arortom,No
arrka,Yes
aruljga,No
arumadh,Yes
arunmr,No
arvavas,Yes
aryain,Yes
aryasb,No
aryaxyr,Yes
ashos,No
aslammj,No
aspins,Yes
asths,Yes
ateeqas,Yes
atkit,No
augusje,Yes
avadv,No
avatrav,No
awass,No
aylakpr,No
baboot,No
Babuja,No
babuls,Yes
bachiyd,Yes
badhwar,No
bailenf,Yes
Bainaj,No
bairdha,No
bajajvc,Yes
bakeraj,No
bakerhb,Yes
balacha,Yes
baladrg,No
balakj,No
balakk,Yes
balakri,Yes
balaldg,Yes
balaman,Yes
balamuz,No
balasnc,Yes
balasue,No
balasya,No
balasyp,No
baldinc,Yes
Ballt,Yes
balsub,Yes
banerah,No
banerju,No
bannigc,Yes
bansaan,Yes
bansalv,Yes
bansamp,No
bansapj,No
bansasq,No
bansgaa,Yes
banssar,No
banssbq,No
baranwg,Yes
Barclca,Yes
bardosc,No
Barneda,No
barpans,Yes
bartonr,No
basal,No
baskj,No
baskp,Yes
batluki,No
batramc,No
BAUMGAS,No
baxtedf,No
BEDIJA,No
beenaa,Yes
begunkk,No
belals,No
beldham,Yes
berndaa,No
berne,No
berryj,Yes
bettera,No
bhadura,No
bhagana,Yes
bhardad,Yes
bhardae,No
bhardmm,No
bhargae,No
bhargap,No
bharkar,No
bharpan,No
bhartdb,No
bhartnz,Yes
bharu,No
bhatiax,Yes
bhatipf,No
bhativa,Yes
bhatjee,No
bhatnak,No
bhatpyh,Yes
bhavser,No
bhayp,No
bhombha,No
bhupan,No
bhutari,Yes
bhutias,No
bickitb,No
bielasa,Yes
Birnikb,Yes
birrje,Yes
biswask,No
bloolis,No
blowver,Yes
blumekb,No
bochuv,No
BODYSA,No
bogdbgy,No
bollad,No
bommver,No
bonched,No
bonhabm,No
bonintj,No
borkoag,Yes
borks,No
borusbk,Yes
boses,Yes
bossutr,Yes
botlar,No
BOWLSTE,No
boyap,Yes
boydmf,No
boylej,Yes
bradw,No
brasia,No
bridgd,No
brijwap,Yes
brins,Yes
broojbb,No
browdaf,No
browjoa,Yes
browr,No
buckleh,No
buddm,Yes
buehlej,Yes
burnnbx,Yes
BURNSIS,Yes
burnssz,No
busolad,Yes
butchrr,Yes
butletd,No
bykoand,Yes
cainsta,Yes
CAMERRE,Yes
CAMPBRE,No
campbva,No
campjyf,No
cannora,Yes
carligc,Yes
carlind,Yes
Carropd,Yes
Cartetj,No
castroo,No
catalrc,Yes
cataroc,No
cerris,No
chandgc,No
chandrd,Yes
chandua,No
chankah,Yes
chanpds,Yes
chantls,Yes
chaocha,No
Chaplip,No
chapsct,No
Charihn,Yes
chatras,Yes
chattaa,Yes
chaudea,No
CHAUDUA,Yes
chauhph,No
chaukpl,Yes
chaumdu,No
chaurrb,Yes
chawama,No
chawlas,No
chawsum,Yes
cheggaa,No
chenvad,No
chhabrn,No
chhinav,Yes
chhiv,Yes
chign,No
chikj,No
chilt,No
chimps,No
chinika,Yes
chintl,Yes
chitm,No
chiucb,Yes
choubhi,Yes
chouyot,No
chriskb,No
chrixgc,Yes
chudm,No
chughi,No
chughpb,No
chunr,Yes
clarjce,Yes
clarrob,Yes
claytog,Yes
clemeag,Yes
cocha,Yes
coganp,No
colemh,No
collama,Yes
connagc,Yes
constau,No
cooprua,No
corcok,No
cordjzp,Yes
cotol,Yes
Courtni,No
cowang,Yes
Craikld,No
crookr,No
crosss,Yes
cruicgc,No
csaji,No
culib,No
cullepc,No
culligs,Yes
culligx,No
cummine,No
cunnacx,Yes
czecha,No
dadhhar,Yes
dandas,No
darakcd,Yes
daripas,Yes
dasbc,No
dasdaa,Yes
dasoarr,Yes
dattcsd,Yes
davimel,No
davispe,No
dayapra,No
daykb,No
ddvvd,No
debem,No
deedwan,Yes
deenkav,Yes
DEEPMRA,No
deina,Yes
delandj,No
Dentj,No
devaesm,Yes
DEVALVK,No
devasr,No
deviusn,No
dhanarf,No
dhanav,No
dhandhx,No
dhanrsm,No
dhans,No
dharsvx,No
dhawanv,Yes
dhillse,Yes
dhinris,No
dhulp,Yes
dhyrc,Yes
diepant,No
dikshra,No
diksrah,No
divak,No
dixiaxk,No
dobrok,No
doncv,No
doppm,No
dorsjon,No
douggdx,Yes
dowiej,No
Dowiere,No
dreyfup,Yes
duavab,Yes
dubeyvd,No
duisj,No
dujocol,No
dukhxsd,Yes
duncaai,Yes
duttavi,No
dwivedv,No
dylda,Yes
eastab,No
ekkuswq,Yes
elangop,No
elankav,No
eldriea,No
elfamda,Yes
ellimng,No
elliscc,No
englaex,No
etherip,No
evanstg,No
ewingl,Yes
exleyk,Yes
ezhiv,No
fanet,Yes
farinel,Yes
farinst,No
farozza,Yes
Farrowa,Yes
farvfaa,No
faulkmc,No
feeneyb,No
feganaa,No
FELIXR,No
fensomc,No
fernang,Yes
Ferriag,No
ficekbf,No
fieldmi,No
filhor,Yes
finchka,No
findcma,No
finlanb,No
finlari,Yes
finlchr,No
fitzdaa,Yes
flavela,Yes
folapor,No
foreo,No
forstet,No
for-teamcity,No
Foxt,Yes
franshs,Yes
frasamk,No
frasjaa,No
fryrab,No
fulkemf,Yes
fx_build,No
gabasag,No
gaikws,No
gairosa,No
gajas,Yes
gajdulj,No
gajulsg,Yes
galard,No
GaleG,No
galha,No
gallamc,No
gambhaa,Yes
ganed,No
ganekgk,No
ganesea,Yes
gangp,No
gangwga,Yes
Gannis,Yes
gargas,Yes
garggif,No
gargm,No
gargmp,No
gargna,Yes
gargpc,Yes
gargsub,Yes
garvija,Yes
gasseda,Yes
gaurakb,No
gedelaq,No
gendrsa,No
gentilp,Yes
georgng,No
georgsk,Yes
gggay,No
ghoshrb,No
Gidugsv,Yes
gigong,Yes
gilljh,Yes
girdroy,Yes
Gizinsl,No
gjonris,No
gnanaja,No
Gnanant,Yes
gnanv,Yes
gochdob,No
GOELAJ,Yes
goelhb,No
goelne,Yes
goelsha,Yes
goeluta,Yes
gojedal,No
gonzalz,Yes
goodcr,No
goodea,No
goodit,No
gopia,No
gorala,Yes
goringp,No
gorkemb,Yes
goulgpr,No
govib,No
goyaans,No
goyahii,No
goyaldb,Yes
goyalr,Yes
grahajd,No
GRANOST,No
Graysg,No
greebar,Yes
greencz,No
grewasc,Yes
grintm,No
grovedc,No
grovesn,No
grovesq,No
guhamd,Yes
guinanp,Yes
gujrjas,No
gulahim,Yes
gularav,No
gulatan,Yes
gulatdf,No
gulatis,Yes
gulyagc,No
gunasnb,No
gupamaa,No
gupasaa,Yes
Guptaa,Yes
guptabs,No
guptals,No
guptanj,No
guptapx,No
guptaqf,No
guptaqw,No
guptatg,Yes
guptcna,No
guptdpk,Yes
guptkva,Yes
guptmbk,No
guptmbr,Yes
guptmcc,No
guptmct,No
guptnns,No
guptpcs,No
guptpct,No
guptrck,No
guptres,No
guptsas,Yes
guptsch,No
guptsee,No
guptsfj,No
guptsgs,No
guptsur,Yes
guptvbw,No
GuptyaA,Yes
gupvara,Yes
gururak,No
gwinngj,Yes
haggaro,Yes
hagymar,Yes
haighca,No
haighg,No
hainaaa,Yes
hainesb,Yes
hairs,No
hallilm,Yes
hamiaas,No
hamilta,No
hamlins,Yes
hammoac,No
hansdab,Yes
hardjac,No
harrild,Yes
Harrimk,No
hasanad,No
hathhcs,No
hawlejb,No
hayac,Yes
haydent,No
Hayra,Yes
hegerkb,No
hemnkar,Yes
hendrsy,No
henrycd,No
herrij,No
hewitiv,Yes
higginag,Yes
higgp,No
hillam,Yes
hilldg,No
hinesra,No
hiranka,No
hitchl,No
hodgsnb,Yes
Hoggfl,No
hollinc,No
honjon,No
hopcrom,No
hopkisc,No
hornsbm,No
houlej,No
huanogy,No
hughjo,No
hughrgy,No
huntjam,Yes
hussaib,No
iavap,No
inanhee,No
indop,No
ipvddev,Yes
ismaisa,No
iswarys,Yes
ivanoac,No
ivanovp,No
iyerl,No
izydmar,Yes
jacksaq,No
jacksjp,No
jagaa,No
jagakke,Yes
Jaina,Yes
jainaav,No
jainafq,No
jainazl,No
jainch,No
jainde,Yes
jaingb,No
jainisa,Yes
jainjsi,No
jainkas,No
jainni,No
jainph,No
jainpii,Yes
jaintb,Yes
jaintya,Yes
jainub,No
JainxyR,No
jaiswaa,Yes
jaiswne,No
jamiemb,Yes
janag,No
janaraj,No
janasm,No
jangrat,Yes
janil,No
jarmanr,Yes
jarvard,No
JarvisS,No
jaskw,No
jayablj,No
jayakun,Yes
jayapsb,Yes
jayarb,No
jayavs,No
jedibuil,No
jesurj,No
jhamaa,Yes
jhasag,No
jindali,Yes
jindapa,Yes
jindree,Yes
johngjb,Yes
johnpej,Yes
johntia,Yes
johshia,Yes
jonegwa,Yes
jonejar,Yes
jonemml,No
jonesdh,Yes
Joneses,No
joshisx,Yes
joshshr,Yes
jothg,Yes
jovanon,Yes
joyclex,No
julkaal,Yes
junijar,Yes
kabib,No
kadirim,No
kaglnan,No
kainhim,Yes
KALAV,Yes
kaliken,No
kalisbk,Yes
kaliykn,Yes
kalln,Yes
kalrad,No
kalrdpk,Yes
kalyyka,Yes
kamad,No
kamawan,Yes
Kanagns,No
kanagr,No
Kanagyt,Yes
kanasat,Yes
kanchan,Yes
kanci,No
kandpmk,No
kangba,Yes
kannahb,No
kannams,Yes
Kannasg,No
kannsbc,Yes
kansaab,No
kansdee,No
kantguk,Yes
kantn,No
kapadaa,No
kaponal,No
kapooaz,Yes
kaptmaz,No
karayee,Yes
kartm,No
karua,Yes
karugou,Yes
kasajan,No
kasem,No
kasheak,Yes
kashslx,No
kashyae,No
katarsh,Yes
katatrh,No
kativyk,No
katyala,No
kaurdep,Yes
kaurgz,Yes
kaurhbc,Yes
kaurjbg,No
kauseps,No
Kaushaa,Yes
kejrh,No
kellydm,Yes
kellymq,No
Kesavkn,Yes
keses,No
keumars,Yes
keyed,No
khandv,No
khanejg,Yes
khankk,Yes
khankmk,No
khanlb,No
KhanmaA,No
khannks,Yes
khannvg,No
Khasbab,No
khatrsc,No
khattm,No
khodthb,Yes
Khoslrl,Yes
khraisr,No
khuraaa,No
Khurkah,No
khwajak,Yes
kierans,No
KINGLEA,Yes
kingsjg,No
kiraksn,No
kirilea,Yes
Kirkskb,Yes
KishorP,Yes
kishv,No
Kissocc,Yes
kleimas,No
klosinj,Yes
kmaray,No
kmarayb,No
kodidha,Yes
kogutm,No
kohlarm,Yes
kohligc,No
kongf,No
konsalv,No
konuadm,No
koppsum,Yes
korlark,Yes
korusoe,Yes
kosevk,No
kothaa,No
koukouc,No
kozhm,No
krasvik,No
krikkkb,No
krisddk,Yes
Krishsv,No
krismbb,No
krisnbb,No
krisnvz,No
Krissva,No
ksbbj,Yes
KUBERPB,No
kuchhaa,No
kukrh,No
kulawmk,No
kumaadd,Yes
kumaags,Yes
kumaakc,No
kumaald,Yes
kumaali,No
kumaalj,No
KUMAAME,No
kumaamt,No
kumaanx,No
kumaaqn,No
kumaarz,Yes
kumaasb,No
kumaasl,No
kumabbt,No
kumacbj,No
kumadbv,Yes
kumadda,No
kumagbh,No
kumahbd,No
kumahbh,No
kumahpx,No
kumajye,Yes
kumakbi,Yes
kumakza,Yes
kumamal,Yes
kumamja,Yes
kumamrt,Yes
kumancw,No
kumandh,No
kumanes,Yes
kumanpa,Yes
kumapgd,No
kumapgl,No
kumapkx,No
kumarir,No
kumarjr,No
Kumarna,Yes
kumarqv,No
kumarqz,No
kumarrw,Yes
kumarsz,Yes
kumasah,Yes
kumascd,Yes
kumasfq,Yes
kumashb,Yes
KumashO,Yes
kumaskh,No
kumaskx,No
kumaspr,No
kumasps,No
kumasqf,No
kumasrl,No
kumasua,Yes
kumasvl,No
kumavod,Yes
kumksab,No
kummaab,No
kummojb,Yes
kumnjaa,No
kumrmha,Yes
kumrvnc,No
kumsati,No
kumsenf,Yes
kumshib,Yes
kumsuzb,No
kuncc,No
kuralvw,No
kushall,Yes
kva,No
kwanvin,Yes
labol,No
lacollt,No
laidlm,No
lakshma,No
laksvee,Yes
LAMBADA,No
lambav,Yes
Lambedp,No
lambeka,No
langab,No
langjf,No
lanngj,Yes
larinl,No
lawraj,Yes
lawreig,No
lebeaum,Yes
leconte,Yes
leesad,Yes
LEESJA,Yes
leggeaa,No
letevab,No
levanb,No
levym,Yes
lewekhj,Yes
lewirib,Yes
lig,Yes
ligua,No
LIMEA,Yes
Lohts,Yes
lyallmd,Yes
lykok,No
lynnc,No
lyonscf,No
mabbf,No
mabbj,No
Mackiae,No
mackiia,Yes
Macleai,Yes
macrd,Yes
madam,No
madanch,Yes
mageacr,No
magojzk,Yes
magollt,Yes
mahajsp,No
mahassr,Yes
mahatn,No
mahena,Yes
mahend,No
mahmasi,No
mahmomj,Yes
mahmv,No
maimblu,No
mairmxm,No
majumac,No
malijtm,No
malikjb,Yes
malisbf,No
malleyk,Yes
mallhwy,No
maloym,No
Manaams,Yes
manesc,No
mantm,No
marsdli,No
Marshak,Yes
martijq,Yes
masondd,Yes
masono,No
matdana,No
mateb,No
mathc,No
matheme,Yes
mathesl,No
mathmoh,Yes
mathurq,No
matinas,No
matuj,No
matuj2,No
mazharn,Yes
mcavj,No
mcbaina,Yes
mcbbb,No
mcbln,No
MCCAMGG,No
mccannm,Yes
Mcconwn,No
mccormr,Yes
mccorqm,No
mccrosp,Yes
Mcgregd,Yes
mcinng,Yes
mckenrm,Yes
mclact,No
mclaf,Yes
mcmillj,No
mcnaidb,No
mcneebr,Yes
mdsbuild,No
meacoen,Yes
meadcoa,No
meenj,No
MEHRAAF,No
mehtadi,No
MEHTKGA,No
merigos,Yes
mewadas,No
meyermm,Yes
MICHAKA,No
michv,No
mikutap,Yes
mirosor,Yes
mirsirk,Yes
mishlok,Yes
mishrav,Yes
mishrdj,No
Mishrdk,Yes
Mishrrc,Yes
mishsaa,Yes
mishyno,No
mittapg,No
mittatt,No
mitthmx,No
mmjbb,No
mmtha,Yes
modiggm,No
mohaabh,No
mohajkt,Yes
mohapai,No
mohasbg,Yes
mohiask,Yes
monguda,No
montgbl,Yes
montjmx,No
moorg,No
Moothsj,No
morbena,No
morgadh,No
MORRIPT,No
morriro,No
mrosest,Yes
mudalp,No
mughalk,No
muirj,Yes
mukart,No
mukhesr,Yes
mukhesz,No
mulir,Yes
mullead,No
Mullesb,Yes
mulqd,No
munia,No
muniyv,No
munjaga,Yes
murama,Yes
muriraj,No
murrpea,No
murthbc,Yes
mussmee,No
muthbgv,Yes
muthjay,Yes
muthkkg,No
muthurs,Yes
Mylrthi,No
naeevid,No
nagabh,No
nagalai,Yes
nagam,Yes
nagaraz,No
nagargc,No
nagarkh,No
NagarpA,No
nagarsl,Yes
nagevap,No
nagrsaa,No
nairsap,Yes
nallamn,Yes
nallhha,No
nandaba,No
nandr,No
naramiq,Yes
narangn,Yes
Narapur,Yes
Narayas,Yes
narrukk,No
narulaa,No
narulva,No
nassnas,Yes
natarnd,No
NATARSB,Yes
natassv,Yes
natavid,No
nathsc,No
nathtaa,No
NAVANEM,Yes
nayakph,No
nayaksu,Yes
nayayee,Yes
negigb,No
nelsomi,No
nguyegb,No
nichnfi,Yes
nichold1,No
nichssa,Yes
niralac,Yes
nirmaab,No
nisbetm,No
nohwara,Yes
nppaa,Yes
nugentb,Yes
oatedmx,No
Obriemh,Yes
odcdev,No
odc_dev,Yes
odedov,No
odettia,Yes
ogunyob,No
ohagann,No
Oharamb,No
okrep,No
omallab,No
omkarb,No
oojbb,No
packrbb,No
pacmana,Yes
padars,No
pahujam,No
pahwasa,No
pakkhoo,Yes
palanmg,Yes
palczek,Yes
paldar,Yes
PALLGTA,No
palrrdv,Yes
palsitr,No
paltaan,Yes
panci,No
pancpra,Yes
panderd,No
pandias,No
pandyso,Yes
pannkkl,Yes
pantrb,Yes
panwars,No
panxb,No
papaana,No
paramoh,Yes
parashr,No
paraskr,No
pareesb,Yes
Parmarr,Yes
partp,Yes
pasarak,Yes
patedaa,No
patedia,No
patepat,No
pathaab,No
patheek,No
patonbc,No
Patram,No
patramb,No
patten,No
pattenn,Yes
paulgs,No
paulpre,No
pazikaa,No
peardpa,No
pecksb,Yes
pemmash,No
pennycl,Yes
perama,No
perecda,No
peril,No
perrinm,No
peruraz,Yes
pezesfa,No
pgbbc,Yes
phelapb,Yes
phillik,No
philpra,No
philray,Yes
piechp,No
pills,No
piuse,No
PLAINNA,No
pobom,No
poddaad,No
polakat,No
ponnavv,Yes
ponnm,Yes
poojer,No
porteom,Yes
Potteac,Yes
Pournad,Yes
pournas,Yes
powells,No
prabhsi,No
prabssh,Yes
prajar,No
Praknbr,Yes
pramr,No
prancej,No
prasasr,No
prataaa,Yes
pratpdp,No
presspm,Yes
priyasm,No
priythy,Yes
pullanm,No
puncua,No
quarjos,Yes
radhasl,No
radhb,No
radhd,Yes
radhm,No
radhvet,Yes
radhy,No
rafigz,No
ragappa,Yes
raghavm,No
raghbhu,No
raghuvb,No
ragmr,No
rahmaab,No
raiaj,No
raipc,No
raissa,No
rajadc,No
rajarvb,Yes
rajarzk,No
rajdac,Yes
RAJENSV,No
RajgeiL,No
rajputg,No
rajussy,No
rajyac,No
ramaaab,Yes
ramabat,No
ramacch,Yes
Ramacmc,No
ramadma,No
ramadp,No
ramagsh,No
ramakpr,Yes
ramalij,No
ramamp,No
RAMANAN,No
ramansn,Yes
ramarcr,Yes
RamavsR,No
ramesbb,No
ramkaa,Yes
ramkir,Yes
ramseak,No
ramseyl,Yes
ranag,Yes
RanapE,No
ranavb,Yes
rangraj,Yes
rangvjy,Yes
ranjana,No
RANRULA,No
raosg,No
rastimi,Yes
rastoae,No
raston,No
rastovc,Yes
raszb,No
RATAKOK,No
rateepa,Yes
ratewar,Yes
rathikc,No
rathjkk,Yes
rathstn,No
rattrah,Yes
ravalmb,No
raviaf,No
ravinis,Yes
ravisan,No
Ravisun,No
ravisv,Yes
ravivaa,No
ravkarc,No
rawataj,No
raymosd,Yes
redddva,Yes
reddsdp,No
reddyrg,No
reddysw,No
reilldb,Yes
relleb,No
rews,Yes
ridgera,No
rilebry,No
rippojc,No
rivev,Yes
Robbigm,No
robercf,No
roberkh,Yes
Robersg,No
robeska,Yes
rochaf,No
rockdr,Yes
Rogerma,No
rogersi,No
rohils,No
rorked,Yes
RossX,Yes
rotolgb,No
royaah,Yes
royran,No
rrrss,No
rughaa,No
rupss,No
rushfol,No
russeib,No
russtmx,No
sabatoc,Yes
sabhk,No
sac,No
sachdev,No
sachdky,No
sachdsh,Yes
sachnju,No
sadas,No
sadrddk,Yes
sagimos,Yes
sahamjj,No
sahapd,No
sahasj,No
sahookb,Yes
sahuabh,No
sahuneh,No
sainisg,No
sainpdm,Yes
samanns,Yes
sandhab,No
sandild,No
sangas,No
sangwan,No
sankakb,No
sankr,No
santsrp,Yes
sarafs,No
saraskb,Yes
sarkasn,No
saseesv,Yes
sasid,No
sathgnh,No
satpatm,No
satungg,No
satyp,No
saunric,No
sawarnr,No
saxengs,Yes
saxenha,No
saxenur,No
saxshab,Yes
sca-net,No
schmils,No
schuttp,No
Scotta,Yes
scottd,Yes
Scottgs,No
sdbbl,No
Sebinag,No
seethas,No
seetssz,No
sekajaa,Yes
sekars,No
selej,No
sellpbs,Yes
selvgna,No
selvgnb,No
sengk,No
sengs,No
senguas,Yes
SENTNAV,No
sents,No
service-bankl,Yes
Service-Bdd-Digital,No
service-cicducd,No
Service-Cmsteamcity,No
service-cpbd-dev,Yes
Service-Dp-Cicd,Yes
Service-Dws-Bb-Prd,No
Service-Fxrates,Yes
Service-lmbd-digital,Yes
Service-Lnd,Yes
Service-Puppet-Cd4pe,No
Service-Refdata-Tc,No
Service-Rmd-Teamcity,No
Service-Sp-Tc,No
Service-Starsc,No
Service-Teamcity_Tfe,No
Service-Usp,No
service-vracstream,No
sesha,No
sethik,Yes
sethkb,Yes
sethsab,Yes
sethsar,No
sgbbg,No
sglbuild,No
shaaadb,No
ShadeeB,Yes
shahdev,No
shahiqs,No
ShahyaM,Yes
shaidil,No
Shaiksg,Yes
shaizws,Yes
shanjaa,Yes
shanmua,No
shansan,No
shanvij,No
sharahr,No
sharanf,No
sharbbb,No
sharcbd,No
shardbs,No
shardvn,Yes
shareep,Yes
sharjal,Yes
sharjay,No
sharlaa,Yes
sharlat,No
sharmpd,No
sharmra,Yes
sharmtn,No
sharmua,Yes
sharmvt,Yes
sharncf,No
sharncg,No
sharnin,No
sharpcz,No
sharrak,Yes
sharrbw,No
sharrsa,Yes
sharrth,No
sharsdf,No
sharshv,No
sharson,No
sharstu,Yes
sharvun,Yes
shasala,No
Shashva,Yes
shavvka,Yes
sheikno,Yes
shifsff,No
shikhak,Yes
shivrm,No
shouem,Yes
shovelm,Yes
shrestr,No
shris,Yes
shuklat,No
shuklaw,No
shuklns,No
sibijfr,No
siddikm,No
siddisp,No
siedd,No
simomos,No
sinakac,Yes
sinania,Yes
sinanub,Yes
sinbala,Yes
SinbhaA,Yes
sindg,No
sindsha,No
singadw,No
singahs,No
singahu,No
singanh,Yes
singcbh,No
singdar,No
singeez,No
singgoa,No
singgvz,No
singhaz,Yes
singhcq,No
singhij,Yes
singhma,No
singhmj,Yes
singhxw,No
singjcd,No
singjch,No
SingjfX,No
singjib,No
singjot,Yes
singjyz,No
singkch,No
singlab,No
singrpr,Yes
singrtk,No
singstk,Yes
singvet,No
singyab,Yes
sinhaal,Yes
sinhu,No
sinjaaa,Yes
sinmanh,No
sinnavb,No
sinrenb,Yes
sinsdaa,No
sisoddi,No
sivagny,Yes
sivahic,Yes
sivaraa,Yes
sivargl,No
sivarrk,No
sivasuq,No
skbbf,Yes
smartg,Yes
smitabc,No
smithbd,Yes
smithcf,No
smithxq,No
smitpsa,Yes
smittae,Yes
solak,No
solana,No
somasud,No
sonissn,No
soodaox,No
sophiae,No
spencjb,No
srbbf,Yes
sriddil,No
srininf,No
SRINIV,No
sriraar,No
sriry,No
srisaka,Yes
srivadh,No
srivara,No
srivavb,No
srivkay,Yes
srivrat,No
srivsbj,No
srivsbm,No
ssdir,Yes
sspwq,Yes
stadema,Yes
stafs,Yes
Stanlpk,No
steadpa,Yes
steinks,No
stepb,No
stephn,No
stewapc,Yes
Stolarp,No
stonemg,Yes
stopfob,No
strom,No
stubpbb,No
subbuk,No
subrsbd,No
sudvb,No
suggarp,No
sukhevk,No
sukums,No
sumansf,No
sumnera,Yes
sundaai,No
sundsbc,No
sunimss,Yes
surekou,No
sureshy,No
svanido,Yes
svc-atsprism-dts,No
svc-caf-dev,Yes
svc-caprice_dts,No
svc-checkpoint,No
svc-ci-sand,No
svc-cpcli_ci_dts,Yes
svc-deltarates_dts,Yes
svc-devhummingbird,Yes
svc-dsp_dts,No
svc-dtsadmin,Yes
svc-ecdbuildapp,No
svc-fire,No
svc-fluid,Yes
svc-glacierci,No
svc-gtrdts,No
svc-icedts_dts,No
svc-LiquidityEngine,No
svc-prd-datafabric,No
svc-prism-build_dts,Yes
svc-rdas-dts,No
svc-riskitsvn,Yes
svc-teamcity_dts,Yes
svc-tlmcol,No
svc-wssci,No
svc-XMartBuild,Yes
svc-zptools,Yes
swanac,Yes
switalp,Yes
szerk,Yes
tabbb,No
talejan,No
tallaps,Yes
taltyg,Yes
tanetap,No
tanges,No
tanwraa,No
tatta,Yes
taylctb,No
tayldty,No
taylocj,No
taylrtb,Yes
teixec,No
Tempeaa,No
thakukc,No
thakusc,Yes
thanabt,No
thansub,Yes
thaprad,No
thayc,Yes
THEOPPA,Yes
Thilsiv,Yes
thirusd,No
thiydee,Yes
thomabc,Yes
thombea,Yes
thorntm,Yes
thoumic,No
thoxdta,No
tiernep,No
tilkor,Yes
tillotd,No
timmimb,Yes
timsonp,No
tittoa,No
tiwaabf,No
tiwarag,No
tlbbc,No
togherj,Yes
tomanyt,No
tomlinn,Yes
tonnema,Yes
towersc,No
townsjc,Yes
trangh,Yes
tripaa,No
tripaap,No
tripatm,Yes
tripsad,Yes
trout,No
TseW,No
tsiapet,No
tulloce,No
turndam,Yes
turnocr,Yes
tyagalo,Yes
tyagirc,Yes
tyagksh,No
tzanngs,No
ubmbb,Yes
uhlimic,Yes
umapmgd,No
umogu,Yes
unnim,No
upadmaa,Yes
upparas,Yes
uppasch,Yes
vadives,Yes
vaithis,No
valuk,Yes
vancec,Yes
vandanz,No
vandd,No
vannsam,No
vanrj,No
varshnk,Yes
vasejcs,No
vasuskt,Yes
vasuxnv,No
vdbbd,No
Vedams,Yes
Veeramt,No
veerman,No
velahkk,No
veldldy,Yes
venganb,Yes
venkapm,No
venkrmt,Yes
venkvij,No
venkvty,Yes
venmada,Yes
vermagc,No
vermame,Yes
Vermane,Yes
vermapj,Yes
vermrah,Yes
vestm,No
victslu,No
viggas,No
VIJAPRA,Yes
vijayan,No
vijaydd,No
vines,No
virmash,No
vishbsh,No
vishv,No
viswshx,Yes
vohrapr,No
voladrs,Yes
voronaa,No
vottai,No
voznp,No
vsbbf,No
vsinsvy,No
vvgwo,Yes
vvvsun,Yes
vyasavy,Yes
walcaam,No
waltwns,No
wangbh,Yes
wangdaa,No
wangj,No
wardad,No
WASSJ,No
wastb,No
weaniel,No
webbgb,No
webbsq,Yes
weirrb,No
whitlr,No
wietrba,Yes
willdbk,Yes
wilsjbf,No
wilsojl,No
WILSONI,No
wilspzl,No
WintonK,No
wnuklip,Yes
wolimlw,No
wonghh,Yes
wonglex,No
woodsg,No
woznib,Yes
wrighsh,Yes
wrightw,No
wyethb,No
xavierm,Yes
yadaral,Yes
yadasil,No
yadavdc,No
yadavdf,No
yadavhd,Yes
yadmaha,Yes
yadsanc,Yes
Yalavnh,No
yapne,Yes
yesur,No
yiankkn,No
yongxfz,Yes
younjjk,No
yumnama,No
yusufhm,Yes
zagrm,No
zaidiag,Yes
zajacm,No
zhangcc,Yes
zouxa,No
