ProjectKey,Groups
AMAUTO,rapp-bitb-fx-administrators:rapp-bitb-fx-developers:rapp-bitb-fx-users
AMENABLEMENTS,rapp-bitb-fx-administrators:rapp-bitb-fx-developers:rapp-bitb-fx-users
AMEXTERNAL,rapp-bitb-fx-administrators:rapp-bitb-fx-developers:rapp-bitb-fx-users
AMFX,rapp-bitb-fx-administrators:rapp-bitb-fx-developers:rapp-bitb-fx-users
AMFXCO,rapp-bitb-fx-administrators:rapp-bitb-fx-developers:rapp-bitb-fx-users
AMFUT,rapp-bitb-futures-administrators:rapp-bitb-futures-developers:rapp-bitb-futures-users:rapp-bitb-fx-administrators:rapp-bitb-fx-developers:rapp-bitb-fx-users
AMSERVICESNET,rapp-bitb-fx-administrators:rapp-bitb-fx-developers:rapp-bitb-fx-users
AMPOSTTRADE,rapp-bitb-fx-administrators:rapp-bitb-fx-developers:rapp-bitb-fx-users
AMPRIME,rapp-bitb-fx-administrators:rapp-bitb-fx-developers:rapp-bitb-fx-users
CFTAUTO,rapp-bitb-fx-administrators:rapp-bitb-fx-developers:rapp-bitb-fx-users
CLARA,rapp-bitb-fx-administrators:rapp-bitb-fx-developers:rapp-bitb-fx-users
CSS,rapp-bitb-fx-administrators:rapp-bitb-fx-developers:rapp-bitb-fx-users
CPTSS,rapp-bitb-fx-administrators:rapp-bitb-fx-developers:rapp-bitb-fx-users
EEP,rapp-bitb-eep-administrators:rapp-bitb-eep-developers
EEPDCI,rapp-bitb-eep-administrators:rapp-bitb-eep-developers
FXBM,rapp-bitb-fx-administrators:rapp-bitb-fx-developers:rapp-bitb-fx-users
FXMP,rapp-bitb-fx-administrators:rapp-bitb-fx-developers:rapp-bitb-fx-users
FXIT,rapp-bitb-fx-administrators:rapp-bitb-fx-developers:rapp-bitb-fx-users
FXL,rapp-bitb-fx-administrators:rapp-bitb-fx-developers:rapp-bitb-fx-users
FXOMS,rapp-bitb-fx-administrators:rapp-bitb-fx-developers:rapp-bitb-fx-users
FXP,rapp-bitb-fx-administrators:rapp-bitb-fx-developers:rapp-bitb-fx-users
FXT,rapp-bitb-fx-administrators:rapp-bitb-fx-developers:rapp-bitb-fx-users
FXUI,rapp-bitb-fx-administrators:rapp-bitb-fx-developers:rapp-bitb-fx-users
FXSAL,rapp-bitb-fx-administrators:rapp-bitb-fx-developers:rapp-bitb-fx-users
FF,rapp-bitb-fx-administrators:rapp-bitb-fx-developers:rapp-bitb-fx-users
FB,rapp-bitb-futures-administrators:rapp-bitb-futures-developers:rapp-bitb-futures-users:rapp-bitb-fx-administrators:rapp-bitb-fx-developers:rapp-bitb-fx-users
FT,rapp-bitb-futures-administrators:rapp-bitb-futures-developers:rapp-bitb-futures-users:rapp-bitb-fx-administrators:rapp-bitb-fx-developers:rapp-bitb-fx-users
GSS,rapp-bitb-fx-administrators:rapp-bitb-fx-developers:rapp-bitb-fx-users
ICH,rapp-bitb-ich-ciq-administrators:rapp-bitb-ich-ciq-developers:rapp-bitb-ich-ciq-users
KS,rapp-bitb-fx-administrators:rapp-bitb-fx-developers:rapp-bitb-fx-users
FXKDB,rapp-bitb-fx-administrators:rapp-bitb-fx-developers:rapp-bitb-fx-users
FT-FDM,rapp-bitb-ft-fdm-administrators:rapp-bitb-ft-fdm-developers:rapp-bitb-ft-fdm-users
MF,rapp-bitb-fx-administrators:rapp-bitb-fx-developers:rapp-bitb-fx-users
NWG,rapp-bitb-fx-administrators:rapp-bitb-fx-developers:rapp-bitb-fx-users
PRIIPS,rapp-bitb-fx-administrators:rapp-bitb-fx-developers:rapp-bitb-fx-users
OPT,rapp-bitb-fx-administrators:rapp-bitb-fx-developers:rapp-bitb-fx-users
PBCLEAR,rapp-bitb-fx-administrators:rapp-bitb-fx-developers:rapp-bitb-fx-users
RBSM,rapp-bitb-fx-administrators:rapp-bitb-fx-developers:rapp-bitb-fx-users
SRSS,rapp-bitb-srss-administrators:rapp-bitb-srss-developers:rapp-bitb-srss-users
SC,rapp-bitb-sc-administrators:rapp-bitb-sc-developers:rapp-bitb-sc-users
SYSTEMX,rapp-bitb-fx-administrators:rapp-bitb-fx-developers:rapp-bitb-fx-users
TNG,rapp-bitb-zambezi-platform-administrators:rapp-bitb-zambezi-platform-developers:rapp-bitb-zambezi-platform-users
TRMCCR,rapp-bitb-trmccr-administrators:rapp-bitb-trmccr-developers:rapp-bitb-trmccr-users
UN,rapp-bitb-un-administrators:rapp-bitb-un-developers:rapp-bitb-un-users
WINENG,rapp-bitb-win-engr-administrators:rapp-bitb-win-engr-developers
XWEB,rapp-bitb-fx-administrators:rapp-bitb-fx-developers:rapp-bitb-fx-users
