Groups,Reposlug
cbis-administrators,
cbis-cid-developers,
cbis-users,
centralised-pricing-developers,
cpb-spe-developers,
dts-administrators,tc_kotlin:project-private-repo-create
dts-developers,
ecomm-infra-project-managers,
foundry-users,
front-officebi-testers,test-automation-xmart
fsl-administrators,rbs.markets.ficc.flow.shared
fsl-developers,rbs.markets.ficc.flow.shared
fsl-project-managers,
fx-administrators,
fx-developers,
fx-project-managers,
fx-testers,
fx-users,
pbb-rcr-users,
prism-cradle-developers,
prism-cradle-readonly-users,
public-private-test-group,project-private-repo-create
public-private-test-group-admin,
pvt-cloud-administrators,
pvt-cloud-developers,
smd-administrators,mdx
smd-developers,mdx
smd-project-managers,
win-engr-administrators,
win-engr-developers,
zambezi-distribution-administrators,
zambezi-distribution-developers,
