Groups,ProjectKey
cbis-administrators,BDDAIE
cbis-cid-developers,BDDAIE
cbis-users,BDDAIE
centralised-pricing-developers,PEL
cpb-spe-developers,ISP
dts-administrators,DT:DTS:IAM:PTP:XMART
dts-developers,DT:DTS
ecomm-infra-project-managers,DEP
foundry-users,RDAS
front-officebi-testers,XMART
fsl-administrators,FSL
fsl-developers,FSL
fsl-project-managers,FSL
fx-administrators,AGILE:AMAUTO:AMENABLEMENTS:AMEXECUTION:TRASH:AMEXTERNAL:AMFX:AMFXCO:AMPRIME:FXIT:MF:NWG
fx-developers,AGILE:AMAUTO:AMENABLEMENTS:AMEXECUTION:TRASH:AMEXTERNAL:AMFX:AMFXCO:AMPRIME:FXIT:MF:NWG
fx-project-managers,AGILE:AMAUTO:AMENABLEMENTS:AMEXECUTION:TRASH:AMEXTERNAL:AMFX:AMFXCO:AMPRIME:FXIT:MF:NWG
fx-testers,AGILE:AMAUTO:AMENABLEMENTS:AMEXECUTION:TRASH:AMEXTERNAL:AMFX:AMFXCO:AMPRIME:FXIT:MF:NWG
fx-users,AGILE:AMAUTO:AMENABLEMENTS:AMEXECUTION:TRASH:AMEXTERNAL:AMFX:AMFXCO:AMPRIME:FXIT:MF:NWG
pbb-rcr-users,RCRTOOLKIT
prism-cradle-developers,RISKMODELS
prism-cradle-readonly-users,RISKMODELS
public-private-test-group,PTP
public-private-test-group-admin,PTP
pvt-cloud-administrators,DTS
pvt-cloud-developers,DTS
smd-administrators,DX
smd-developers,DX
smd-project-managers,DX
win-engr-administrators,WINENG
win-engr-developers,WINENG
zambezi-distribution-administrators,AMDISTRIBUTION
zambezi-distribution-developers,AMDISTRIBUTION
