Projectkey,Repos,Repogroup
ATS,ats-test-harness,
ATS,docs,
ATS,index-template-rm,
ATS,proto-ats-loan-tape,
ATS,todo-demo,
ATS,todo-react,
AC,raml-to-markdown,
AC,raml-to-postman,
AC,simple-camunda-ms,
AC,smart-cash-poc,
AC,ulster-bank,
AC,vertx-sso-authentication,
AC,vertx-zambezi-example,
AGILE,platform-java6,
AGILE,release,
AMAUTO,touchstone-currencypay,
AMAUTO,touchstone-options-xweb,
AMAUTO,touchstone-parent-pom,
AMAUTO,touchstone-regulatory,
AMAUTO,zapi-integration,
AMCOB,amcob-components-productcontainer,internal-opensource-users
AMCOB,amcob-components-radiogroup,internal-opensource-users
AMCOB,amcob-components-repeatable,internal-opensource-users
AMCOB,amcob-components-richheadercomposite,internal-opensource-users
AMCOB,amcob-components-searchbox,internal-opensource-users
AMCOB,amcob-components-statictext,internal-opensource-users
AMCOB,amcob-components-tabnavigator,internal-opensource-users
AMCOB,amcob-components-textarea,internal-opensource-users
AMCOB,amcob-demo,internal-opensource-users
AMCOB,amcob-ez-build-sandbox,internal-opensource-users
AMCOB,amcob-modules-service,internal-opensource-users
AMCOB,amcob-qa-backend,internal-opensource-users
AMCOB,amcob-qa-frontend,internal-opensource-users
AMCOB,amcob-qa-frontend-component,internal-opensource-users
AMCOB,amcob-qa-frontend-smoke,internal-opensource-users
AMCOB,amcob-qa-helpers,internal-opensource-users
AMCOB,amcob-qa-server-integration,internal-opensource-users
AMCOB,amcob-qa-uatsanitytests,internal-opensource-users
AMCOB,amcob-run-config,internal-opensource-users
AMCOB,amcob-server,internal-opensource-users
AMCOB,amcob-utilities-classmanager,internal-opensource-users
AMCOB,amcob-utilities-componentdemogenerator,internal-opensource-users
AMCOB,amcob-utilities-eventhandlers,internal-opensource-users
AMCOB,amcob-utilities-handlebarshelper,internal-opensource-users
AMCOB,amcob-utilities-permissions-manager,internal-opensource-users
ZAPD,d5-demo,internal-opensource-users
ZAPD,d5-service,internal-opensource-users
ZAPD,da-nwb-demo,internal-opensource-users
ZAPD,dd-demo,internal-opensource-users
ZAPD,dd-demo2,internal-opensource-users
ZAPD,dd1-es6,internal-opensource-users
ZAPD,dd11,internal-opensource-users
ZAPD,ddd-demo,internal-opensource-users
ZAPD,demo-11,internal-opensource-users
ZAPD,demo-6,internal-opensource-users
ZAPD,demo-99,internal-opensource-users
ZAPD,demo-aldgate,internal-opensource-users
ZAPD,demo-da,internal-opensource-users
ZAPD,demo-da-standalone,internal-opensource-users
ZAPD,demo-dd-2016,internal-opensource-users
ZAPD,demo-es6,internal-opensource-users
ZAPD,demo-nodejs,internal-opensource-users
ZAPD,demo-ref,internal-opensource-users
ZAPD,demo2,internal-opensource-users
ZAPD,demodemo2017,internal-opensource-users
ZAPD,deshfab-es2015-intro-app,internal-opensource-users
ZAPD,deshfab-intro-app,internal-opensource-users
ZAPD,deshfab-intro-service,internal-opensource-users
ZAPD,deshfab-siteify-2-demo,internal-opensource-users
ZAPD,dev-intro-app,internal-opensource-users
AMDISTRIBUTION,income-data,internal-opensource-users
AMDISTRIBUTION,income-data-extraction-service,
AMDISTRIBUTION,income-deal-search,internal-opensource-users
AMDISTRIBUTION,income-integration-testing,
AMDISTRIBUTION,income-monitor,internal-opensource-users
AMDISTRIBUTION,income-services,
AMDISTRIBUTION,mifid2,internal-opensource-users
AMDISTRIBUTION,mock-server,internal-opensource-users
AMDISTRIBUTION,optimus-service-wrapper,
AMDISTRIBUTION,phoenix-service-wrapper,
AMDISTRIBUTION,rcc-documentation,
AMDISTRIBUTION,rcc-regulation-status,
AMDISTRIBUTION,rcc-regulation-status-v2,
AMDISTRIBUTION,rcc-shared,
AMDISTRIBUTION,regulation-status-services,
AMDISTRIBUTION,sales-mi-service-wrapper,
AMDISTRIBUTION,sample-highcharts,
AMDISTRIBUTION,sds-service-wrapper,
AMDISTRIBUTION,selenium-utils,
AMDISTRIBUTION,server-info,
AMDISTRIBUTION,server-install,
AMDISTRIBUTION,server-release-specs,
AMDISTRIBUTION,services-info,
AMDISTRIBUTION,single-client-view,
AMDISTRIBUTION,vue-webpack-simple-project,
AMENABLEMENTS,enablements-app,
AMENABLEMENTS,enablements-demo-app,
AMENABLEMENTS,enablements-java-parent-pom,
AMENABLEMENTS,form-generator,internal-opensource-users
AMENABLEMENTS,hello-form-generator,internal-opensource-users
AMENABLEMENTS,jmeter-legal-agreement,
AMENABLEMENTS,jmeter-pendingcount,
AMENABLEMENTS,jquery-form-generator,internal-opensource-users
AMENABLEMENTS,legal-acceptance,
AMENABLEMENTS,legal-requirements-app,
AMENABLEMENTS,legals-rest-services,
AMENABLEMENTS,soapclient,
AMENABLEMENTS,sso-rest-service,
AMENABLEMENTS,widget-multi-checkbox,
AMEXECUTION,exec-enablements,internal-opensource-users
AMEXECUTION,exec-event-emitter,internal-opensource-users
AMEXECUTION,exec-feature-flags,internal-opensource-users
AMEXECUTION,exec-form-controls,internal-opensource-users
AMEXECUTION,exec-fxo-ticket-app,internal-opensource-users
AMEXECUTION,exec-i18n,internal-opensource-users
AMEXECUTION,exec-keymap,internal-opensource-users
AMEXECUTION,exec-market-rates-app,internal-opensource-users
AMEXECUTION,exec-notifications,internal-opensource-users
AMEXECUTION,exec-order-ticket,internal-opensource-users
AMEXECUTION,exec-orders-blotter,internal-opensource-users
AMEXECUTION,exec-orders-streaming,internal-opensource-users
AMEXECUTION,exec-orders-update-filters,internal-opensource-users
AMEXECUTION,exec-price-discovery,internal-opensource-users
AMEXECUTION,exec-price-discovery-admin,internal-opensource-users
AMEXECUTION,exec-prices-app,internal-opensource-users
AMEXECUTION,exec-prices-app-controls,internal-opensource-users
AMEXECUTION,exec-sample-app,internal-opensource-users
AMEXECUTION,exec-streaming-status-indicator,internal-opensource-users
AMEXECUTION,exec-svc-trade-splits,
AMEXECUTION,exec-tca-services,internal-opensource-users
AMEXECUTION,exec-trade-service,internal-opensource-users
AMEXECUTION,exec-upload-widget,internal-opensource-users
AMEXECUTION,exec-watch-list-app,internal-opensource-users
AMEXECUTION,exec-zambezi-chart,internal-opensource-users
TRASH,tca-client,
TRASH,tca-client-acceptance,
TRASH,zambezi-chart,
TRASH,zambezi-css,
TRASH,zambezi-enablements,
TRASH,zambezi-grid,
TRASH,zambezi-i18n,
TRASH,zambezi-keymap,
TRASH,zambezi-streaming,
TRASH,zambezi-trading,
AMEXTERNAL,deepmerge-pkg,internal-opensource-users
AMEXTERNAL,des-keystone.pkg,internal-opensource-users
AMEXTERNAL,es5-shim-pkg,
AMEXTERNAL,eslint-plugin-jsx-a11y-pkg,internal-opensource-users
AMEXTERNAL,faker-pkg,
AMEXTERNAL,filesaver-pkg,internal-opensource-users
AMEXTERNAL,fine-uploader-pkg,
AMEXTERNAL,github-api-pkg,internal-opensource-users
AMEXTERNAL,google-libphonenumber-pkg,internal-opensource-users
AMEXTERNAL,grunt-pkg,
AMEXTERNAL,gulp-sass,internal-opensource-users
AMEXTERNAL,handlebars-pkg,
AMEXTERNAL,hellojs-pkg,internal-opensource-users
AMEXTERNAL,highcharts-pkg,
AMEXTERNAL,highlight.js-pkg,internal-opensource-users
AMEXTERNAL,highstock-pkg,
AMEXTERNAL,history-pkg,internal-opensource-users
AMEXTERNAL,html5-polyfills-pkg,
AMEXTERNAL,i18n,internal-opensource-users
AMEXTERNAL,iadfp-pkg,internal-opensource-users
AMEXTERNAL,immutable-pkg,internal-opensource-users
AMEXTERNAL,jquery,
AMEXTERNAL,jquery-cookie-pkg,
AMEXTERNAL,jquery-mask-plugin-pkg,internal-opensource-users
AMEXTERNAL,jquery-pkg,
AMFX,amfx-cash-project-config,internal-opensource-users
AMFX,amfx-charts,internal-opensource-users
AMFX,amfx-charts-rigs,internal-opensource-users
AMFX,amfx-component-construction-kit,internal-opensource-users
AMFX,amfx-date-range-picker,internal-opensource-users
AMFX,amfx-demo-ticket,internal-opensource-users
AMFX,amfx-di-blotter,internal-opensource-users
AMFX,amfx-dispatcher,internal-opensource-users
AMFX,amfx-emir-input,internal-opensource-users
AMFX,amfx-error-parsing,internal-opensource-users
AMFX,amfx-feature-view-manager,internal-opensource-users
AMFX,amfx-fi-swaps,internal-opensource-users
AMFX,amfx-gamma-hedgers-blotter,internal-opensource-users
AMFX,amfx-gamma-hedgers-common,internal-opensource-users
AMFX,amfx-gamma-hedgers-ui,internal-opensource-users
AMFX,amfx-get,internal-opensource-users
AMFX,amfx-gitflow-example,internal-opensource-users
AMFX,amfx-graphql-example,internal-opensource-users
AMFX,amfx-icons,
AMFX,amfx-image-performance-test-rigs,internal-opensource-users
AMFX,amfx-indicative-currency-rates,internal-opensource-users
AMFX,amfx-liquidity-analysis,internal-opensource-users
AMFX,amfx-look-ahead,internal-opensource-users
AMFX,amfx-menu-components,internal-opensource-users
AMFX,amfx-money-markets,internal-opensource-users
AMFXCO,am-token-monitor,internal-opensource-users
AMFXCO,am-toolbar,
AMFXCO,am-tooltip,internal-opensource-users
AMFXCO,am-user-profile,internal-opensource-users
AMFXCO,am-windowing,internal-opensource-users
AMFXCO,amfx-audio-experiments,internal-opensource-users
AMFXCO,amfx-electron-workspaces,
AMFXCO,amfx-hello-css,internal-opensource-users
AMFXCO,amfx-react-mobx-example,internal-opensource-users
AMFXCO,amfx-redirect,internal-opensource-users
AMFXCO,amfx-remob,internal-opensource-users
AMFXCO,amservices-bootam-standalone,internal-opensource-users
AMFXCO,amservices-extended-2fa-standalone,internal-opensource-users
AMFXCO,amservices-ingest-api,
AMFXCO,amservices-ingest-common,
AMFXCO,amservices-ingest-domain,
AMFXCO,amservices-ingest-gss-standalone,internal-opensource-users
AMFXCO,amservices-log-standalone,internal-opensource-users
AMFXCO,amservices-login-standalone,internal-opensource-users
AMFXCO,amservices-sda-standalone,internal-opensource-users
AMFXCO,amservices-settings-standalone,internal-opensource-users
AMFXCO,amservices-twofa,internal-opensource-users
AMFXCO,amservices-twofa-standalone,internal-opensource-users
AMFXCO,amservices-workspaces-openfin-config-standalone,internal-opensource-users
AMFXCO,analytics-toolbar,
AML,maintenance,internal-opensource-users
AML,onboarding-digital-aggregator,internal-opensource-users
AML,run-config-lb,
AML,run-config-lb2,
AML,test-automation-core,
AML,test-automation-lombard,
AML,test-repo,
ZAP,client-system-checker,
ZAP,cpb-create-template-form,internal-opensource-users
ZAP,cpbpoc-run-config,internal-opensource-users
ZAP,css,
ZAP,d3-utils,internal-opensource-users
ZAP,platform_dart-audit,
ZAP,dart-audit,
ZAP,platform_dart-automation,
ZAP,dart-automation,
ZAP,dart-blue-green,internal-opensource-users
ZAP,platform_dart-channels,
ZAP,dart-channels,
ZAP,platform_dart-client,
ZAP,dart-client,
ZAP,dart-configuration,internal-opensource-users
ZAP,platform_dart-core,
ZAP,dart-core,
ZAP,dart-demo,
ZAP,platform_dart-estates,
ZAP,dart-estates,
ZAP,platform_dart-feature-toggles,
ZAP,dart-feature-toggles,
ZAP,dart-flow,internal-opensource-users
ZAP,platform_dart-help,
ZAP,dart-help,
ZAP,platform_dart-icons,
ZAP,dart-icons,
ZAP,platform_dart-instances,
ZAP,dart-instances,
ZAP,platform_dart-login,
ZAP,dart-login,
ZAP,platform_dart-login-client,
ZAP,dart-login-client,
ZAP,platform_dart-lsp,
ZAP,dart-lsp,
ZAP,platform_dart-lsp-client,
ZAP,dart-lsp-client,
ZAP,platform_dart-lsp-service-mock,
ZAP,dart-lsp-service-mock,
ZAP,dart-menu-bar,internal-opensource-users
AMSERVICES,amservices-deployments,internal-opensource-users
AMSERVICES,amservices-discovery-standalone,internal-opensource-users
AMSERVICES,amservices-docs,internal-opensource-users
AMSERVICES,amservices-email,internal-opensource-users
AMSERVICES,amservices-haproxy,
AMSERVICES,amservices-health-check,internal-opensource-users
AMSERVICES,amservices-healthcheck-standalone,internal-opensource-users
AMSERVICES,amservices-hsm,internal-opensource-users
AMSERVICES,amservices-internal-modules-dependency-management-pom,internal-opensource-users
AMSERVICES,amservices-java-parent-pom,internal-opensource-users
AMSERVICES,amservices-jmx,
AMSERVICES,amservices-login-demo,internal-opensource-users
AMSERVICES,amservices-manifest-standalone,internal-opensource-users
AMSERVICES,amservices-maven-server-assemblies,
AMSERVICES,amservices-metrics,internal-opensource-users
AMSERVICES,amservices-neo4j,
AMSERVICES,amservices-neo4j-mapdb-index,internal-opensource-users
AMSERVICES,amservices-neo4j-standalone,internal-opensource-users
AMSERVICES,amservices-parent-pom,internal-opensource-users
AMSERVICES,amservices-permission-set,
AMSERVICES,amservices-permissions-api,
AMSERVICES,amservices-permissions-domain,
AMSERVICES,amservices-permissions-standalone,
AMSERVICES,amservices-scripts,
AMSERVICES,amservices-secureurl-standalone,internal-opensource-users
AMPRIME,margin-call-summary,
AMPRIME,open-positions,
AMPRIME,opts-trade-summary,
AMPRIME,post-trade-shared,
AMPRIME,pre-cleared,
AMPRIME,pre-cleared-summary,
AMPRIME,prime-cache-service,
AMPRIME,prime-client-hierarchy,
AMPRIME,prime-client-hierarchy,
AMPRIME,prime-client-risk-dashboard,internal-opensource-users
AMPRIME,prime-collateral-service,
AMPRIME,prime-column-selector,
AMPRIME,prime-common,
AMPRIME,prime-common-es6,internal-opensource-users
AMPRIME,prime-config,
AMPRIME,prime-counterparty-picker,internal-opensource-users
AMPRIME,prime-cpty-search,internal-opensource-users
AMPRIME,prime-dashboard,
AMPRIME,prime-data-grid,
AMPRIME,prime-fx,
AMPRIME,prime-fx-agent-clear,internal-opensource-users
AMPRIME,prime-fx-cash-ladder,
AMPRIME,prime-fx-client-risk-dashboard,internal-opensource-users
AMPRIME,prime-fx-currency-ladder,internal-opensource-users
AMPRIME,prime-fx-currency-pair,
AMPRIME,prime-fx-deal,
AMPT,zambezi-component,
AMPUPPET,rbs-remote-file,
AMPUPPET,rbs-ruby,
AMPUPPET,rbs-serviceinstaller,
AMPUPPET,rbs-serviceinstaller_common,
AMPUPPET,rbs-serviceinstaller_consul,
AMPUPPET,rbs-serviceinstaller_javastandalone,
AMPUPPET,rbs-serviceinstaller_nodejs,
AMPUPPET,rbs-sonar,
AMPUPPET,rbs-stash,
AMPUPPET,rbs-teamcity,
AMPUPPET,rbs-tomcat,
AMPUPPET,z-services_hiera,
AMPUPPET,z-tools_hiera,
AMTOOLS,artifactory-client,internal-opensource-users
AMTOOLS,artifactory-disk-usage,internal-opensource-users
AMTOOLS,artifactory-property-injection-test,internal-opensource-users
AMTOOLS,artpop,internal-opensource-users
AMTOOLS,async-util,internal-opensource-users
AMTOOLS,automate,internal-opensource-users
AMTOOLS,aws-config,internal-opensource-users
AMTOOLS,bat-puppet,internal-opensource-users
AMTOOLS,browserstack-local,
AMTOOLS,build-agent,internal-opensource-users
AMTOOLS,candidates,
AMTOOLS,canned-response,internal-opensource-users
AMTOOLS,cdn-permissions,internal-opensource-users
AMTOOLS,channel-gateway,internal-opensource-users
AMTOOLS,channel-gateway-config,
AMTOOLS,cloud-token-channel-config-manager,internal-opensource-users
AMTOOLS,consul-catalog-import,internal-opensource-users
AMTOOLS,dart,internal-opensource-users
AMTOOLS,dart-tools,internal-opensource-users
AMTOOLS,dep-check,internal-opensource-users
AMTOOLS,devops-scratchpad,internal-opensource-users
AMTOOLS,discoverhook,
AMTOOLS,dsp-client,internal-opensource-users
AMTOOLS,git-util,internal-opensource-users
AMTOOLS,github-backup-setup,internal-opensource-users
AUT,autbpm-obao-eobao,internal-opensource-users
AUT,autbpm-obao-eobao-r1,
AUT,autbpm-obao-old-repo,
AUT,autbpm-obao-pdfutils,internal-opensource-users
AUT,autbpm-obao-zebraemulator,
AUT,autbpm-shared-mmp,internal-opensource-users
AUT,autbpm-zambesi-bpm,
AUT,browserstackdemo,internal-opensource-users
AUT,temp-rajender,
EBPM,camunda-pia,internal-opensource-users
EBPM,camunda-plugin-template,internal-opensource-users
EBPM,camunda-poc-gatling,internal-opensource-users
EBPM,camunda-poc-hiring-process,internal-opensource-users
EBPM,camunda-poc-ops-tax,internal-opensource-users
EBPM,camunda-poc-pend,internal-opensource-users
EBPM,camunda-poc-pluginui,
EBPM,camunda-poc-sao,internal-opensource-users
EBPM,camunda-poc-sars,internal-opensource-users
EBPM,camunda-poc-security,
EBPM,camunda-poc-standards,internal-opensource-users
EBPM,camunda-poc-zambezi-ui,internal-opensource-users
EBPM,camunda-sa,internal-opensource-users
EBPM,camunda-sa-test,internal-opensource-users
EBPM,camunda-sars,internal-opensource-users
EBPM,camunda-security,internal-opensource-users
EBPM,camunda-survey-plugin,internal-opensource-users
EBPM,camunda-ui-lib,internal-opensource-users
EBPM,camunda-utils,internal-opensource-users
EBPM,camunda-webapp-webjar-ee-shaded,internal-opensource-users
EBPM,camunda-webapp-webjar-ee-shaded-test-shanjaa,
EBPM,channels-onboarding-workflow,internal-opensource-users
EBPM,document-management,internal-opensource-users
EBPM,domain-event-api,internal-opensource-users
EBPM,ecm-rest-adapter,internal-opensource-users
CRCA,optax,
CRCA,pbbcountryincorp,
CRCA,rbsi_marketing_markers,
CRCA,sas_code,
CRCA,team-rca-hackathon,
CRCA,test,
CRCA,trim,
CRCA,unsecuredlending,
CLM,clm-email-server,internal-opensource-users
CLM,clm-email-standalone,internal-opensource-users
CLM,clm-event-domain,internal-opensource-users
CLM,clm-external-server,internal-opensource-users
CLM,clm-ftp-adaptors,
CLM,clm-gcs-feed,
CLM,clm-grdm-interface,
CLM,clm-hub,internal-opensource-users
CLM,clm-incoming-requests,internal-opensource-users
CLM,clm-manage-documents,
CLM,clm-nucleus-interface,internal-opensource-users
CLM,clm-rbam-interface,
CLM,clm-reviews-requests,
CLM,clm-search-facet,internal-opensource-users
CLM,clm-sonic-migration,
CLM,clm-tora-integration,
CLM,clmbvdmigration,
CLM,clmcob-eventerrorlog,internal-opensource-users
CLM,fusion,
CLM,fusion-dms-bulk-upload,
CLM,fusion-events-server,internal-opensource-users
CLM,interim-mi,
CLM,otm-demo,
CLM,sample,
CCB,ihs_static,
CCB,jspr-src,
CCB,oldbankl-src,
CCB,oldbankl-support-src,
CCB,oldcpb-innovation,
CCB,tknms-src,
CPBD,bl-domain-client,
CPBD,bl-java-parent-pom,internal-opensource-users
CPBD,bl-lib-auth,
CPBD,bl-lib-infinispan,
CPBD,bl-lib-log,
CPBD,bl-lib-perf,
CPBD,bl-lib-token,internal-opensource-users
CPBD,bl-local-environment,internal-opensource-users
CPBD,bl-ms-accounts,internal-opensource-users
CPBD,bl-ms-mobile-adapter,internal-opensource-users
CPBD,bl-ms-refdata,internal-opensource-users
CPBD,bl-ms-user,internal-opensource-users
CPBD,bl-perf-log-configurer,internal-opensource-users
CPBD,bl-security,internal-opensource-users
CPBD,bl-web-adapter,internal-opensource-users
CPBD,branch-test,internal-opensource-users
CPBD,bs-api-docs,internal-opensource-users
CPBD,bs-be-templates,internal-opensource-users
CPBD,bs-be-templates-ear,internal-opensource-users
CPBD,bs-cics-templates,internal-opensource-users
CPBD,bulk-payment-template-service,internal-opensource-users
CPBD,card-reader-service-ear,internal-opensource-users
CPBD,card-reader-service-war,internal-opensource-users
CPBD,cics-stubs,internal-opensource-users
CPBD,cics-wsclient-accounts,internal-opensource-users
ZEBRA,obao-digital-security-services,
ZEBRA,obao-rsa-config-test,
ZEBRA,obao-shell,internal-opensource-users
ZEBRA,onboarding,internal-opensource-users
ZEBRA,onboarding-core,internal-opensource-users
ZEBRA,onboarding-proxy,internal-opensource-users
ZEBRA,onboarding-shell,internal-opensource-users
ZEBRA,onboarding-siteify,internal-opensource-users
ZEBRA,onboarding-styles,internal-opensource-users
ZEBRA,onboarding2,internal-opensource-users
ZEBRA,openaccount-api-error-content,internal-opensource-users
ZEBRA,openaccount-config-dev,internal-opensource-users
ZEBRA,openaccount-config-nft,internal-opensource-users
ZEBRA,openaccount-config-prd,internal-opensource-users
ZEBRA,openaccount-config-prd-rbs,internal-opensource-users
ZEBRA,openaccount-config-test,internal-opensource-users
ZEBRA,openaccount-datapower-xg45,internal-opensource-users
ZEBRA,openaccount-rsa-config-03n-nft,internal-opensource-users
ZEBRA,openaccount-rsa-config-04n-nft,internal-opensource-users
ZEBRA,openaccount-rsa-config-22n-nft,internal-opensource-users
ZEBRA,openaccount-rsa-config-24n-nft,internal-opensource-users
ZEBRA,openaccount-rsa-config-dev,internal-opensource-users
ZEBRA,openaccount-rsa-config-nft,
ZEBRA,openaccount-rsa-config-prd,internal-opensource-users
ZEBRA,openaccount-rsa-config-test,internal-opensource-users
CRODA,nodebb-plugin-topic-origin,
CRODA,nodebb-theme-rbs,
CRODA,notification-service,
CRODA,rule-mapping-service,
CRODA,stock-ticker-service,
CRODA,topic-service,
CRODA,user-profile-service,
CAL,micro-service-deployment,
CAL,microservice-admin,
CAL,microservice-base,
CAL,microservice-common,
CAL,microservice-communication,
CAL,microservice-config,
CAL,microservice-discovery,
CAL,microservice-portal,
CAL,microservice-resources,
CAL,microservice-security,
CAL,migration-utility,
CAL,odc-simulator,
CAL,performancetests,
CAL,rbs-collateral-package,
CAL,resources,
CAL,test-repository,
CAL,testingtools,
CA,recp-pipeline-poc,
CA,sentinel_policies,
CA,testing,
CBAP,scanforbugfix,
CBAP,scanningforcobol,
CBAP,scanningfordemo,
CBAP,sonarqubecoding,
CBAP,sonarruleteamcity,
CBAP,sprint-3-rel,
CBAP,sprint-3-release,
CBAP,sprint3-rel,
CBAP,swagger-ui,
CBAP,teamcity,
CBAP,teamcityscanning,
CBAP,teamcityscanningerrorcheck,
CBAP,testingfortopaz,
CBAP,testingtopazunittestcase,
CBAP,topazfortoatltest,
CBAP,topazfortotaltest,
CBAP,topazgit,
CABP,ace.module.feedback,
CABP,ace.module.governancedashboard,
CABP,ace.module.limits,
CABP,ace.module.management,
CABP,ace.module.news,
CABP,ace.module.portfolios,
CABP,ace.module.positions,
CABP,ace.module.pricemanager,
CABP,ace.module.pricemarks,
CABP,ace.module.propderivative,
CABP,ace.module.release,
CABP,ace.module.runs,
CABP,ace.module.strategy,
CABP,ace.module.structuredproducts,
CABP,ace.module.tradingdashboard,
CABP,ace.module.transactions,
CABP,ace.poco,
CABP,ace.poco.blotters,
CABP,ace.poco.crd,
CABP,ace.poco.enquiry,
CABP,ace.poco.loaniqbridge,
CABP,ace.poco.mdx,
CABP,ace.poco.pricemanager,
CABP,ace.poco.qec,
CABP,ace.poco.releasemanager,
CIT,gadhria-intro-app,internal-opensource-users
CIT,gadhria-intro-app1,internal-opensource-users
CIT,gadhria-intro-app2,internal-opensource-users
CIT,gadhria-intro-demo-service,internal-opensource-users
CIT,gadhria-introductory-app,internal-opensource-users
CIT,getgrid,internal-opensource-users
CIT,gudhkak-intro-app,internal-opensource-users
CIT,gudhkak-test-app,internal-opensource-users
CIT,gudhkaktest-intro-app,internal-opensource-users
CIT,hawkipa-intro-app,internal-opensource-users
CIT,hello-world,internal-opensource-users
CIT,kanekaa-gridexample,internal-opensource-users
CIT,kanekaa-hello-resourceful,internal-opensource-users
CIT,kanekaa-intro-app,internal-opensource-users
CIT,kanekaa-intro-service,internal-opensource-users
CIT,kulkjas-aps-poc,internal-opensource-users
CIT,ltr,internal-opensource-users
CIT,prism-gui,internal-opensource-users
CIT,prism-services,internal-opensource-users
CIT,prismservices,internal-opensource-users
CIT,radmanm-intro-app,
CIT,reacttest,
CIT,singavs-intro-app,
CIT,tangsut-test-app,
CIT,tangsut-test-app2,
DESAPI,mfa-svc-mock-r4p,
DESAPI,mfa-svc-performance-test,
DESAPI,mfa-svc-ping-plugin,
DESAPI,mfa-svc-poc,
DESAPI,mfa-svc-rest-client,
DESAPI,mfa-svc-test-service,
DESAPI,mfa-svc-username,
DESAPI,oauth-apis-test-client,
DESAPI,oauth2-client-scripts,internal-opensource-users
DT,teamcity-plugin-des-release,
DT,teamcity-plugin-playground,
DTS,bitbucketiamtest,
DTS,dts-tools-blueprints,
DTS,dts-upgrade,
DTS,dtscrowdsso,
DTS,fecru,
DTS,httptest,
DTS,ie-compat-view-disabled,
DTS,jira-perf-testing,
DTS,jiralinkingtest,
DTS,jira_configs,
DTS,little-jira-helper,internal-opensource-users
DTS,micro-framework,
DTS,microservice-template,
DTS,notification-service,
DTS,playground,
DTS,puppet,
DTS,shell-micro-service,
DTS,sonar-crowd-integration-plugin,
DTS,sonar-measures-service-mock,
DTS,sonar_upgrade_owasp,
DTS,stash-teamcity-push-notification-plugin,
DTS,svn-jira-post-commit-hook,
DTS,svn-micro-service,
DTS,tc_kotlin,dts-administrators
DTS,teamcity-agent-install,
DAL,clmpop,
DAL,cort,
DAL,covenant,
DAL,csdm,
DAL,dal-bookworm-package,
DAL,dal-ccp-package,
DAL,dal-chrsr-package,
DAL,dal-clarity-package,
DAL,dal-clm-package,
DAL,dal-covenant-package,
DAL,dal-crd4-package,
DAL,dal-ddw-package,
DAL,dal-endor-package,
DAL,dal-ert-package,
DAL,dal-ewi-package,
DAL,dal-ftp-package,
DAL,dal-ila-package,
DAL,dal-jedi-package,
DAL,dal-lri-package,
DAL,dal-sdp-package,
DAL,dal-sds-package,
DAL,dal-template-package,
DAL,dal-tlm-package,
DAL,dal-vat-package,
DAL,ddw,
DX,mdx,internal-opensource-users:smd-administrators:smd-developers
BDDAIE,integration-hub,internal-opensource-users
BDDAIE,integration-hub-api,internal-opensource-users
BDDAIE,onboarding,internal-opensource-users
BDDAIE,parquet-writer,internal-opensource-users
BDDAIE,registry_files,
BDDAIE,sas_errors,
BDDAIE,streamsets,
BDDAIE,sz-mortgages,cbis-stash-developers
BDDAIE,tools,
BDDAIE,trifacta,
BDDAIE,zeppelin-notes,
BDDAIE,zk-tests,
EP,deng-rabbitmq-standalone-poc,
EP,deng-sample-ci-pipeline,
EP,deng-sdp-perf-tests,
EP,deng-secret-service,
EP,deng-snow-standalone,internal-opensource-users
EP,deng-test-structure-model,
EP,des-crypt,
EP,des-mongo-library,
EP,des-springboot-vertx-archetype,internal-opensource-users
EP,des-temp-core,
EP,dws-common-library,
EP,dws_cli,internal-opensource-users
EP,ecommercelibrary,
EP,edt,internal-opensource-users
EP,edt-cli,
EP,edt-command,
EP,edt_functionaltest,
EP,encryption-helper,
EP,f5-loadbalancer,
EP,functionaltestlibrary,
EP,geneosconfigapi,
EP,go-ntlm,
EP,hygieia,
EP,jsonvalidator,
EP,jwt-servlets,
DEP,sdp-packer,
DEP,sdp-scripts,
DEP,sdp-terraform,
DEP,splunk-build-config,
DEP,strategic-sdp-terraform,
DEP,vault-server,
DET,tomcat-8.0.36-rhel7_core_build,
EFLEX,jwt-net,internal-opensource-users
EFLEX,lendingreferrals,
EFLEX,manage-user,
EFLEX,overdraft-renewals,
EFLEX,pace,
EFLEX,register-pass,eflex-developers
EFLEX,sample-poc-v1,
EFLEX,test-lending-ref,
EFLEX,wnghermes,
EFLEX,workflow,
ENDEVOR,ek,
ENDEVOR,ektemp,
EDHB,mdm-user-exists,
EDHB,rdmdm-src,
FIDPLAT,frontier-logger,
FIDPLAT,frontier-mi-tiles,
FIDPLAT,frontier-mindcontrol,
FIDPLAT,frontier-mosquitto,
FIDPLAT,frontier-nginx-conf,
FIDPLAT,frontier-node-red,
FIDPLAT,frontier-octopus-api,
FIDPLAT,frontier-openfin-package-dist,
FIDPLAT,frontier-rollout,
FIDPLAT,frontier-service-controller,
FIDPLAT,frontier-setup,
FIDPLAT,frontier-stash-api,
FIDPLAT,frontier-teamcity-api,
FIDPLAT,fsbl-nwm,
FIDPLAT,generator-frontier,
FIDPLAT,ignite-desktop,internal-opensource-users
FIDPLAT,jamiemb-intro-app,internal-opensource-users
FIDPLAT,octopus-backup,
FIDPLAT,plexus,
FIDPLAT,plexus-demo,
FIDPLAT,plexus-interop,
FIDPLAT,plexus-service,
FIDPLAT,reactive-tdx,
FIDPLAT,the-controls-monitor,
FIDPLAT,vsbuildtools,
FXIT,fx.settings,
FXIT,fx.systemx.argonregressiontool,
FXIT,fx.valuation,
FXIT,fxmicropay,
FXIT,fxmicropay.automation-suite,
FXIT,fxmicropay.client-doc-generator,
FXIT,fxmicropay.clientsim,
FXIT,fxmicropay.clientsimnew,
FXIT,fxmicropay.fxmpocsservice,
FXIT,fxmicropay.gateway,
FXIT,fxmicropay.rate-quote-monitor,
FXIT,fxmicropay.sonarmetricplugin,
FXIT,gnn,
FXIT,quickfixn,
FXIT,sfx,
FXIT,sfx.codegen,
FXIT,sfxdemo,
FXIT,tccodepipeline,
FXIT,xadministration,
FSL,flowsales,
FLUID,rbs.markets.ficc.flow.shared,fsl-administrators:fsl-developers
GB,chrisdi_rbs-e2e-test-poc_archive,
GB,chrisdi_table-app,
GB,chrisdi_table-app_archive,
GB,chrisdi_tfxrs-ui,
GB,chrisdi_tfxrs-ui_archive,
GB,chrisdi_webpack-react-sass-app,
GB,chrisdi_webpack-react-sass-app_archive,
GB,cotol_am-migration-day,
GB,cotol_am-migration-day_archive,
GB,cotol_dynamic-routes-poc,
GB,cotol_dynamic-routes-poc_archive,
GB,cotol_static-site-poc,
GB,cotol_static-site-poc_archive,
GB,cotol_websdk-presentation,
GB,cotol_websdk-presentation_archive,
GB,derosaa_xdl-content,
GB,derosaa_xdl-content_archive,
GB,des-mt_docs,
GB,des-mt_docs_archive,
GB,deshfab_automation-demo,
GB,deshfab_automation-demo_archive,
GB,deshfab_button,
GB,deshfab_button_archive,
GB,deshfab_component-specification,
GB,deshfab_component-specification_archive,
HPC,packer,internal-opensource-users
HPC,pagetr-test,
HPC,puppet,
HPC,puppet-bootstrap,
HPC,puppet-webhook,
HPC,python-scripts,
HPC,simple-hdfs-cli,
HPC,splunk-apps,
HPC,splunk-eg-lookups,
HPC,splunk-gridlib-footprint,
HPC,splunk-lifeguard,
HPC,vagrant,
HPC,vagrant-catalog,
HPC,webhook-test,
IAAS,iaas_linux_profile,
IAAS,iaas_linux_rear,
IAAS,iaas_linux_role,
IAAS,iaas_linux_security,
IAAS,iaas_linux_splunkuf,
IAAS,iaas_linux_sshkeys,
IAAS,iaas_linux_tivoli_framework_endpoint,
IAAS,iaas_linux_user_control,
IAAS,iaas_linux_utils,
IAAS,iaas_linux_was,
IAAS,iaas_lvm-tasks,
IAAS,iaas_netgroup_workaround,
IAAS,iaas_onebuild_carcass,
IAAS,iaas_oraclesudo,
IAAS,iaas_pamtally,
IAAS,iaas_serverspec,
IAAS,puppetcontrol,
IAAS,puppetinstaller,
IAAS,resource,
IAAS,saz-sudo,
IAAS,vim-puppet,
ISP,iam-pa-aws-installation,
ISP,iam-pa-conf-automation,cpb-spe-stash-developers
ISP,iam-pa-connectors,
ISP,iam-pa-cwspolicyrule,iam-stash-developers
ISP,iam-pa-installer,iam-stash-administrators
ISP,iam-pa-jws-validator,
ISP,iam-pa-package,
ISP,iam-pd-aim-csp,
ISP,iam-pd-ids-configuration,
ISP,iam-pd-installer,
ISP,iam-pdg-jwt-validator,
ISP,iam-pdg-log-plugin,
ISP,iam-pdp,
ISP,iam-performance,
ISP,iam-pf-adapter-r4p-esp,
ISP,iam-pf-adapter-r4p-idv,
ISP,iam-pf-adapter-r4pc4p,
ISP,iam-pf-config-automation,cpb-spe-stash-developers
ISP,iam-pf-consent-adapter,
ISP,iam-pf-cwstokengenerator,
ISP,iam-pf-datasource-adapter,
ISP,iam-pf-esb-mock-soapui,
ISP,iam-pf-esb-mock-springboot,
ISP,iam-pf-identityx-adapter,
ISP,iam-pf-idx-deregistration-adapter,
ICV,ival,
IIW,iwf_ocr_iwf_main_line,
IIW,iwf_ocr_nt_main_line,
IIW,iwf_ocr_readsoft_main_line,
IIW,iwf_performance_main_line,
IIW,iwf_staffware_main_line,
IIW,iwf_thirdparty_comps_main_line,
IIW,iwf_tower_main_line,
IIW,iwf_ua_main_line,
IIW,iwf_webforms_main_line,
IIW,iwf_wfs_main_line,
IIW,java-app-gradle,
IIW,test,
IIW,test-gradle-app,
IIW,test-maven-java-app,
JEDI,html-sample,
JEDI,jboss5,
JEDI,jedi,
JEDI,jedi-app,
JEDI,jedi-argon,
JEDI,jedi-artifactory-cleanup,
JEDI,jedi-configuration,
JEDI,jedi-lat,
JEDI,jedi-monitor,
JEDI,jedi-node-modules,
JEDI,jedi-perf-test,
JEDI,jedi-server,
JEDI,jedi-server-poc,
JEDI,jedi-service-template,
JEDI,jedi-ui-poc,
JEDI,jedi-user-filter,
JEDI,jedi-wpf,
JEDI,jira-release-maven-plugin,
JEDI,logger,
JEDI,logger,
JEDI,look-ahead,
JEDI,look-ahead,
JEDI,lozenge,
JEDI,lozenge,
JEDI,microservice-builder-service,
JEDI,moment-pkg,
JEDI,moment-pkg,
JEDI,murex-feed-service,
JEDI,murex-feed-service-old,
LENDING,bbc-ms-risk-decision-property,internal-opensource-users
LENDING,bbc-ms-staff,internal-opensource-users
LENDING,bbc-ms-standalone-address,internal-opensource-users
LENDING,bbc-ms-standalone-address-property,internal-opensource-users
LENDING,bbc-ms-standalone-application-management,internal-opensource-users
LENDING,bbc-ms-standalone-application-management-property,internal-opensource-users
LENDING,bbc-ms-standalone-branch-details,internal-opensource-users
LENDING,bbc-ms-standalone-branch-details-property,internal-opensource-users
LENDING,bbc-ms-standalone-callpricingengine,internal-opensource-users
LENDING,bbc-ms-standalone-callpricingengine-property,internal-opensource-users
LENDING,bbc-ms-standalone-common,internal-opensource-users
LENDING,bbc-ms-standalone-eligibility,internal-opensource-users
LENDING,bbc-ms-standalone-eligibility-property,internal-opensource-users
LENDING,bbc-ms-standalone-form,internal-opensource-users
LENDING,bbc-ms-standalone-form-property,internal-opensource-users
LENDING,bbc-ms-standalone-getbranchdetails,internal-opensource-users
LENDING,bbc-ms-standalone-getbranchdetails-property,internal-opensource-users
LENDING,bbc-ms-standalone-getfinancialproductinfo,internal-opensource-users
LENDING,bbc-ms-standalone-getfinancialproductinfo-property,internal-opensource-users
LENDING,bbc-ms-standalone-getpurposeinfo,internal-opensource-users
LENDING,bbc-ms-standalone-getpurposeinfo-property,internal-opensource-users
LENDING,bbc-ms-standalone-persistence,internal-opensource-users
LENDING,bbc-ms-standalone-persistence-property,internal-opensource-users
LENDING,bbconnect-automation-tests,internal-opensource-users
LENDING,bbconnect-datapower,internal-opensource-users
LIQ,le-rdx,
LIQ,le-rdx-30,
LIQ,le-rdx-new,
LIQ,lri-30,
LIQ,lri-automation,
LDA,docker_agentstack,
LDA,lombard-digital-ambit-poc-services,internal-opensource-users
LDA,lombard-digital-static-images,internal-opensource-users
LDA,lombard-react,internal-opensource-users
LTN,lom-trans-oracle-edi,
LTN,lom-trans-oraclegl-etl,
LTN,lom-trans-otp-service,
LTN,lom-trans-parent-pricing-plugin,
LTN,lom-trans-retail-pd-service,
LTN,lom-trans-sba-etl,
LTN,lom-trans-sms-infracast,
LTN,lom-trans-supp-payments,
LTN,lom-trans-unix-common,
LTN,test,
MRX,ui-intern-web,
MRX,ui-sandbox,
MRX,ui-sandbox-mkt-data,
MRX,ui-sandbox-rest-mock,
MRX,ui-sandbox-vartrac,
MOB,openbanking-branch-locator-standalone,
MOB,markdes,
MOB,openbanking-branch-locator-standalone,
MOB,openbanking-branch-locator-standalone,
MOB,openbanking-static-data,
MOB,openbanking-static-data,
MOB,spikes,
MOB,zzz_mobile-model-parent-pom,
MOB,zzz_mobile-model-templates,
MOB,zzz_mobile-refdata-model,
MOB,zzz_mobile-temp-corelocation,
MOB,zzz_mobile-test-resources,
MOB,zzz_mobile-thirdparty-dependency-management-pom,
MF,multifx-client,
MYBENV,co-current-accounts-etb-online-nwb,internal-opensource-users
MYBENV,co-loans-etb-online-nwb,
MYBENV,https-ldn-mybank-ao-api-natwest-uat,internal-opensource-users
MYBENV,jenkins-deploy,
MYBENV,ms-account-nwb,internal-opensource-users
MYBENV,ms-account-rbs,
MYBENV,ms-address-nwb,internal-opensource-users
MYBENV,ms-address-rbs,
MYBENV,ms-application-nwb,internal-opensource-users
MYBENV,ms-branch-nwb,internal-opensource-users
MYBENV,ms-cust-msgs-nwb,internal-opensource-users
MYBENV,ms-customer-nwb,internal-opensource-users
MYBENV,ms-customer-rbs,
MYBENV,ms-decisioning-nwb,internal-opensource-users
MYBENV,ms-decisioning-rbs,
MYBENV,ms-eai-nwb,internal-opensource-users
MYBENV,ms-ebanking-nwb,internal-opensource-users
MYBENV,ms-ekyc-nwb,internal-opensource-users
MYBENV,ms-fulfil-nwb,internal-opensource-users
MYBENV,ms-fulfil-rbs,
MYBENV,ms-pend-nwb,internal-opensource-users
MYBENV,ms-persistence-nwb,internal-opensource-users
MYBENV,ms-product-nwb,internal-opensource-users
MYBENV,ms-service-availability-nwb,internal-opensource-users
MYBENV,ms-service-availability-rbs,
NWG,nwg-run,nwg-stash-developers
NWG,nwg-ui-components,
NWG,pair-programming-test,nwg-stash-developers
NWG,soapui,
NWG,zz_currencypay-calendar-service,
NWG,zz_nwg-admin,
NWG,zz_nwg-broker-ui,
NWG,zz_nwg-login,nwg-stash-developers
NWG,zz_nwg-ui,
OB,apienabler-identity-sync-standalone,internal-opensource-users
OB,apienabler-jwks-client,internal-opensource-users
OB,apienabler-jwks-standalone,internal-opensource-users
OB,apienabler-jws,internal-opensource-users
OB,apienabler-jwt-chain-example-standalone,internal-opensource-users
OB,apienabler-metrics,internal-opensource-users
OB,apienabler-psd2-security-standalone,internal-opensource-users
OB,apienabler-scheduler-spike-poc,internal-opensource-users
OB,apienabler-shared-counter,internal-opensource-users
OB,apienabler-tpp-registration-request-standalone,internal-opensource-users
OB,apienabler-trust-standalone,internal-opensource-users
OB,candidates,
OB,chronicle-queue,internal-opensource-users
OB,openbanking_coming-soon,
OB,coming-soon,internal-opensource-users
OB,docs,internal-opensource-users
OB,git_strategy,internal-opensource-users
OB,index-template-apiportal,internal-opensource-users
OB,index-template-obapinwb,internal-opensource-users
OB,index-template-obapirbs,internal-opensource-users
OB,index-template-obapiubn,
OB,index-template-obblcnwb,internal-opensource-users
OB,index-template-obblcrbs,internal-opensource-users
OB,index-template-obblcubn,internal-opensource-users
OB,index-template-obblcubs,internal-opensource-users
OB,index-template-obebcnwb,internal-opensource-users
PBBWXP,brplt-sai-src,
PBBWXP,brplt-sasss-src,
PBBWXP,brplt-sdl-src,
PBBWXP,brplt-sot-src,
PBBWXP,brplt-src,
PBBWXP,brplt-srv-src,
PBBWXP,brplt-tlr-src,
PBBWXP,brplt-tps-src,
PBBWXP,brplt-uiv-src,
PBBWXP,brplt-util-src,
PBBCCP,ccrds-adeptrafp-dotnetcore,
PBBCCP,ccrds-vrol-bulkdownload,
PBBCCP,ccrds-vrol-src,
PBBCCP,ccrds-vrol-src_sqat_bkp,
PBBCCP,ccrds_tower_setup,
PBBCCP,credit-cards-reflection-workspace,
PBBCCP,itr-working-space-ccrds-acs6-src,
PBBCCP,itr_working_space_ccrds-adeptra,
PBBCCP,testvrol,
PBBCCP,vroltest,
PMSDD,apphost-engine,
PMSDD,apphost-hierarchy,
PMSDD,apphost-incentives,
PMSDD,apphost-local-market-toolkit,
PMSDD,apphost-myfeedback,
PMSDD,apphost-myvoice,
PMSDD,apphost-nwis-dashboard,
PMSDD,apphost-referrals,
PMSDD,apphost-resource-planner,
PMSDD,apphost-sales-viewer,
PMSDD,coachinglibrary,
PMSDD,department-portal,
PMSDD,deployment-scripts,
PMSDD,flint,
PMSDD,git-training,
PMSDD,graphite,
PMSDD,location-intelligence,
PMSDD,mymi-data-science,
PMSDD,mymi2-apphost,
PMSDD,mymi2-applications-actions-and-reminders,
PMSDD,mymi2-applications-cdch,
PMSDD,mymi2-applications-cms-contract-variations,
PMSDD,mymi2-applications-datafeed,
PMSDD,mymi2-applications-direct-mail,
PMSDD,mymi2-applications-hierarchy,
SAOBPM,lb_app_fulfilment,
SAOBPM,lb_app_kyc,
SAOBPM,lb_app_messaging,
SAOBPM,lb_app_postcodesearch,
SAOBPM,lb_app_printing,
SAOBPM,lb_app_printing_2_0_0,
SAOBPM,lb_app_product,
SAOBPM,lb_app_referral,
SAOBPM,lb_app_sao_printing,
SAOBPM,lb_common,
SAOBPM,lb_creditcard,
SAOBPM,lb_creditcardaccountvalidity,
SAOBPM,lb_creditcardaddressconversion,
SAOBPM,lb_creditcardbestaccount,
SAOBPM,lb_creditcarddecisioning,
SAOBPM,lb_creditcardeligibility,
SAOBPM,lb_creditcardgetaccounts,
SAOBPM,lb_creditcardproductlist,
SAOBPM,lb_creditcardserviceavailability,
SAOBPM,lb_custapplbridge,
SAOBPM,lb_customer,
SAOBPM,lb_customermessaging,
SAOBPM,lb_decisioning,
SAOBPM,lb_eai,
SAOBPM,lb_ebanking,
PRISM,sample-app,
PRISM,sample-core,
PRISM,samplegitproject,
PRISM,selenium,
PRISM,selenium-cs,
PRISM,selenium-emr,
PRISM,selenium-rdc,
PRISM,selenium-tuna,
PRISM,tunaweb,
PRISM,wcr,
PRISM,wcr-common,
PRISM,wcr-env-properties,
PRISM,wcr-geneos,
PRISM,wcr-stub,
PRISM,wcr-urils,
PEL,nrobotremote,internal-opensource-users
PEL,nugetreferenceswitcher,internal-opensource-users
PEL,octopus-backup,internal-opensource-users
PEL,octopus-cli,
PEL,pelapplications,internal-opensource-users
PEL,pipeline,internal-opensource-users
PEL,pipeline.aggregation,internal-opensource-users
PEL,pipeline.architecture,internal-opensource-users
PEL,pipeline.automation,
PEL,pipeline.certificates,
PEL,pipeline.datalocator,internal-opensource-users
PEL,pipeline.dataservices,internal-opensource-users
PEL,pipeline.grafana,internal-opensource-users
PEL,pipeline.grouping,internal-opensource-users
PEL,pipeline.gui,internal-opensource-users
PEL,pipeline.hierarchy,internal-opensource-users
PEL,pipeline.influxdb,
PEL,pipeline.limits.web,internal-opensource-users
PEL,pipeline.liquidhedges,internal-opensource-users
PEL,pipeline.monitoring,internal-opensource-users
PEL,pipeline.redis,
PEL,pipeline.schemas,internal-opensource-users
PEL,pipeline.search,internal-opensource-users
PEL,pipeline.web,internal-opensource-users
PEL,planner.api,internal-opensource-users
PRT,apirepocreation,
PRT,manualrepocreation,
PTP,project-private-repo-create,dts-administrators:public-private-test-group
PTP,public-private-internal-opensource-test,internal-opensource-users
PUP,puppetlabs-inifile,
PUP,puppetlabs-lvm,
PUP,puppetlabs-motd,
PUP,puppetlabs-ntp,
PUP,puppetlabs-pe_gem,
PUP,puppetlabs-powershell,
PUP,puppetlabs-puppet_authorization,
PUP,puppetlabs-reboot,
PUP,puppetlabs-registry,
PUP,puppetlabs-stdlib,
PUP,puppetlabs-vcsrepo,
PUP,puppetlabs-wsus_client,
PUP,saz-limits,
PUP,saz-rsyslog,
PUP,veritas_infoscale,
PUP,whatsaranjit-puppet-node_manager,
QCOE,gdpr_accountdb,
QCOE,gdpr_cd,
QCOE,gdpr_cross-core,
QCOE,gdpr_end-to-end,
QCOE,gdpr_rcm,
QCOE,general_maintanence-randd,
QCOE,hosting-services_backoffice-automation,
QCOE,hosting-services_rcm,
QCOE,hosting-services_ves,
QCOE,leagcy_silk_uft_integration,
QCOE,nda_mercury,
QCOE,payments_core---accdb-customerdb-bpp-nap-ai-scale-caustic,
QCOE,payments_cpe,
QCOE,payments_fraud,
QCOE,payments_mefg-regression,
QCOE,payments_mefg-swiftref,
QCOE,payments_open-banking,
QCOE,payments_ptcds,
QCOE,pbb_cards-uat---credit-care,
QCOE,pbb_cards-uat---tci-regression,
QCOE,ptp_adi-monitoring-chaps-legacy,
QCOE,ptp_adi-monitoring-fps,
QCOE,ptp_adi-monitoring-legacy,
QCOE,ptp_adi-monitoring-telephony-testdatageneration,
QCOE,ptp_automation_release-2,
QS,zz-jetty-websocket-example,
QS,zz-mock-quarts-server,
QS,zz-quarts-api-proxy,
QS,zz-quarts-cep-assembly-descriptor,
QS,zz-quarts-cep-parent-pom,
QS,zz-quarts-flink-demo,
QS,zz-quarts-kdb-server,
QS,zz-quarts-parent-pom,
QS,zz-quarts-server-assembly-descriptor,
QS,zz-quarts-server-parent-pom,
QS,zz-quarts-shell,
QS,zz-quarts-sso-client,
QS,zz-quarts-websocket-logging-client,
QS,zz-rates-orders-server,
QS,zz-trades-and-quotes-server,
QS,zz_efx-trade-details-viewer,
QS,zz_eureka-viewer,
QS,zz_rss-client,
RAD,core_midqadmin,
RAD,midq,
RAD,midq-admin,
EQ,eq-ms-core-data,internal-opensource-users
EQ,eq-ms-currency,internal-opensource-users
EQ,eq-ms-deposits,internal-opensource-users
EQ,eq-ms-fx,internal-opensource-users
EQ,eq-ms-notices,internal-opensource-users
EQ,eq-ms-parent-pom,internal-opensource-users
EQ,eq-ms-payment,internal-opensource-users
EQ,eq-ms-skeleton,internal-opensource-users
EQ,eq-ms-transactions,internal-opensource-users
EQ,eq-ms-user,internal-opensource-users
EQ,eq-qa-server,internal-opensource-users
EQ,eq-ssas,internal-opensource-users
EQ,eq-stub-ecommerce,internal-opensource-users
EQ,eq-stub-edc,internal-opensource-users
EQ,eq-stub-puma,internal-opensource-users
EQ,eq-stub-ssas,internal-opensource-users
EQ,eq-stub-tmx,internal-opensource-users
EQ,eq-test-dashboard,internal-opensource-users
EQ,eq-test-data,internal-opensource-users
EQ,eq-test-lib,internal-opensource-users
EQ,eq-test-tools,internal-opensource-users
EQ,eq-ui-auth,
EQ,eq-ui-bootshell,internal-opensource-users
EQ,eq-ui-credmgmt,internal-opensource-users
EQ,eq-ui-demo,internal-opensource-users
RSRAVEN,rce-service-common,
RSRAVEN,risk-calculation-engine-parent-pom,
RSRAVEN,spearmint-backoffice-mock-service,
RSRAVEN,spearmint-content,
RSRAVEN,spearmint-equifax-gateway,
RSRAVEN,spearmint-experian-gateway,
RSRAVEN,spearmint-experiments,
RSRAVEN,spearmint-login,
RSRAVEN,zz_old_lombard-mrd-proxy,
RSRAVEN,zz_old_raven-common-old,
RAPTR,raptr,
RCRTOOLKIT,risk-oda_zambezi-backup,
RCRTOOLKIT,risk-toolkit-parent-common,
RCRTOOLKIT,risk-unsecured-services,
RCRTOOLKIT,risk-unsecured-services-automation,
RCRTOOLKIT,risk-unsecured-services-standalone,
RCRTOOLKIT,risk-unsecured-services-standalone-dummy,
RCRTOOLKIT,risk-unsecured-ui-automation,
RCRTOOLKIT,risk-unsecured-ui-standalone,
RCRTOOLKIT,secure-app-zambezi,
RCRTOOLKIT,splunk-config,
RCRTOOLKIT,test-automation,
RCRTOOLKIT,toolkits-react-starter,
RCRTOOLKIT,unsecured-services,
RDAS,rdas-testing,
RDAS,risk-utilization-client,
RDAS,risk-web,
RDAS,risk-web-server,
RDAS,schema,
RDAS,sink_api,
RDAS,srs,
RDAS,stash-parent,
RDAS,steel,
RDAS,steelj8,
RDAS,steel_test_m,
RDAS,support_tools,
RDAS,tempfolder,
RDAS,test,
RDAS,thrift_query_service,
RDAS,warp,
RISKMODELS,lc-pd,
RISKMODELS,lgd-service,
RISKMODELS,model-services,
RISKMODELS,party-reference,
RISKMODELS,party-staticdata,
RISKMODELS,pf-pd,
RISKMODELS,pm-laf,
RISKMODELS,pm-srr,
RISKMODELS,refdata,
RISKMODELS,release-script,
RISKMODELS,sec-pd,
RISKMODELS,securitization-pd-ui,
RISKMODELS,security-allocation,
RISKMODELS,security-helper,
RISKMODELS,shared,
RISKMODELS,sovereign-grading,
RISKMODELS,tracey,
RISKMODELS,wstest,
RE,riskexplorer,
STBM,cpb,
STBM,emm,
STBM,fls,
STBM,ival,
STBM,ivalfxratecheck-migtoprod,
STBM,ivalutil-migtoprod,
STBM,mifid-migtoprod,
STBM,pbb,
STBM,sftp-client-migtoprod,
STBM,test,
STBM,tstr,
STBM,vector-migrtoprod,
SANDBOX,anandgd-intro-service,internal-opensource-users
SANDBOX,antara-intro-app,internal-opensource-users
SANDBOX,antara-intro-service,internal-opensource-users
SANDBOX,antarasen-intro-app,internal-opensource-users
SANDBOX,antarasen-intro-service,internal-opensource-users
SANDBOX,antarasen2-intro-app,internal-opensource-users
SANDBOX,apache-config-sandbox,internal-opensource-users
SANDBOX,apienabler-trust-standalone,internal-opensource-users
SANDBOX,ar-intro-app,internal-opensource-users
SANDBOX,aroabia-data-standalone,internal-opensource-users
SANDBOX,aroabia-datas-standalone,internal-opensource-users
SANDBOX,aroabia-intr-app,internal-opensource-users
SANDBOX,aroabia-intro-app,internal-opensource-users
SANDBOX,aroabia-intro-application,internal-opensource-users
SANDBOX,aroabia-intro-service,internal-opensource-users
SANDBOX,aroabia-pcf-app,internal-opensource-users
SANDBOX,aroabia-welcome-app,internal-opensource-users
SANDBOX,aroraab-intro-app,internal-opensource-users
SANDBOX,aroracf-intro-app,internal-opensource-users
SANDBOX,arorraj-cert,internal-opensource-users
SANDBOX,arorraj-cert1,internal-opensource-users
SANDBOX,arorraj-data-standalone,internal-opensource-users
SANDBOX,arorraj-intro-app,internal-opensource-users
SANDBOX,arorraj-intro-service,internal-opensource-users
SANDBOX,arorraj-micro-data-standalone,internal-opensource-users
SSO,tools.build,
SSO,tools.contingencylogmonitor,
SSO,tools.history.test,
SSO,tools.infrastructure,
SSO,tools.ldapcertificatesync,
SSO,tools.loggingmonitor,
SSO,tools.pkibulkuserupload,
SSO,tools.powershelltools,
SSO,tools.spikeanalyser,
SSO,tools.splunk,
SSO,tools.symantecusercleanup,
SSO,tools.testdatasynchronizer,
SSO,tools.tokensigningkeygenerator,
SSO,web.apps.autologon,
SSO,web.apps.buv,
SSO,web.apps.logonportal,
SSO,web.apps.manuallogon,
SSO,web.apps.pkiapplet,
SSO,web.apps.ssoa,
SSO,web.services.archive,
SSO,web.services.audit,
SSO,web.services.logging,
SSO,web.services.pkicheckretrofit,
SSO,web.services.rbsmwebservices,
SSO,web.services.registration,
SAOC,ui-rbs-theme-loans,
SAOC,ui-rbs-theme-mta,
SAOC,ui-rbs-theme-template,
SAOS,ms-client-cust-msgs,internal-opensource-users
SAOS,ms-client-customer,internal-opensource-users
SAOS,ms-client-decisioning,internal-opensource-users
SAOS,ms-client-eai,internal-opensource-users
SAOS,ms-client-ebanking,internal-opensource-users
SAOS,ms-client-ekyc,internal-opensource-users
SAOS,ms-client-fulfil,internal-opensource-users
SAOS,ms-client-lib-healthcheck,internal-opensource-users
SAOS,ms-client-lib-response,internal-opensource-users
SAOS,ms-client-lib-rest-helper,internal-opensource-users
SAOS,ms-client-pend,internal-opensource-users
SAOS,ms-client-persistence,internal-opensource-users
SAOS,ms-client-product,internal-opensource-users
SAOS,ms-client-service-availability,internal-opensource-users
SAOS,ms-client-static-data,internal-opensource-users
SAOS,ms-client-switcher,internal-opensource-users
SAOS,ms-cust-msgs,internal-opensource-users
SAOS,ms-customer,internal-opensource-users
SAOS,ms-decisioning,internal-opensource-users
SAOS,ms-eai,internal-opensource-users
SAOS,ms-ebanking,internal-opensource-users
SAOS,ms-ekyc,internal-opensource-users
SAOS,ms-fulfil,internal-opensource-users
SAOS,ms-lib-config,internal-opensource-users
SAOS,ms-lib-exception-handling,internal-opensource-users
SYNDICATE,frs.portal.collateralcalendar,
SYNDICATE,frs.portal.dealmonitor,
SYNDICATE,frs.portal.telemetry,
SYNDICATE,frs.portal.underwriting,
SYNDICATE,frs.shared.sso,
SYNDICATE,frs.sso.v4,
SYNDICATE,frs.users,
SYNDICATE,getlatestbuild,
SYNDICATE,investor_cleanup,
SYNDICATE,issuebook.webservice,
SYNDICATE,issueronboarding,
SYNDICATE,libs,
SYNDICATE,mi_comm_paper,
SYNDICATE,nodeapi,
SYNDICATE,nucleusfeed,
SYNDICATE,o_bostik,
SYNDICATE,packages,
SYNDICATE,rbamissuebook,
SYNDICATE,rbamsyndicate,
SYNDICATE,rbs.dcm.excel,
SYNDICATE,restapisample,
SYNDICATE,roadshow,
SYNDICATE,roadshowinvestormapper,
SYNDICATE,singlesignon,
SYNDICATE,sql,
TACDEV,mdxmdrhousekeeper,
TACDEV,mdxnotifier,
TACDEV,mdxprofilemonitor,
TACDEV,multipurposecalibrator,
TACDEV,netcoresso,
TACDEV,notificationclient,
TACDEV,ocapublisher,
TACDEV,pnlservice,
TACDEV,quotebridge,
TACDEV,ratescalibrator,
TACDEV,regroupmonitor,
TACDEV,risksnapshotservice,
TACDEV,riskytlppublisher,
TACDEV,riverviewmanagementdatabase,
TACDEV,ronnieprices,
TACDEV,scpdatabase_wiptool,
TACDEV,slf,
TACDEV,stalemdxchecker,
TACDEV,tacdevagora,
TACDEV,tacdevcaf,
TACDEV,tacdevcep,
TACDEV,tacdevcommon,
TACDEV,tacdevconfiguration,
TACDEV,tacdevlogging,
TACDEV,tacdevmdx,
TCWEB,java-test,
CFHUB,fvbear,
CFHUB,fxh.ear,
CFHUB,fxh.war,
CFHUB,fxhub_fxmp,internal-opensource-users
CFHUB,mtr,
CFHUB,mtrear,
CFHUB,nucleus,
CFHUB,prabsya-intro-app,internal-opensource-users
CFHUB,prabsya-test,internal-opensource-users
CFHUB,prabsya-test1,internal-opensource-users
CFHUB,prabsya-test5may,internal-opensource-users
CFHUB,prabsya_testing,
CFHUB,rmd,
CFHUB,rmdear,
CFHUB,rmi,
CFHUB,rmi.ejb,
CFHUB,rmiear,
CFHUB,rmi_services,
CFHUB,sample_git,
CFHUB,stp,
CFHUB,test,
CFHUB,testing,
CFHUB,test_1,
CFHUB,valthaa-intro-app,
CFHUB,valthaa-testing,
TLMRECON,anubis,
TPFJ,test-repositary,
TMG,tmo-block-chain,
TMG,tmo-cloud,
TMG,tmo-kpi,
TMG,tmo-rpa,
TMG,ui-ri-stream,
TMG,waltz-arc,
WEBCON,arete-arete-example-aem-theme-theme,internal-opensource-users
WEBCON,arete-articleblogtemplate-component-deprecated,internal-opensource-users
WEBCON,arete-authoringuimodeservice-config,internal-opensource-users
WEBCON,arete-automatedlist-component-deprecated,internal-opensource-users
WEBCON,arete-automatedlist-package,
WEBCON,arete-automatedlist-service-deprecated,internal-opensource-users
WEBCON,arete-banchlocatorauthor-usergroup,
WEBCON,arete-basepage-components---deprecated,internal-opensource-users
WEBCON,arete-blogauthor-component-deprecated,internal-opensource-users
WEBCON,arete-brandhighlightshelf-component-deprecated,internal-opensource-users
WEBCON,arete-business-contentgroup,internal-opensource-users
WEBCON,arete-businessloancalculator-ui-component,internal-opensource-users
WEBCON,arete-cache-flush-and-warm,internal-opensource-users
WEBCON,arete-cache-flush-warm-component-deprecated,internal-opensource-users
WEBCON,arete-cacheparameter-config,internal-opensource-users
WEBCON,arete-cashflowcalculator-component-deprecated,internal-opensource-users
WEBCON,arete-cashflowcalculator-service-deprecated,internal-opensource-users
WEBCON,arete-cashflowcalculator-ui-component-deprecated,internal-opensource-users
WEBCON,arete-components,internal-opensource-users
WEBCON,arete-cookieconsent-component-deprecated,internal-opensource-users
WEBCON,arete-core-design,internal-opensource-users
WEBCON,arete-corporate-contentgroup,internal-opensource-users
WEBCON,arete-cpb-usergroup,internal-opensource-users
WEBCON,arete-credit-docs-usergroup,internal-opensource-users
WEBCON,arete-crxexplorer,internal-opensource-users
WINENG,choco_splunk-forwarder,
WINENG,choco_symantec-netbackup-client,
WINENG,gitdemo,
WINENG,gwd,
WINENG,gws,
WINENG,jk-pe-repo,
WINENG,launchsvc,
WINENG,obmonitor,
WINENG,offline_sug,
WINENG,onebuild.build.diskdriveconfiguration,
WINENG,onebuild.chocolatey,
WINENG,onebuild.chocolatey.utils,
WINENG,onebuild.cyberark,
WINENG,onebuild.framework,
WINENG,onebuild.gel.argonclient,
WINENG,onebuild.maintenance,
WINENG,onebuild.oa.automation,
WINENG,onebuild.packer,
WINENG,onebuild.puppet.hiera,
WINENG,onebuild.puppet.modules.20180824,
WINENG,onebuild.puppet.rolesandprofiles.20181109,
WINENG,onebuild.releases,
WINENG,onebuild.releases.demo,
WINENG,onebuild.webapi,
WINENG,pup,
WISEXEC,service-kpimonitor,
WISEXEC,service-kpimonitor2,
WISEXEC,service-m3,
WISEXEC,service-oms,
WISEXEC,service-planningpoker,
WISEXEC,service-postgresql,
WISEXEC,service-rumjournaler-kdbpersistor,
WISEXEC,service-sonarqube,
WISEXEC,service-strategy,
WISEXEC,service-stressomatic,
WISEXEC,service-tradebooking,
WISEXEC,tool-jira-post-commit-updater,
WISEXEC,util-artifactory-cleanup,
WISEXEC,util-jenkins-job-dsl,
WISEXEC,util-scripts,
WISEXEC,wisexec-parent,
WISEXEC,zz-common-agora-wisexec,
WISEXEC,zz-common-algo-control,
WISEXEC,zz-common-covariance,
WISEXEC,zz-common-cucumber,
WISEXEC,zz-common-erates-grpc,
WISEXEC,zz-common-eventbus-example,
WISEXEC,zz-common-eventbus-wisexec,
WISEXEC,zz-common-instapositions-client,
WISEXEC,zz-common-mercury,
XMART,puppet,
XMART,rdx-security,
XMART,rpt-qlikview,rfb-qlikview-analytics-developers
XMART,rpt-support,
XMART,ssis-shared-fwk-partition-management,
XMART,ssis-template-2012,
XMART,ssis-template-2016,
XMART,ssis-xmart,
XMART,test-automation-xmart,front-officebi-testers
XMART,xmart-beam-job,
XMART,xmart-sso-security,
XMART,xxx-acrhive-bdx-reg-stream,
XMART,xxx-archive-xmartdataload,
ZAM,flyout,internal-opensource-users
ZAM,formatted-amount,internal-opensource-users
ZAM,greenbank-api-app,internal-opensource-users
ZAM,hello-world,internal-opensource-users
ZAM,icons,internal-opensource-users
ZAM,in-viewport,internal-opensource-users
ZAM,index-template-dws,internal-opensource-users
ZAM,index-template-zbcomp,internal-opensource-users
ZAM,keystone,internal-opensource-users
ZAM,keystone-mailer,internal-opensource-users
ZAM,microsite,internal-opensource-users
ZAM,microsite-dist,internal-opensource-users
ZAM,modal,internal-opensource-users
ZAM,natwest-theme,internal-opensource-users
ZAM,nav,internal-opensource-users
ZAM,pager,internal-opensource-users
ZAM,pcf-auth-poc,internal-opensource-users
ZAM,platform_examples-parser,internal-opensource-users
ZAM,platform_icon-builder,internal-opensource-users
ZAM,portfolio-reporting,internal-opensource-users
ZAM,progress-indicator,internal-opensource-users
ZAM,proxy,internal-opensource-users
ZAM,rbs-theme,
ZAM,react-accordion,
ZAM,react-data-grid-toolkit,
MYB,mybank-cao-acceptance-common,internal-opensource-users
MYB,mybank-cao-acceptance-e2e,internal-opensource-users
MYB,mybank-cao-acceptance-ms,internal-opensource-users
MYB,mybank-cao-acceptance-ms-common,internal-opensource-users
MYB,mybank-cao-acceptance-page,internal-opensource-users
MYB,mybank-cao-base,internal-opensource-users
MYB,mybank-cao-custom-errors,internal-opensource-users
MYB,mybank-cao-mock,internal-opensource-users
MYB,mybank-cao-natwest-shell,internal-opensource-users
MYB,mybank-cao-nightwatch-lantern,internal-opensource-users
MYB,mybank-cao-partials,internal-opensource-users
MYB,mybank-cao-run-config,internal-opensource-users
MYB,mybank-cao-shell,internal-opensource-users
MYB,mybank-cao-sit,internal-opensource-users
MYB,mybank-cao-static,internal-opensource-users
MYB,mybank-cao-theme,internal-opensource-users
MYB,mybank-cao-zd,internal-opensource-users
MYB,mybank-components,internal-opensource-users
MYB,mybank-config,internal-opensource-users
MYB,mybank-content,internal-opensource-users
MYB,mybank-core-accounts,internal-opensource-users
MYB,mybank-core-authentication,internal-opensource-users
MYB,mybank-core-base,internal-opensource-users
MYB,mybank-core-build,internal-opensource-users
MYB,mybank-core-components,internal-opensource-users
MS,ao-ms-bpmpoc-reference,internal-opensource-users:mybank-stash-developers:mybank-stash-users
MS,ao-ms-bpmpoc-standalone-client,internal-opensource-users
MS,ao-ms-bpmpoc-standalone-common,internal-opensource-users
MS,ao-ms-client-common,internal-opensource-users
MS,ao-ms-client-customer,internal-opensource-users
MS,ao-ms-common,internal-opensource-users
MS,ao-ms-docs-ui,internal-opensource-users
MS,ao-ms-ebanking,internal-opensource-users
MS,ao-ms-idscanpoc-integration,internal-opensource-users
MS,ao-ms-lib-encryption,internal-opensource-users
MS,ao-ms-mcs,internal-opensource-users
MS,ao-ms-persistence,internal-opensource-users
MS,ao-ms-sb,internal-opensource-users
MS,ao-ms-sb-address,internal-opensource-users
MS,ao-ms-sb-common,internal-opensource-users
MS,ao-ms-sb-form,internal-opensource-users
MS,ao-ms-sb-persistence,internal-opensource-users
MS,ao-ms-standalone,internal-opensource-users
MS,ao-ms-standalone-account,internal-opensource-users
MS,ao-ms-standalone-address,internal-opensource-users
MS,ao-ms-standalone-client,internal-opensource-users
MS,ao-ms-standalone-common,internal-opensource-users
MS,ao-ms-standalone-customer,internal-opensource-users
MS,ao-ms-standalone-customer-communications,internal-opensource-users
MS,ao-ms-standalone-ebanking,internal-opensource-users
TES,test-repo,kaus-test-group
