ProjectKey,Groups
ASP_U,aml-sam8-stash-administrators:aml-sam8-stash-developers
ATS,ats-stash-administrators:ats-stash-developers
AC,accelerator-stash-administrators:accelerator-stash-developers
AGILE,fx-administrators:fx-developers:fx-project-managers:fx-testers:fx-users
AMAUTO,fx-administrators:fx-developers:fx-project-managers:fx-testers:fx-users
AMCOB,cob-stash-administrators:cob-stash-developers:cob-stash-users
ZAPD,am-platform-stash-administrators:am-platform-stash-developers:zapd-stash-administrators:zapd-stash-developers
AMDISTRIBUTION,am-dist-stash-administrators:am-dist-stash-developers:am-dist-stash-users:zambezi-distribution-administrators:zambezi-distribution-developers
AMENABLEMENTS,fx-administrators:fx-developers:fx-project-managers:fx-testers:fx-users
AMEXECUTION,fx-administrators:fx-developers:fx-project-managers:fx-testers:fx-users
TRASH,fx-administrators:fx-developers:fx-project-managers:fx-stash-developers:fx-testers:fx-users
AMEXTERNAL,am-platform-stash-administrators:am-platform-stash-developers:am-platform-stash-users:fx-administrators:fx-developers:fx-project-managers:fx-testers:fx-users
AMFX,fx-administrators:fx-developers:fx-project-managers:fx-testers:fx-users
AMFXCO,fx-administrators:fx-developers:fx-project-managers:fx-testers:fx-users
AML,lombard-stash-administrators:lombard-stash-developers:lombard-stash-users
ZAP,am-platform-stash-administrators:am-platform-stash-developers:am-platform-stash-testers:am-platform-stash-users
AMSERVICES,am-platsvcs-stash-administrators:am-platsvcs-stash-developers:am-platsvcs-stash-users
AMPRIME,fx-administrators:fx-developers:fx-project-managers:fx-testers:fx-users
AMPT,am-tech-stash-administrators:am-tech-stash-developers:am-tech-stash-users
AMPUPPET,am-tech-stash-administrators:am-tech-stash-developers:am-tech-stash-users
AMTOOLS,am-tech-stash-administrators:am-tech-stash-developers:am-tech-stash-users
AP,
AP_T,
AUT,enterprisewide-onboarding-stash-administrators:enterprisewide-onboarding-stash-developers
EBPM,bpm-enabler-stash-administrators:bpm-enabler-stash-developers
CRCA,root-cal-stash-administrators:root-cal-stash-develoeprs
CLM,clm-stash-administrators:clm-stash-developers:clm-stash-users
CCB,cpb-cct-bankline-stash-administrators:cpb-cct-bankline-stash-developers
CPBD,cpb-dgtl-stash-administrators:cpb-dgtl-stash-developers
ZEBRA,zebra-stash-administrators:zebra-stash-developers
CRODA,fin-tech-stash-administrators:fin-tech-stash-developers
CAL,calypso-stash-administrators:calypso-stash-developers:calypso-stash-users
CA,
CBAP,cbap-stash-administrators:cbap-stash-developers
CABP,cabpt-stash-administrators:cabpt-stash-developers
CIT,cit-stash-administrators:cit-stash-developers:cit-stash-users
DESAPI,desapi-stash-administrators:desapi-stash-developers:desapi-stash-users
DT,dts-administrators:dts-developers
DTS,dts-administrators:dts-developers:pvt-cloud-administrators:pvt-cloud-developers
DAL,
DX,smd-administrators:smd-developers:smd-project-managers:smd-stash-administrators:smd-stash-developers
BDDAIE,cbis-administrators:cbis-cid-developers:cbis-stash-administrators:cbis-stash-developers:cbis-users
EP,ecom-infraprj-stash-administrators:ecom-infraprj-stash-developers
DEP,ecom-infraprj-stash-administrators:ecom-infraprj-stash-developers:ecomm-infra-project-managers
DET,ecom-infraprj-stash-administrators:ecom-infraprj-stash-developers
EFLEX,eflex-stash-administrators:eflex-stash-developers
ENDEVOR,
EDHB,enterprise-data-hub-stash-administrators:enterprise-data-hub-stash-developers:enterprise-data-hub-stash-users
FIDPLAT,fidplat-stash-administrators:fidplat-stash-developers
FXIT,fx-administrators:fx-developers:fx-project-managers:fx-testers:fx-users
FSL,fsl-administrators:fsl-developers:fsl-project-managers:fsl-stash-administrators:fsl-stash-developers
FLUID,fluid-stash-administrators
GB,am-platform-stash-administrators:am-platform-stash-developers
HPC,hpc-stash-administrators:hpc-stash-developers
IAAS,virtualisation-eng-stash-administrators:virtualisation-eng-stash-developers
ISP,cpb-spe-developers:cpb-spe-stash-developers:iam-stash-administrators:iam-stash-developers
IAM,dts-administrators
ICV,
IIW,
JEDI,jedi-stash-administrators:jedi-stash-developers:jedi-stash-users
LENDING,credit-stash-administrators:credit-stash-developers:credit-stash-users
LIQ,
LDA,lombard-stash-administrators:lombard-stash-developers
LTN,ssemt-stash-administrators:ssemt-stash-developers
MRX,mrx-stash-administrators:mrx-stash-developers
MOB,mob-stash-administrators:mob-stash-developers:mob-stash-users
MF,fx-administrators:fx-developers:fx-project-managers:fx-testers:fx-users
MYBENV,mybenv-stash-administrators:mybenv-stash-developers:mybenv-stash-users
NWG,fx-administrators:fx-developers:fx-project-managers:fx-testers:fx-users
OB,ob-stash-administrators:ob-stash-developers:ob-stash-users
PBBWXP,pbb-wxp-stash-administrators:pbb-wxp-stash-developers
PBBCCP,pbb-cc-stash-administrators:pbb-cc-stash-developers
PMSDD,pbb-mi-sdd-stash-administrators:pbb-mi-sdd-stash-developers
SAOBPM,pbb-sao-bpm-stash-administrators:pbb-sao-bpm-stash-developers
PRISM,prism-stash-developers:prs-stash-administrators:prs-stash-developers
PEL,centralised-pricing-developers:pel-stash-administrators:pel-stash-developers
PRT,internal-opensource-users
PTP,dts-administrators:public-private-test-group:public-private-test-group-admin
PUP,virtualisation-eng-stash-administrators:virtualisation-eng-stash-developers
QCOE,test-deployment-stash-administrators:test-deployment-stash-developers
QS,quarts-stash-administrators:quarts-stash-developers:quarts-stash-users
RAD,
EQ,eq-stash-administrators:eq-stash-developers:eq-stash-users
RSRAVEN,prism-stash-administrators:prism-stash-developers
RAPTR,mart-stash-administrators:mart-stash-developers
RCRTOOLKIT,pbb-rcr-stash-administrators:pbb-rcr-stash-developers:pbb-rcr-users
RDAS,foundry-stash-administrators:foundry-stash-developers:foundry-stash-users:foundry-users
RISKMODELS,prism-cradle-developers:prism-cradle-readonly-users:prism-stash-administrators:prism-stash-developers
RE,ir-exotics-hybrids-stash-administrators:ir-exotics-hybrids-stash-developers
STBM,
SANDBOX,sandbox-stash-administrators:sandbox-stash-developers:sandbox-stash-users
SSO,sso-stash-administrators:sso-stash-developers
SAOC,mybank-stash-administrators:mybank-stash-developers:mybank-stash-users
SAOS,mybank-stash-administrators:mybank-stash-developers:mybank-stash-users
SYNDICATE,bond-syndicate-stash-administrators:bond-syndicate-stash-developers
TACDEV,ir-exotics-hybrids-stash-administrators:ir-exotics-hybrids-stash-developers
TCWEB,
CFHUB,tech-serv-stash-administrators:tech-serv-stash-developers
TLMRECON,
TPFJ,
TMG,stopit-stash-administrators:stopit-stash-developers:stopit-stash-users
WEBCON,web-conc-stash-administrators:web-conc-stash-developers:web-conc-stash-users
WINENG,win-engr-administrators:win-engr-developers
WISEXEC,centralised-pricing-stash-administrators:centralised-pricing-stash-developers:wisdom-stash-administrators:wisdom-stash-developers
XMART,dts-administrators:front-officebi-stash-administrators:front-officebi-stash-developers:front-officebi-testers
ZAM,zambezi-stash-administrators:zambezi-stash-developers:zambezi-stash-users
MYB,mybank-stash-administrators:mybank-stash-developers:mybank-stash-users
MS,mybank-stash-administrators:mybank-stash-developers:mybank-stash-users
TES,
