ProjectKey,Groups
AGILE,fx-administrators:fx-developers:fx-project-managers:fx-testers:fx-users
AMAUTO,fx-administrators:fx-developers:fx-project-managers:fx-testers:fx-users
AMENABLEMENTS,fx-administrators:fx-developers:fx-project-managers:fx-testers:fx-users
AMEXECUTION,fx-administrators:fx-developers:fx-project-managers:fx-testers:fx-users
AMFX,fx-administrators:fx-developers:fx-project-managers:fx-testers:fx-users
AMFXCO,fx-administrators:fx-developers:fx-project-managers:fx-testers:fx-users
AMPRIME,fx-administrators:fx-developers:fx-project-managers:fx-testers:fx-users
DT,dts-administrators:dts-developers
DTS,dts-administrators:dts-developers:pvt-cloud-administrators:pvt-cloud-developers
FXIT,fx-administrators:fx-developers:fx-project-managers:fx-testers:fx-users
IAM,dts-administrators
MF,fx-administrators:fx-developers:fx-project-managers:fx-testers:fx-users
NWG,fx-administrators:fx-developers:fx-project-managers:fx-testers:fx-users
PRT,internal-opensource-users
PTP,dts-administrators:public-private-test-group:public-private-test-group-admin
WINENG,win-engr-administrators:win-engr-developers
